// Rajinikanth image converted for Arduino + ST7789 240x135 TFT
// Source: cropped to 16:9, resized to 240x135, RGB565

#ifndef RAJINI_180X180_RGB565_H
#define RAJINI_180X180_RGB565_H

#include <stdint.h>

const uint16_t image_data[240 * 135] = {
  0x8D45, 0x8D25, 0x8D45, 0x95A6, 0x9DC6, 0x9DC6, 0xA5E6, 0xA5E6, 0xAE27, 0xBE68, 0xBEA8, 0xC6C9,
  0xD72B, 0xDF4D, 0xD72D, 0xB62B, 0x6C26, 0x3AE3, 0x32A4, 0x2AC5, 0x2AA5, 0x2AA4, 0x2A84, 0x2A84,
  0x2AA4, 0x2AA5, 0x2AC5, 0x22A5, 0x22A4, 0x2AA5, 0x2AC5, 0x2AE5, 0x3326, 0x3B66, 0x3366, 0x3346,
  0x3325, 0x3325, 0x3346, 0x3B66, 0x3B66, 0x43A7, 0x4BE8, 0x4BE8, 0x4C28, 0x5448, 0x5448, 0x74EA,
  0xAE4F, 0xC6D0, 0xD711, 0xCEF0, 0xADEC, 0x9529, 0x8D48, 0x9568, 0x9588, 0x9567, 0x9567, 0x9567,
  0x9567, 0x9587, 0xA5C8, 0xAE2A, 0xB66B, 0xB66B, 0xAE0B, 0xA5EB, 0xA5EB, 0xAE0C, 0xBE6D, 0xC68D,
  0xC6AE, 0xC6AE, 0xCEAE, 0xCECE, 0xCEAE, 0xCEAE, 0xCEAE, 0xCECE, 0xCEAE, 0xCEAE, 0xCE8D, 0xCEAD,
  0xCE8C, 0xC66B, 0xBE4B, 0xBE4C, 0xBE4B, 0xC66C, 0xC66C, 0xC66C, 0xBE2B, 0xB60A, 0xB60A, 0xAE0A,
  0xB62B, 0xB64B, 0xBE6B, 0xBE6B, 0xC64B, 0xC66B, 0xC66C, 0xCEAC, 0xCEAC, 0xCEAC, 0xD6CC, 0xD6EC,
  0xD6CC, 0xCECB, 0xD6CB, 0xD6CB, 0xD6CB, 0xD6CB, 0xD6CB, 0xD6CC, 0xD6CC, 0xD6CC, 0xD6ED, 0xDF0E,
  0xDF0F, 0xE750, 0xEF72, 0xEF73, 0xF7B5, 0xF7B6, 0xFFB7, 0xFFD8, 0xFFD9, 0xFFDA, 0xFFDB, 0xFFDC,
  0xFFDC, 0xFFDD, 0xFFDD, 0xFFFD, 0xFFDD, 0xFFDD, 0xFFDD, 0xFFDD, 0xFFDC, 0xFFDB, 0xFFFA, 0xDF54,
  0x95A9, 0x6CA4, 0x5C63, 0x64A2, 0x6CE2, 0x8DC5, 0xB669, 0xCF0F, 0xDF75, 0xDF56, 0xDF56, 0xDF56,
  0xDF36, 0xDF36, 0xDF36, 0xD735, 0xD735, 0xCF15, 0xCF15, 0xCF35, 0xCF15, 0xCF14, 0xCF14, 0xC6F4,
  0xC714, 0xC6F4, 0xC6F5, 0xCEF5, 0xCEF5, 0xCF15, 0xCF15, 0xCEF5, 0xCF15, 0xCF15, 0xC6D4, 0xC6B4,
  0xCED4, 0xCEB4, 0xC694, 0xC673, 0xC673, 0xCE73, 0xCE94, 0xD6B5, 0xD6D5, 0xD6D4, 0xDEF4, 0xE715,
  0xE735, 0xDF15, 0xD714, 0xCEF4, 0xC6D4, 0xBE94, 0xB694, 0xB673, 0xB673, 0xAE52, 0xB672, 0xBEB3,
  0xC6F4, 0xCF14, 0xCF35, 0xCF14, 0xCEF4, 0xC6F4, 0xC6F4, 0xC6F4, 0xC6D3, 0xC6D3, 0xBED2, 0xB691,
  0xB671, 0xAE50, 0xA610, 0xA610, 0xA630, 0xAE50, 0xBE8F, 0xC6CF, 0xCEEE, 0xD70E, 0xD72E, 0xDF2F,
  0xE74F, 0xDF0E, 0xD6EC, 0xCEAC, 0xBE2A, 0xAE09, 0xAE29, 0xB62A, 0xBE8B, 0xC6AC, 0xD711, 0xFFFB,
  0x9DA7, 0x9DA7, 0xA5E7, 0xA607, 0xA607, 0xAE48, 0xAE48, 0xAE27, 0xAE47, 0xB668, 0xBEA8, 0xC6C9,
  0xCF2B, 0xD74C, 0xDF6D, 0xDF8E, 0xC6CD, 0x8509, 0x4343, 0x32C5, 0x2AE6, 0x2AC5, 0x2AC5, 0x2AA4,
  0x2AC5, 0x2AA5, 0x2AA5, 0x2AA5, 0x2AA4, 0x2AA5, 0x2AC5, 0x2AE5, 0x2AE5, 0x3305, 0x3346, 0x3346,
  0x3346, 0x3346, 0x3346, 0x3B66, 0x3B86, 0x3BA7, 0x43C7, 0x43E7, 0x4C08, 0x4C28, 0x5448, 0x6489,
  0x8D8C, 0xB66F, 0xBE90, 0xAE0E, 0x952A, 0x84C8, 0x8D29, 0x9DAA, 0xADEB, 0xB62C, 0xBE4D, 0xC66D,
  0xC68D, 0xCEAE, 0xCECE, 0xC6AD, 0xBE6D, 0xB64C, 0xB62C, 0xADEB, 0xADEB, 0xADEB, 0xAE0B, 0xB62C,
  0xBE6D, 0xC68D, 0xCEAE, 0xCECE, 0xCECE, 0xCEAE, 0xD6CE, 0xD6EF, 0xDEEF, 0xDF10, 0xDF10, 0xDF0F,
  0xD6CE, 0xCE8C, 0xBE4C, 0xBE2B, 0xBE2B, 0xBE2B, 0xBE2B, 0xB62B, 0xADEA, 0xADEA, 0xAE0A, 0xADEA,
  0xAE0B, 0xAE0A, 0xB62A, 0xBE4B, 0xBE4B, 0xBE6B, 0xC66C, 0xC66C, 0xCE6C, 0xCEAC, 0xCECC, 0xD6CC,
  0xCECC, 0xCECB, 0xCEAB, 0xD6CB, 0xD6EC, 0xD6CB, 0xCEAB, 0xCEAB, 0xCEAB, 0xCE8B, 0xCE8B, 0xCEAC,
  0xCEAD, 0xDEEE, 0xDF10, 0xE731, 0xE751, 0xEF73, 0xF795, 0xF7B7, 0xFFD8, 0xFFD9, 0xFFDA, 0xFFDB,
  0xFFDC, 0xFFDC, 0xFFDC, 0xFFDC, 0xFFDC, 0xFFDC, 0xFFDC, 0xFFDC, 0xFFDB, 0xFFFA, 0xE796, 0x9DCA,
  0x6CA3, 0x5C83, 0x5C62, 0x64C2, 0x7D43, 0xA626, 0xC6CB, 0xDF51, 0xE776, 0xDF56, 0xDF56, 0xDF56,
  0xDF36, 0xDF36, 0xD736, 0xD716, 0xD735, 0xCF35, 0xCF15, 0xCF15, 0xCF15, 0xCF15, 0xCF15, 0xCEF5,
  0xCF15, 0xCF15, 0xCEF5, 0xCEF5, 0xCED4, 0xCED5, 0xCEF5, 0xCEF5, 0xCEB4, 0xC673, 0xBE53, 0xC674,
  0xCEB5, 0xD6B5, 0xD6B5, 0xCE74, 0xCE74, 0xD674, 0xCE74, 0xD675, 0xD695, 0xCE54, 0xD694, 0xD6B4,
  0xD6B4, 0xD6B4, 0xD6F4, 0xCED4, 0xC6B4, 0xC6B4, 0xBE94, 0xB673, 0xB673, 0xB673, 0xB693, 0xC6F4,
  0xCF35, 0xCF14, 0xCF14, 0xCEF4, 0xC6D3, 0xBEB3, 0xBED3, 0xC6D3, 0xBED3, 0xBEB2, 0xB692, 0xB671,
  0xAE51, 0xAE31, 0xA610, 0xAE30, 0xAE50, 0xB670, 0xBEAF, 0xCECE, 0xCEEE, 0xD70E, 0xD72E, 0xDF2F,
  0xDF0E, 0xD6ED, 0xCEAC, 0xBE4B, 0xB62A, 0xAE0A, 0xA60A, 0xAE2A, 0xBE8B, 0xC6AC, 0xCED0, 0xF7DC,
  0xA5E7, 0xA5E7, 0xA5E7, 0xA5E7, 0xA607, 0xAE48, 0xAE48, 0xAE67, 0xAE67, 0xAE67, 0xBEA8, 0xBEA9,
  0xCF0A, 0xD72B, 0xD74C, 0xDF6D, 0xEFAF, 0xDF2F, 0x9549, 0x4345, 0x32E5, 0x2AE5, 0x2AA5, 0x2AC5,
  0x2AC5, 0x2AA5, 0x2AA5, 0x2AC5, 0x2AC5, 0x32E6, 0x3326, 0x3326, 0x3B67, 0x3346, 0x3B46, 0x3346,
  0x3346, 0x3346, 0x3B46, 0x3B86, 0x3B87, 0x3B87, 0x3BA7, 0x43C7, 0x4C08, 0x4C28, 0x5469, 0x64A9,
  0x6CCA, 0x854B, 0x8D4C, 0x850A, 0x7CC9, 0x7CC9, 0x84EA, 0x954B, 0xA58B, 0xB60D, 0xBE6E, 0xC68E,
  0xC6AF, 0xCEAF, 0xCEAF, 0xC68E, 0xBE4E, 0xB62D, 0xB64D, 0xB62C, 0xB62C, 0xB60C, 0xAE0B, 0xB62B,
  0xBE4C, 0xC6AD, 0xCEAE, 0xCECE, 0xCECE, 0xCEAE, 0xD6CF, 0xDF10, 0xE751, 0xEF73, 0xEF73, 0xEF72,
  0xE730, 0xD6CE, 0xC64C, 0xB62B, 0xB62B, 0xADEB, 0xAE0B, 0xADEA, 0xADCA, 0xADEA, 0xA5EA, 0xA5EA,
  0xAE0A, 0xAE0A, 0xB60A, 0xBE4B, 0xBE4B, 0xBE4B, 0xBE6C, 0xBE4B, 0xBE6C, 0xC66C, 0xC68C, 0xCEAC,
  0xCEAC, 0xD6CC, 0xD6AC, 0xD6CC, 0xD6CC, 0xCEAB, 0xCEAB, 0xCE8B, 0xCE8B, 0xC68B, 0xC68B, 0xC68B,
  0xC68C, 0xCEAD, 0xD6CE, 0xDF0F, 0xE730, 0xE751, 0xEF73, 0xF794, 0xFFB6, 0xFFD8, 0xFFD9, 0xFFDA,
  0xFFDB, 0xFFDB, 0xFFDC, 0xFFDC, 0xFFDC, 0xFFDC, 0xFFDC, 0xFFDC, 0xFFDB, 0xFFF9, 0xC6B0, 0x74C5,
  0x6483, 0x5C62, 0x5C82, 0x7523, 0x95C5, 0xAE67, 0xCF0C, 0xDF73, 0xE756, 0xDF56, 0xDF56, 0xD755,
  0xD756, 0xD736, 0xD736, 0xD735, 0xD735, 0xD735, 0xD735, 0xCF15, 0xCF15, 0xCF14, 0xCEF5, 0xC6D4,
  0xBE93, 0xCEB5, 0xC694, 0xCED5, 0xD6F5, 0xC694, 0xC694, 0xD6F6, 0xD6F5, 0xD6B5, 0xD6D6, 0xD6B5,
  0xDEF6, 0xE737, 0xF779, 0xF778, 0xF759, 0xF759, 0xFF79, 0xF77A, 0xF77A, 0xF77A, 0xF77A, 0xEF39,
  0xDED6, 0xD695, 0xCE94, 0xC694, 0xC674, 0xC694, 0xBE74, 0xB653, 0xB653, 0xBEB4, 0xBED4, 0xCF15,
  0xCF15, 0xCEF4, 0xC6D4, 0xBED3, 0xBEB3, 0xB693, 0xB692, 0xBEB2, 0xB692, 0xB692, 0xB672, 0xB672,
  0xAE72, 0xAE51, 0xA631, 0xAE31, 0xAE50, 0xB670, 0xBEAF, 0xCECE, 0xD6EE, 0xD70E, 0xD70E, 0xDF2E,
  0xD70E, 0xD6CD, 0xC68C, 0xB62B, 0xA5EA, 0x9DCA, 0x9DA9, 0xA5CA, 0xB62B, 0xB64B, 0xBE6F, 0xF7DC,
  0x9DA6, 0x9DC6, 0x9DE6, 0x9DC5, 0x9DC5, 0x9DC6, 0x9DE6, 0xA606, 0xA626, 0xA646, 0xAE67, 0xB667,
  0xBEA9, 0xC6E9, 0xC6EA, 0xD70B, 0xDF4C, 0xE76E, 0xDF2F, 0x84E8, 0x3B24, 0x2AE5, 0x2AC5, 0x2AC5,
  0x32E6, 0x32C6, 0x2AC5, 0x2AC5, 0x32E6, 0x3346, 0x3B67, 0x3B66, 0x3B87, 0x3B87, 0x3B87, 0x3B66,
  0x3B66, 0x3B66, 0x3B66, 0x3B86, 0x3B87, 0x3B87, 0x3BA7, 0x43E8, 0x4C08, 0x4C28, 0x5469, 0x64AA,
  0x64AA, 0x6CAA, 0x6CAA, 0x6CA9, 0x6CA9, 0x6CA9, 0x74C9, 0x850A, 0x956B, 0xA5CC, 0xB62D, 0xBE6E,
  0xBE8E, 0xBE8E, 0xBE8E, 0xC68F, 0xBE6E, 0xBE4E, 0xBE6D, 0xBE6D, 0xBE6D, 0xBE4D, 0xBE4C, 0xBE6C,
  0xC68D, 0xCEAE, 0xCEAE, 0xCECE, 0xCECE, 0xCECF, 0xD6F0, 0xE752, 0xF794, 0xF795, 0xF795, 0xF794,
  0xEF72, 0xDEEF, 0xC66D, 0xBE2C, 0xAE0B, 0xADEB, 0xA5EB, 0xA5CA, 0xA5CA, 0xA5EA, 0xA5CA, 0xADEA,
  0xAE0A, 0xB60A, 0xB62B, 0xBE4B, 0xBE4B, 0xBE4B, 0xBE4B, 0xBE4B, 0xBE4B, 0xBE4C, 0xBE6B, 0xCEAC,
  0xCEAC, 0xD6CC, 0xD6CC, 0xD6CC, 0xD6CC, 0xD6AC, 0xCEAB, 0xCE8B, 0xC66B, 0xC68B, 0xC68B, 0xC68C,
  0xC68C, 0xC68C, 0xCEAE, 0xD6EF, 0xDF10, 0xE731, 0xEF72, 0xEF73, 0xF795, 0xFFB6, 0xFFB8, 0xFFD9,
  0xFFDA, 0xFFDA, 0xFFDB, 0xFFDB, 0xFFDB, 0xFFDB, 0xFFDB, 0xFFDB, 0xFFDA, 0xEF96, 0x9D8A, 0x6463,
  0x6483, 0x5C83, 0x6CE3, 0x8DC5, 0x9E06, 0xB668, 0xCF2F, 0xDF74, 0xE756, 0xDF56, 0xDF56, 0xD735,
  0xD755, 0xD756, 0xD735, 0xD735, 0xD735, 0xD735, 0xD735, 0xD736, 0xCF15, 0xCED5, 0xCEF6, 0xCED5,
  0xC674, 0xC674, 0xCE74, 0xC654, 0xD695, 0xD6D5, 0xDEF6, 0xD695, 0xC653, 0xD695, 0xE6D6, 0xF717,
  0xFF18, 0xEE96, 0xE634, 0xE614, 0xEE56, 0xEE97, 0xEEF8, 0xFF7B, 0xFFBD, 0xFFDD, 0xFFDD, 0xFFDD,
  0xFFDD, 0xF75A, 0xDED8, 0xD696, 0xC614, 0xBDF3, 0xB5F2, 0xB5D2, 0xB633, 0xBE94, 0xC6B4, 0xCEF5,
  0xCF15, 0xCEF4, 0xC6D4, 0xBED4, 0xBEB3, 0xBEB3, 0xB693, 0xB693, 0xB672, 0xB672, 0xB672, 0xB672,
  0xB672, 0xAE51, 0xAE51, 0xAE51, 0xAE51, 0xB650, 0xBE8F, 0xCECF, 0xCECE, 0xD6EE, 0xDF2F, 0xDF2F,
  0xDF2E, 0xD6CD, 0xC64B, 0xB60B, 0x9DCA, 0x9589, 0x8D48, 0x9549, 0x9DAA, 0x9D8A, 0xA5AD, 0xF7BC,
  0x9DC6, 0x9DE6, 0x9DE6, 0x9DE6, 0x9DC5, 0x95A5, 0x9DC5, 0x9DC5, 0x9DC5, 0x9DC5, 0x9DE5, 0xA606,
  0xAE46, 0xB667, 0xBEA8, 0xC6E9, 0xD72B, 0xDF4D, 0xEFAF, 0xBE8C, 0x53A5, 0x32C5, 0x32C6, 0x2AE5,
  0x3306, 0x3306, 0x32E6, 0x32E6, 0x3B26, 0x3B67, 0x3B87, 0x3B87, 0x3B87, 0x3B87, 0x3B87, 0x3B87,
  0x3B87, 0x3B87, 0x3B87, 0x3B87, 0x3B87, 0x3BA7, 0x3BA7, 0x43C8, 0x43E8, 0x4C08, 0x5449, 0x648A,
  0x6489, 0x6489, 0x64A9, 0x6489, 0x6488, 0x6488, 0x6CC9, 0x7D0A, 0x8D2A, 0x9D8B, 0xA60C, 0xAE4E,
  0xB66E, 0xBE6E, 0xBE6E, 0xBE6E, 0xBE8F, 0xBE6E, 0xBE6E, 0xC68E, 0xC68E, 0xC68E, 0xC66D, 0xC68D,
  0xCECE, 0xD6CE, 0xD6CF, 0xD6EE, 0xCECE, 0xD6CF, 0xDF10, 0xEF53, 0xF795, 0xF796, 0xF796, 0xF795,
  0xEF73, 0xDF10, 0xCEAE, 0xBE4C, 0xADEB, 0xA5EA, 0xA5EA, 0xA5CA, 0xA5CA, 0xADCA, 0xADEA, 0xB60B,
  0xB60C, 0xBE2C, 0xC66D, 0xC68D, 0xC66C, 0xBE2B, 0xB62B, 0xB60B, 0xB60B, 0xB60B, 0xBE4C, 0xC68C,
  0xCEAC, 0xCEAC, 0xD6CC, 0xD6CC, 0xD6AC, 0xD6AC, 0xCEAB, 0xCE8B, 0xC68B, 0xC68B, 0xC68B, 0xC66B,
  0xC66B, 0xC68C, 0xCE8D, 0xD6CF, 0xDEF0, 0xDF10, 0xE752, 0xEF73, 0xF794, 0xF795, 0xFF97, 0xFFB8,
  0xFFD9, 0xFFD9, 0xFFDA, 0xFFDB, 0xFFDB, 0xFFDA, 0xFFDB, 0xFFDA, 0xFFD9, 0xD733, 0x84E6, 0x5C42,
  0x6483, 0x64A3, 0x7D44, 0x95E6, 0xA626, 0xC6AA, 0xDF52, 0xDF55, 0xDF56, 0xDF35, 0xD735, 0xD735,
  0xD735, 0xD736, 0xD735, 0xD736, 0xD736, 0xCED4, 0xCED5, 0xCEF5, 0xC694, 0xB613, 0xADD2, 0xADD2,
  0xBE33, 0xBE13, 0xC634, 0xCE74, 0xCE74, 0xCE74, 0xCE54, 0xC613, 0xDEB5, 0xEF37, 0xEED7, 0xDDF3,
  0xD551, 0xD4F0, 0xD510, 0xD531, 0xDD93, 0xE615, 0xE636, 0xE698, 0xEEB9, 0xEEFA, 0xEF3B, 0xF75B,
  0xF77C, 0xF75C, 0xEF3A, 0xEF3A, 0xDEB8, 0xD635, 0xCE14, 0xC5F3, 0xBE13, 0xBE73, 0xC6B4, 0xCEF4,
  0xCF15, 0xC6F4, 0xC6D4, 0xC6D4, 0xBEB3, 0xBE93, 0xB693, 0xB673, 0xB673, 0xB693, 0xB692, 0xB672,
  0xAE72, 0xAE72, 0xAE51, 0xAE51, 0xAE50, 0xB64F, 0xB66F, 0xC6AE, 0xD6EF, 0xDF30, 0xE771, 0xE751,
  0xE751, 0xDF10, 0xC68D, 0xAE0B, 0x9DAA, 0x8549, 0x8508, 0x8508, 0x8529, 0x8508, 0x954C, 0xEFBC,
  0xA607, 0x9E06, 0x9E06, 0x9DE6, 0x9E06, 0xA606, 0xA606, 0xA606, 0xA5E6, 0xA5E6, 0xA606, 0xA606,
  0xA606, 0xAE47, 0xB667, 0xBEA8, 0xC6C9, 0xD70B, 0xDF4C, 0xDF6E, 0x9529, 0x3AC4, 0x32C5, 0x2AE5,
  0x3326, 0x3B26, 0x3B26, 0x3B47, 0x3B67, 0x4367, 0x4388, 0x4387, 0x4387, 0x3B87, 0x3B87, 0x3B87,
  0x4387, 0x3BA7, 0x43A7, 0x3BA7, 0x3BA7, 0x43A7, 0x43C7, 0x43A7, 0x43C7, 0x4BE8, 0x5408, 0x5449,
  0x5448, 0x5C68, 0x6489, 0x5C89, 0x5C88, 0x5C88, 0x6488, 0x74C9, 0x84E9, 0x854A, 0x95AC, 0xA60D,
  0xAE2D, 0xB64E, 0xB66E, 0xB66E, 0xBE6E, 0xBE8E, 0xC68E, 0xCECF, 0xD6CF, 0xD6EF, 0xD6CF, 0xD6CE,
  0xD6EF, 0xD6EF, 0xD6EF, 0xD6EE, 0xCECE, 0xD6CF, 0xDF10, 0xEF73, 0xF795, 0xF796, 0xFFB6, 0xF7B6,
  0xEF74, 0xDF11, 0xCEAE, 0xC66D, 0xBE2C, 0xB60C, 0xB60B, 0xAE0B, 0xADEB, 0xB60B, 0xBE4D, 0xC68E,
  0xD6D0, 0xDF11, 0xE732, 0xDF31, 0xD6CF, 0xC66D, 0xB60B, 0xB60B, 0xB62B, 0xB60B, 0xBE4B, 0xC68C,
  0xC68C, 0xCEAC, 0xCEAC, 0xD6CC, 0xD6CC, 0xCEAC, 0xCEAB, 0xCE8B, 0xCE8B, 0xCEAC, 0xC66B, 0xBE4B,
  0xC66C, 0xC68C, 0xCEAE, 0xD6CF, 0xDEF0, 0xDF10, 0xE732, 0xEF73, 0xF794, 0xF795, 0xF797, 0xFFB7,
  0xFFD8, 0xFFD9, 0xFFD9, 0xFFDA, 0xFFDA, 0xFFDA, 0xFFDA, 0xFFD9, 0xFFD8, 0xCEF1, 0x7CE5, 0x6483,
  0x6483, 0x6CC3, 0x8D85, 0x9E05, 0xB668, 0xD72E, 0xDF74, 0xDF55, 0xDF56, 0xDF35, 0xD735, 0xD735,
  0xD735, 0xD735, 0xD735, 0xD715, 0xCED5, 0xCED5, 0xC674, 0xA5B1, 0xA571, 0xAD92, 0xA571, 0xA571,
  0xAD71, 0xAD72, 0xB5D3, 0xC614, 0xC634, 0xB591, 0xC5D2, 0xE6D6, 0xEED7, 0xE635, 0xCD52, 0xC48F,
  0xC48E, 0xD4AF, 0xDD10, 0xDD31, 0xDD53, 0xDD94, 0xE5D5, 0xDDF6, 0xE616, 0xE637, 0xE678, 0xE6B9,
  0xE6DA, 0xF75B, 0xEF1A, 0xE6FA, 0xE6B9, 0xD636, 0xD615, 0xD635, 0xC614, 0xBE13, 0xBE53, 0xC693,
  0xCF15, 0xC6D4, 0xC6D4, 0xBED4, 0xBEB3, 0xB6B3, 0xB693, 0xB673, 0xB693, 0xBEB3, 0xBE92, 0xB692,
  0xB672, 0xB672, 0xAE72, 0xAE51, 0xAE50, 0xB690, 0xBEB0, 0xCECF, 0xD710, 0xE752, 0xEF54, 0xEF54,
  0xEF54, 0xEF53, 0xCED0, 0xADED, 0x954A, 0x8529, 0x8D4A, 0x8D4A, 0x8509, 0x7CC8, 0x8D2C, 0xEFBC,
  0xA607, 0x9DE6, 0x9DE6, 0xA606, 0xA627, 0xAE27, 0xA626, 0xAE26, 0xAE26, 0xAE46, 0xB647, 0xB667,
  0xB667, 0xB687, 0xB687, 0xBE87, 0xBE88, 0xBEA9, 0xCF0B, 0xE78E, 0xCECE, 0x5BA5, 0x32C4, 0x3305,
  0x3326, 0x3326, 0x3B47, 0x3B67, 0x3B87, 0x3B87, 0x43A8, 0x43A8, 0x43A7, 0x43A7, 0x3B87, 0x3B87,
  0x3BA7, 0x43A7, 0x43A7, 0x43C7, 0x43A7, 0x4387, 0x4387, 0x4387, 0x43A7, 0x4BC7, 0x4BE8, 0x4C08,
  0x5428, 0x5448, 0x5C69, 0x5C89, 0x5C89, 0x5C68, 0x6468, 0x6CA8, 0x74A8, 0x7CE9, 0x8D4B, 0x95AC,
  0x9DCD, 0xA5ED, 0xAE2E, 0xAE0D, 0xB64E, 0xBE6E, 0xCEAE, 0xD6F0, 0xDF10, 0xDF10, 0xDF10, 0xD6EF,
  0xD6CF, 0xD6EF, 0xD6CF, 0xD6CE, 0xCECE, 0xDEEF, 0xE731, 0xEF73, 0xF795, 0xFFB6, 0xFFB6, 0xFFB5,
  0xEF73, 0xDEF0, 0xD6AE, 0xCECF, 0xD6EF, 0xD6EF, 0xDEF0, 0xD6CF, 0xCE8E, 0xD6CF, 0xDF10, 0xE732,
  0xEF94, 0xFFD6, 0xFFD7, 0xF7B6, 0xEF53, 0xD6EF, 0xBE2C, 0xB60B, 0xB60B, 0xB62B, 0xBE4C, 0xBE6C,
  0xC66C, 0xCEAC, 0xCEAC, 0xCECC, 0xCEAC, 0xCEAC, 0xCEAB, 0xC6AC, 0xC68B, 0xC68C, 0xBE4B, 0xBE4B,
  0xC68C, 0xCEAD, 0xD6CF, 0xD6D0, 0xDF10, 0xE711, 0xEF32, 0xEF53, 0xF794, 0xEF75, 0xF796, 0xFFB7,
  0xFFB8, 0xFFB8, 0xFFB9, 0xFFD9, 0xFFD9, 0xFFD9, 0xFFD9, 0xFFB9, 0xF7D8, 0xCED0, 0x7CE4, 0x5C63,
  0x6483, 0x7D04, 0x9DC5, 0xAE46, 0xBECB, 0xDF52, 0xDF55, 0xDF55, 0xDF56, 0xD735, 0xD735, 0xD735,
  0xD735, 0xD735, 0xD736, 0xCED4, 0xBE33, 0xB612, 0x9D50, 0xA571, 0xA551, 0xA531, 0x9D11, 0x8C4E,
  0x7BED, 0x8C0D, 0x946E, 0x9CAF, 0xB531, 0xC572, 0xD5F4, 0xDDD3, 0xC4F0, 0xBC6F, 0xC46F, 0xCCAF,
  0xCCCF, 0xCCD0, 0xD4F0, 0xD511, 0xD532, 0xD532, 0xD573, 0xDDB5, 0xE616, 0xE5F6, 0xE658, 0xEEFA,
  0xEF1A, 0xF75C, 0xEF3B, 0xEEFA, 0xEEDA, 0xE698, 0xDE37, 0xCDF5, 0xCE15, 0xC5F3, 0xB5B2, 0xB5F2,
  0xBE73, 0xC6D4, 0xC6D4, 0xC6D4, 0xBEB3, 0xB693, 0xB694, 0xB693, 0xB6B3, 0xBE93, 0xBEB3, 0xC6D3,
  0xBEB3, 0xB693, 0xB672, 0xB672, 0xB671, 0xBE91, 0xCEF1, 0xCEF0, 0xD6F1, 0xE754, 0xEF75, 0xEF76,
  0xEF55, 0xE754, 0xCEB1, 0xADED, 0x958B, 0x9DAC, 0xA5ED, 0xA5EC, 0x958B, 0x8529, 0x956D, 0xEFBC,
  0x9DC7, 0xAE48, 0xAE48, 0xAE47, 0xAE48, 0xAE47, 0xAE47, 0xB647, 0xB668, 0xBEA8, 0xBEA8, 0xBEA7,
  0xBEA7, 0xBEA7, 0xBEA8, 0xBEC8, 0xC6A9, 0xC6A9, 0xC6C9, 0xDF2C, 0xE78F, 0x8D08, 0x3AC3, 0x32E5,
  0x32E5, 0x3305, 0x3326, 0x3B67, 0x3B87, 0x3B87, 0x43C8, 0x43C8, 0x43A8, 0x43A7, 0x43A7, 0x43C7,
  0x43C7, 0x43A7, 0x3BA7, 0x43A7, 0x3B87, 0x3B66, 0x3B66, 0x43A7, 0x4387, 0x3B87, 0x43A7, 0x4BE8,
  0x4BE7, 0x5428, 0x5C68, 0x5C89, 0x64A9, 0x6489, 0x5C68, 0x6468, 0x6488, 0x6C89, 0x74CA, 0x852B,
  0x8D6C, 0x8D6C, 0x8D6C, 0x958C, 0xA5ED, 0xBE8E, 0xCEEF, 0xDEF0, 0xE731, 0xE751, 0xE751, 0xE731,
  0xD6EF, 0xD6CF, 0xCEAE, 0xCEAE, 0xCECF, 0xDF10, 0xE752, 0xEF53, 0xF795, 0xF795, 0xF795, 0xEF74,
  0xE731, 0xD6CF, 0xD6AF, 0xDF10, 0xE751, 0xEF72, 0xF772, 0xEF51, 0xDF10, 0xDF30, 0xE751, 0xEF94,
  0xFFD7, 0xFFF8, 0xFFD9, 0xFFB9, 0xF797, 0xE732, 0xC68E, 0xB60B, 0xAE0B, 0xB62B, 0xB64C, 0xBE4B,
  0xBE6B, 0xC6AC, 0xCEAC, 0xC6AC, 0xC6AC, 0xCEAC, 0xCEAB, 0xC68B, 0xC66B, 0xBE4B, 0xBE4B, 0xBE4B,
  0xC68D, 0xCECE, 0xD6CF, 0xDF11, 0xEF52, 0xEF73, 0xEF74, 0xEF75, 0xF775, 0xE712, 0xDF11, 0xF7B5,
  0xFFD7, 0xF7B8, 0xF7B9, 0xFFB9, 0xF7B9, 0xFFB9, 0xF7B9, 0xF7B8, 0xF7B8, 0xD711, 0x8526, 0x5C62,
  0x64A2, 0x8543, 0xA5E5, 0xBEAB, 0xD752, 0xDF55, 0xDF55, 0xDF56, 0xDF55, 0xD755, 0xD755, 0xD735,
  0xD735, 0xD735, 0xD716, 0xC674, 0x9D50, 0x9D2F, 0x9D30, 0x8C8E, 0x7BEC, 0x73CC, 0x6B4A, 0x5AC9,
  0x734B, 0x83CD, 0x940D, 0xACAF, 0xBD10, 0xC530, 0xBCCF, 0xB44D, 0xB40D, 0xBC0D, 0xC46E, 0xCCD0,
  0xCCD0, 0xD4F0, 0xD4F1, 0xCCF1, 0xCCD1, 0xCCF1, 0xC4D1, 0xCD33, 0xD554, 0xDD95, 0xDDF6, 0xE678,
  0xF71A, 0xF73B, 0xF73B, 0xEEDA, 0xEEBA, 0xEEDA, 0xDE78, 0xDE37, 0xC5B5, 0xCDF5, 0xC5B3, 0xB572,
  0xAD91, 0xBE33, 0xC6B4, 0xC6B4, 0xBEB4, 0xBEB4, 0xBEB4, 0xBEB3, 0xBEB4, 0xC6B3, 0xC6D3, 0xC6D3,
  0xC6D3, 0xBEB3, 0xBE93, 0xBE92, 0xBE71, 0xC6B1, 0xCEF2, 0xD6F2, 0xDF13, 0xE755, 0xEF76, 0xEF76,
  0xEF76, 0xE734, 0xCEB2, 0xAE0E, 0xA60E, 0xB66F, 0xC6B0, 0xBE8F, 0xAE2C, 0x9DAB, 0xA5EE, 0xF7DC,
  0x5383, 0x8527, 0xA608, 0xB688, 0xBEA9, 0xBE88, 0xBE88, 0xBEA8, 0xC6A9, 0xC6E9, 0xC6E9, 0xC6E9,
  0xC6C9, 0xC6E9, 0xC6E9, 0xCF09, 0xCF0A, 0xD70A, 0xD70B, 0xD72B, 0xE7AE, 0xBEAC, 0x53A4, 0x2AC4,
  0x32E5, 0x3326, 0x3B46, 0x3B67, 0x3BA7, 0x3B87, 0x43C8, 0x43C8, 0x4BE8, 0x43A7, 0x43A7, 0x43C7,
  0x43C7, 0x43A7, 0x3BA7, 0x3B66, 0x3B86, 0x3B66, 0x3B66, 0x3B86, 0x3B86, 0x3B87, 0x3B86, 0x43C7,
  0x43C7, 0x4C07, 0x5C69, 0x64AA, 0x6489, 0x6489, 0x5C69, 0x5C68, 0x5C68, 0x5C68, 0x6488, 0x6CC9,
  0x750A, 0x750B, 0x74EA, 0x852B, 0x95AC, 0xAE4D, 0xCECF, 0xDF10, 0xEF52, 0xEF73, 0xF793, 0xEF72,
  0xE731, 0xD6EF, 0xCEAE, 0xC68E, 0xCEAE, 0xDF11, 0xE731, 0xE752, 0xEF73, 0xEF73, 0xEF53, 0xE711,
  0xDEF0, 0xD6CF, 0xD6CF, 0xE731, 0xEF72, 0xF793, 0xF772, 0xEF72, 0xE730, 0xE730, 0xE731, 0xF795,
  0xFFD8, 0xFFD9, 0xFFDA, 0xFFDA, 0xFFD8, 0xEF74, 0xCEAF, 0xB62C, 0xAE0B, 0xAE0B, 0xB60B, 0xB62B,
  0xBE4B, 0xBE6B, 0xC68C, 0xCEAC, 0xCECC, 0xCEAC, 0xCEAC, 0xC68C, 0xC66B, 0xBE4B, 0xBE6B, 0xBE6C,
  0xC68D, 0xD6CF, 0xDEF0, 0xE732, 0xEF74, 0xF7B5, 0xF7B6, 0xF7B6, 0xF7D6, 0xC68E, 0x8CE7, 0xB62C,
  0xE773, 0xF7B6, 0xF7B8, 0xF7B8, 0xF798, 0xF798, 0xF7B9, 0xEF98, 0xEFB8, 0xDF73, 0x95A8, 0x6482,
  0x74E3, 0x95C5, 0xC6AB, 0xDF52, 0xE775, 0xDF56, 0xDF56, 0xDF55, 0xDF55, 0xD755, 0xD755, 0xD735,
  0xD736, 0xCEB4, 0xB613, 0xAD91, 0xA571, 0x9D10, 0x842D, 0x73CC, 0x7BCC, 0x6B4B, 0x5AA8, 0x5268,
  0x5A88, 0x7B0A, 0xA42D, 0xC4EF, 0xBC6E, 0xC46E, 0xB3EC, 0xB3EC, 0xB3CB, 0xB3CC, 0xBC2D, 0xCC8F,
  0xC48F, 0xCCB0, 0xCCB0, 0xC490, 0xCCB0, 0xCCF2, 0xCCF1, 0xCD13, 0xD554, 0xD554, 0xD575, 0xD595,
  0xDDD6, 0xE679, 0xEEDB, 0xE679, 0xDE58, 0xDE79, 0xDE59, 0xDE79, 0xD617, 0xCDB5, 0xC594, 0xC573,
  0xB592, 0xAD91, 0xB633, 0xC6B4, 0xBEB4, 0xBEB4, 0xBE94, 0xBEB3, 0xC6B3, 0xC6B3, 0xC6D3, 0xC6F3,
  0xC6F3, 0xC6D3, 0xBEB2, 0xC6D3, 0xCED3, 0xCEF3, 0xD6F3, 0xD713, 0xDF14, 0xE735, 0xE755, 0xE776,
  0xE735, 0xDF14, 0xC6B2, 0xBE71, 0xBEB1, 0xCEF1, 0xD712, 0xCEF0, 0xB64C, 0xA5EA, 0xAE2E, 0xF7DB,
  0x2A22, 0x32A1, 0x53A3, 0x8506, 0xA5E8, 0xBEAA, 0xC70A, 0xCF0A, 0xCF0A, 0xD72B, 0xD72B, 0xD72B,
  0xD74B, 0xDF4C, 0xDF4B, 0xDF6C, 0xE78D, 0xE78E, 0xE7AE, 0xDF8E, 0xD74D, 0xC6CD, 0x8528, 0x4B85,
  0x3B45, 0x3B87, 0x3B67, 0x4387, 0x43C8, 0x43C8, 0x43E8, 0x4BE8, 0x4BE8, 0x43C7, 0x43A7, 0x43A7,
  0x43A7, 0x43A7, 0x3BA7, 0x3366, 0x3B66, 0x3B87, 0x3B86, 0x3B66, 0x3B86, 0x3B86, 0x43A6, 0x43C7,
  0x4BC7, 0x4C07, 0x5C69, 0x5C89, 0x5C89, 0x5C89, 0x5C69, 0x5468, 0x5C68, 0x5468, 0x5C68, 0x6489,
  0x6CA9, 0x6CCA, 0x6CC9, 0x74EA, 0x8D4B, 0xA5EC, 0xC68E, 0xDF11, 0xEF73, 0xF793, 0xF793, 0xEF73,
  0xE731, 0xDF10, 0xD6CF, 0xC68E, 0xC66D, 0xCEAF, 0xDF10, 0xE731, 0xE752, 0xE731, 0xE711, 0xDECF,
  0xD6CF, 0xD6CE, 0xDF0F, 0xE751, 0xEF72, 0xF793, 0xF793, 0xEF52, 0xE731, 0xDF0F, 0xE711, 0xF774,
  0xFFB7, 0xFFD9, 0xFFD9, 0xFFDA, 0xFFD8, 0xEF74, 0xCEAF, 0xB62C, 0xADEB, 0xA5CA, 0xA5CA, 0xADEA,
  0xB62B, 0xB64B, 0xBE6C, 0xC6AC, 0xCEAC, 0xCEAC, 0xCEAC, 0xCEAC, 0xC68C, 0xC66C, 0xC66C, 0xC66C,
  0xCE8D, 0xD6EF, 0xDF11, 0xEF73, 0xF7B6, 0xFFB7, 0xFFD8, 0xFFD8, 0xF7D6, 0xA5EB, 0x5C01, 0x6C63,
  0x9D8A, 0xD711, 0xF796, 0xF798, 0xF798, 0xF798, 0xF7B8, 0xEF98, 0xEFB8, 0xE7D5, 0xA60A, 0x74E4,
  0x95E7, 0xC6EE, 0xE774, 0xE795, 0xE776, 0xE756, 0xDF55, 0xDF56, 0xDF56, 0xD735, 0xD735, 0xD735,
  0xCEB5, 0xB5F2, 0xA550, 0x8C8E, 0x844D, 0x8C8F, 0x8C4E, 0x73CC, 0x5AE9, 0x5268, 0x5268, 0x5268,
  0x6268, 0x8B6A, 0xBCAE, 0xBC4D, 0xB3EB, 0xBBEC, 0xB3EB, 0xAB8A, 0xB3AB, 0xC40C, 0xC40C, 0xC40D,
  0xBC2D, 0xBC2E, 0xC44F, 0xC470, 0xCC90, 0xCCD1, 0xCCF1, 0xCCF2, 0xCD33, 0xCD13, 0xC513, 0xCD13,
  0xCD34, 0xD596, 0xDE18, 0xD638, 0xD5F8, 0xC5B6, 0xC596, 0xDE59, 0xDE58, 0xD5F6, 0xC574, 0xCDB5,
  0xC593, 0xB592, 0xB5F2, 0xBE74, 0xBE73, 0xBE93, 0xBEB4, 0xC6D3, 0xC6D3, 0xC6D3, 0xCEF4, 0xCEF3,
  0xCEF4, 0xC6D3, 0xC6B3, 0xD6F4, 0xD714, 0xDF14, 0xD714, 0xD6F3, 0xD6F3, 0xD6F3, 0xD6F4, 0xD6F4,
  0xCED3, 0xCED3, 0xC693, 0xC6D3, 0xCEF2, 0xD712, 0xD6F2, 0xC6AF, 0xB64B, 0xA60A, 0xAE2E, 0xF7DB,
  0x2A43, 0x2A42, 0x2A62, 0x32A2, 0x4B63, 0x6445, 0x8507, 0x95A8, 0xA60A, 0xB64B, 0xBE8B, 0xC6CB,
  0xCF2C, 0xD72D, 0xD72D, 0xD72D, 0xCEED, 0xBE8C, 0xAE0A, 0x9548, 0x7486, 0x6425, 0x6447, 0x5407,
  0x43A7, 0x3B87, 0x3B86, 0x43A7, 0x4BE8, 0x5409, 0x4BE8, 0x4BE8, 0x43E8, 0x43C7, 0x43A7, 0x43A7,
  0x4387, 0x3B87, 0x3B86, 0x3366, 0x3B66, 0x3B86, 0x3B66, 0x3B86, 0x4386, 0x43A7, 0x43C7, 0x4BE7,
  0x4BE7, 0x5427, 0x5C49, 0x5C68, 0x5C88, 0x5C88, 0x5C88, 0x5C68, 0x5448, 0x5447, 0x5447, 0x5C48,
  0x6489, 0x64A9, 0x6CA9, 0x6CCA, 0x7D09, 0x956A, 0xB62C, 0xDEF0, 0xEF72, 0xF793, 0xF794, 0xF793,
  0xE752, 0xDF10, 0xD6CF, 0xC68E, 0xBE6D, 0xC64D, 0xCEAF, 0xD6F0, 0xDF10, 0xD6CF, 0xD6CF, 0xCEAE,
  0xCE8D, 0xCE8E, 0xDF0F, 0xE751, 0xEF51, 0xEF72, 0xEF72, 0xEF31, 0xE710, 0xDEEF, 0xDEEF, 0xEF53,
  0xFFB6, 0xFFD8, 0xFFD8, 0xFFD8, 0xF7B6, 0xE752, 0xCEAE, 0xB62C, 0xADCA, 0xA5CA, 0xA5CA, 0xADEA,
  0xADEA, 0xAE0B, 0xB62B, 0xC66B, 0xCEAC, 0xCEAC, 0xCEAC, 0xCEAC, 0xCEAD, 0xCEAD, 0xCEAD, 0xCE8D,
  0xD6CE, 0xDEEF, 0xE731, 0xF794, 0xFFB7, 0xFFB8, 0xFFD9, 0xFFD9, 0xEFB5, 0x9568, 0x5C02, 0x5C42,
  0x6483, 0x8D68, 0xCED0, 0xF796, 0xF798, 0xF798, 0xF7B8, 0xEFB8, 0xEFD8, 0xE795, 0xB64D, 0xAE4C,
  0xD752, 0xE796, 0xE776, 0xE797, 0xE777, 0xE776, 0xDF56, 0xDF56, 0xDF56, 0xDF55, 0xD755, 0xD6F5,
  0xADB1, 0x9D0F, 0x846E, 0x7C0D, 0x7BEC, 0x73AC, 0x6B4B, 0x4A88, 0x3A06, 0x39C6, 0x4A07, 0x5A68,
  0x72E9, 0xB44D, 0xBC2C, 0xB3EB, 0xB3EB, 0xB3AB, 0xB3AA, 0xB38A, 0xBBEC, 0xC40C, 0xBBEC, 0xBBEC,
  0xBC0C, 0xBC0D, 0xC42D, 0xCC6F, 0xCC90, 0xCCB0, 0xCCD0, 0xCCD1, 0xCCD1, 0xC4B1, 0xC4B1, 0xC4B2,
  0xBCD2, 0xBCF3, 0xCD96, 0xDE18, 0xCDB7, 0xC596, 0xC555, 0xC596, 0xC595, 0xCD96, 0xCD95, 0xC574,
  0xC573, 0xBD92, 0xB5D2, 0xB5F2, 0xBE33, 0xBE73, 0xBE93, 0xC6B3, 0xC6D4, 0xC6D3, 0xCEF3, 0xCEF3,
  0xCEF3, 0xCEF3, 0xD714, 0xDF14, 0xDF34, 0xDF34, 0xDF14, 0xCEF3, 0xC6B2, 0xBE92, 0xBE92, 0xBE92,
  0xBEB2, 0xBE92, 0xBE92, 0xC6D3, 0xCEF2, 0xCF12, 0xC6D0, 0xB64D, 0xA62A, 0x9DEA, 0xA62E, 0xF7DC,
  0x2263, 0x2A63, 0x2A64, 0x2A63, 0x2263, 0x2A83, 0x32E3, 0x3B03, 0x4324, 0x4B63, 0x5BE4, 0x6445,
  0x6C65, 0x7486, 0x74A6, 0x6C65, 0x5BE4, 0x4B84, 0x4322, 0x3B03, 0x3B04, 0x3B04, 0x3B45, 0x4386,
  0x43A7, 0x43A7, 0x43C7, 0x43C8, 0x4C08, 0x4C08, 0x4BE8, 0x4BE8, 0x4C08, 0x43C7, 0x43A7, 0x43A7,
  0x43A7, 0x3BA7, 0x3B86, 0x3B66, 0x3365, 0x3B86, 0x4386, 0x43A6, 0x43A7, 0x4BE7, 0x5449, 0x64AA,
  0x64AA, 0x5C69, 0x5C89, 0x5C89, 0x5C88, 0x64A9, 0x64C9, 0x64C9, 0x5C68, 0x5447, 0x5427, 0x5428,
  0x5C68, 0x6489, 0x6489, 0x64A9, 0x74E9, 0x8529, 0xADEB, 0xD6CF, 0xEF51, 0xF792, 0xF793, 0xEF72,
  0xE731, 0xDF0F, 0xD6CF, 0xC68E, 0xC66D, 0xBE4D, 0xBE6E, 0xC66E, 0xC66E, 0xC66D, 0xC64D, 0xBE2C,
  0xBE4D, 0xCE8E, 0xD6EF, 0xE730, 0xE750, 0xE730, 0xE730, 0xE710, 0xE70F, 0xDEEF, 0xDEEF, 0xDF10,
  0xEF52, 0xF795, 0xF795, 0xF795, 0xE752, 0xD6EF, 0xCE8E, 0xBE2C, 0xADEA, 0xA5EA, 0xA5CA, 0xA5EA,
  0xA5EA, 0xADEA, 0xAE0A, 0xBE4B, 0xC66C, 0xC68C, 0xCEAC, 0xCECD, 0xCEAC, 0xCEAD, 0xD6EE, 0xD6EE,
  0xDEEF, 0xDEEF, 0xE731, 0xF794, 0xFFB7, 0xFFB9, 0xFFB9, 0xFFD9, 0xEF74, 0x9568, 0x6462, 0x5C62,
  0x5C62, 0x6482, 0x9588, 0xDF32, 0xEFB7, 0xEFB8, 0xEFB8, 0xEFB8, 0xEFB8, 0xDF54, 0xC6B0, 0xDF74,
  0xEFB7, 0xE798, 0xE797, 0xE777, 0xDF76, 0xDF76, 0xDF76, 0xDF56, 0xDF56, 0xDF55, 0xD735, 0xC694,
  0x950F, 0x846D, 0x7C2D, 0x842E, 0x632A, 0x4A68, 0x4247, 0x39E6, 0x39C6, 0x3185, 0x41E6, 0x5A26,
  0x938B, 0xBC4D, 0xBBEC, 0xBC0C, 0xB3CB, 0xAB8A, 0xB3AA, 0xBBCB, 0xBBCB, 0xBBAB, 0xBBCB, 0xBBCB,
  0xBBEC, 0xC42D, 0xC44D, 0xC42D, 0xC44E, 0xC46E, 0xCC6F, 0xCC90, 0xCCB0, 0xC490, 0xC490, 0xBC70,
  0xC491, 0xB491, 0xB4D3, 0xC555, 0xC575, 0xCD76, 0xCD76, 0xBD34, 0xBD14, 0xC554, 0xC555, 0xBD13,
  0xC533, 0xC573, 0xB592, 0xB571, 0xB5F2, 0xC654, 0xC694, 0xC6B4, 0xC6D3, 0xCED3, 0xCEF4, 0xCEF4,
  0xD714, 0xD714, 0xDF34, 0xE734, 0xE755, 0xE735, 0xDF14, 0xCEF3, 0xBE72, 0xAE30, 0xAE30, 0xAE51,
  0xAE71, 0xB691, 0xB6B2, 0xBEB2, 0xBEB1, 0xBEB0, 0xB66E, 0xA60B, 0x9E0A, 0x8DA8, 0x9DED, 0xEFDB,
  0x2263, 0x2243, 0x2263, 0x2A63, 0x2A83, 0x2A83, 0x2A83, 0x2284, 0x2284, 0x2A83, 0x22A3, 0x22C3,
  0x2AC3, 0x2AE3, 0x2AE3, 0x2AE3, 0x2AE4, 0x2AE4, 0x3305, 0x3346, 0x3B66, 0x3B66, 0x3B87, 0x4BE8,
  0x4C08, 0x4BE8, 0x43E8, 0x43E7, 0x4BE8, 0x4BE8, 0x4BE8, 0x4BE8, 0x4C08, 0x4BE8, 0x43E7, 0x43C7,
  0x43A7, 0x43A7, 0x3B66, 0x3B86, 0x3B86, 0x3B86, 0x3B86, 0x4386, 0x43A7, 0x4BE7, 0x6CCB, 0x85AD,
  0x85AD, 0x6D0A, 0x64A9, 0x64C9, 0x6D0A, 0x754B, 0x754B, 0x752A, 0x5C89, 0x5448, 0x5448, 0x5427,
  0x5C48, 0x6488, 0x6488, 0x6CC9, 0x74E8, 0x7D08, 0xA5AA, 0xC68D, 0xE710, 0xEF51, 0xEF50, 0xE730,
  0xDEEF, 0xD6CE, 0xCEAE, 0xC68E, 0xC66D, 0xBE4D, 0xBE4D, 0xB62C, 0xB60C, 0xAE0C, 0xADEB, 0xAE0B,
  0xBE4C, 0xCEAE, 0xD6CF, 0xDEEF, 0xE730, 0xE730, 0xDEEF, 0xDEEF, 0xDECF, 0xD6CE, 0xDECF, 0xDEEF,
  0xDEF0, 0xDEF1, 0xDF11, 0xDF11, 0xD6F0, 0xCECE, 0xC68D, 0xBE4C, 0xB62C, 0xAE0B, 0xADEB, 0xA5EA,
  0xADEA, 0xAE0B, 0xB62B, 0xB64B, 0xBE4B, 0xBE6C, 0xC68C, 0xC6AC, 0xCEAD, 0xDEEE, 0xDF0F, 0xDF0F,
  0xE710, 0xE730, 0xE731, 0xEF73, 0xF795, 0xFF97, 0xFFB8, 0xFFB8, 0xEF54, 0x9DA8, 0x6C83, 0x5C62,
  0x5C62, 0x6482, 0x74C3, 0xAE0B, 0xE795, 0xEFB8, 0xEFB8, 0xEFB9, 0xEFB8, 0xE776, 0xDF55, 0xEFB8,
  0xE798, 0xE797, 0xE777, 0xE776, 0xDF76, 0xDF76, 0xDF76, 0xDF56, 0xDF56, 0xDF56, 0xD715, 0xADD1,
  0x848D, 0x7C0C, 0x5B09, 0x52C9, 0x52A8, 0x4A68, 0x31A5, 0x3185, 0x3185, 0x3985, 0x5226, 0x82E9,
  0xABEC, 0xB3EB, 0xBBEC, 0xB3CB, 0xAB8A, 0xB3AB, 0xB3CB, 0xB3CB, 0xB3AB, 0xBBAB, 0xBBCB, 0xB3CB,
  0xBC0C, 0xC44D, 0xCC6E, 0xCC6D, 0xC44D, 0xC42D, 0xCC6E, 0xCC8F, 0xCC6F, 0xC44F, 0xC46F, 0xC44F,
  0xC491, 0xBC92, 0xB472, 0xAC92, 0xB4B3, 0xB4D3, 0xB4D3, 0xAC72, 0xA472, 0xB4D3, 0xBCF3, 0xBCD2,
  0xBCB1, 0xC532, 0xC593, 0xB531, 0xB571, 0xBDD2, 0xBE12, 0xC693, 0xD6F4, 0xCEF4, 0xCEF4, 0xCEF4,
  0xCEF4, 0xD6F4, 0xDF14, 0xE755, 0xE755, 0xE735, 0xD6F4, 0xC6D2, 0xB671, 0xAE30, 0xA630, 0xAE50,
  0xAE50, 0xAE71, 0xAE71, 0xAE50, 0xAE50, 0xAE2E, 0x9DCC, 0x9DCA, 0x95CA, 0x8589, 0x95AD, 0xEFBB,
  0x2264, 0x2243, 0x2243, 0x2243, 0x2263, 0x2284, 0x2284, 0x2284, 0x2AA4, 0x2AA4, 0x22A4, 0x22A4,
  0x2AC5, 0x2AC5, 0x2AE5, 0x2B05, 0x2B05, 0x3326, 0x3326, 0x3B46, 0x3B66, 0x43A7, 0x5449, 0x754D,
  0x7D8E, 0x5CAA, 0x4C08, 0x4BE8, 0x4BE8, 0x4C08, 0x4C08, 0x4C08, 0x4C08, 0x4C08, 0x4BE7, 0x43C7,
  0x43A7, 0x43A7, 0x3B86, 0x3B86, 0x3BA6, 0x43A6, 0x43A7, 0x43A6, 0x43A6, 0x4C07, 0x6D0B, 0x8DEE,
  0x8DEE, 0x752B, 0x64CA, 0x6D0A, 0x7D8C, 0x8DCD, 0x8DED, 0x7D8B, 0x6CCA, 0x5428, 0x5427, 0x5C27,
  0x5C47, 0x6488, 0x74C8, 0x7CE8, 0x7D08, 0x8508, 0x9569, 0xAE0B, 0xCEAD, 0xDEEE, 0xDEEE, 0xD6CE,
  0xCE8D, 0xC66D, 0xC68D, 0xC68E, 0xC66D, 0xBE4C, 0xBE4C, 0xB60C, 0xADEB, 0xA5CB, 0xA5EB, 0xADEB,
  0xB62C, 0xC68D, 0xD6EF, 0xDEEF, 0xDF10, 0xE730, 0xDF0F, 0xD6AE, 0xD6AE, 0xD6AF, 0xDED1, 0xDED1,
  0xD6B0, 0xCE8F, 0xD6AE, 0xCECE, 0xCEAE, 0xCEAD, 0xC68C, 0xBE6C, 0xB64C, 0xAE2B, 0xAE0B, 0xADEB,
  0xAE0B, 0xB62C, 0xB62B, 0xB62B, 0xB62B, 0xB64B, 0xBE4B, 0xC68C, 0xCECD, 0xDF0F, 0xE72F, 0xEF51,
  0xE731, 0xE751, 0xE731, 0xEF52, 0xF774, 0xF775, 0xF775, 0xF776, 0xEF54, 0xAE09, 0x7CE3, 0x6482,
  0x5C61, 0x6482, 0x6CA3, 0x8526, 0xD6F2, 0xEFB7, 0xEF98, 0xEFB9, 0xEFB9, 0xEFB9, 0xEFB9, 0xEF99,
  0xE798, 0xE777, 0xDF56, 0xDF56, 0xDF76, 0xDF55, 0xDF56, 0xDF56, 0xDF36, 0xDF36, 0xC653, 0x8CAD,
  0x7C2C, 0x634A, 0x52A8, 0x4A88, 0x4247, 0x31A5, 0x2944, 0x2945, 0x3145, 0x41A6, 0x6A47, 0x9B8A,
  0xB3EB, 0xBC0C, 0xBBEC, 0xB3CB, 0xB3AA, 0xAB8A, 0xB3AA, 0xB3AB, 0xB3AB, 0xBBCC, 0xBBCC, 0xBBEC,
  0xC40E, 0xC42E, 0xC42D, 0xCC4E, 0xCC4E, 0xC44E, 0xC44E, 0xC44E, 0xCC6E, 0xC42E, 0xC44F, 0xC44F,
  0xC450, 0xBC30, 0xB430, 0xB451, 0xB472, 0xAC51, 0xA411, 0xA411, 0xA431, 0xAC51, 0xB491, 0xBCB1,
  0xB4B1, 0xBCD1, 0xCD93, 0xBD31, 0xA4CF, 0xA530, 0xAD90, 0xB5F1, 0xC693, 0xC6B3, 0xCEF4, 0xCEF4,
  0xCED3, 0xCED4, 0xD714, 0xDF35, 0xDF35, 0xDF14, 0xCED3, 0xBE92, 0xAE51, 0xAE30, 0xAE50, 0xAE50,
  0xAE51, 0xAE51, 0xAE50, 0xA630, 0x9DEE, 0x95CC, 0x8D8B, 0x8DAB, 0x8DAB, 0x856A, 0x8D8D, 0xEFBC,
  0x2A84, 0x2264, 0x2243, 0x2264, 0x2264, 0x2264, 0x2A84, 0x2284, 0x2A84, 0x2AA4, 0x2AA4, 0x2AC5,
  0x2AC5, 0x2AC5, 0x32E5, 0x3305, 0x3346, 0x3B46, 0x3B66, 0x43A7, 0x43A7, 0x4BE7, 0x6CEB, 0x8E10,
  0x8E10, 0x6CEB, 0x4C28, 0x5428, 0x4C08, 0x4C08, 0x4C08, 0x4C08, 0x4C07, 0x4C07, 0x4BE7, 0x4BC7,
  0x43C7, 0x43A6, 0x43C6, 0x43A6, 0x43A6, 0x43C6, 0x43C6, 0x43C6, 0x43C6, 0x4C07, 0x6CEA, 0x85CE,
  0x85CD, 0x752B, 0x64C9, 0x6CC9, 0x7D6B, 0x85AC, 0x85CC, 0x85AC, 0x6CCA, 0x5C28, 0x5427, 0x5C27,
  0x6447, 0x6CA8, 0x7D09, 0x8528, 0x8529, 0x8529, 0x8D48, 0x9DAA, 0xAE2B, 0xBE2C, 0xBE2C, 0xBE2C,
  0xB60B, 0xB60B, 0xBE6D, 0xC68E, 0xC66D, 0xBE4D, 0xB62C, 0xAE0C, 0xA5AB, 0x9DAB, 0xA5CB, 0xA5CB,
  0xB60C, 0xBE6D, 0xCEAE, 0xD6EF, 0xDF10, 0xE730, 0xD6EF, 0xD6AE, 0xCE6E, 0xD692, 0xF798, 0xEF77,
  0xDED3, 0xCE70, 0xCE8F, 0xCEAF, 0xC6AE, 0xC68D, 0xBE6C, 0xBE6C, 0xB62B, 0xAE0B, 0xAE0B, 0xAE2C,
  0xB62B, 0xAE2B, 0xB62B, 0xB62B, 0xB62B, 0xB62B, 0xB62B, 0xBE6C, 0xC6AD, 0xDF0F, 0xE750, 0xEF50,
  0xEF51, 0xE730, 0xDF10, 0xDF10, 0xEF52, 0xE753, 0xEF54, 0xEF76, 0xEF74, 0xCECD, 0x9DC7, 0x7D23,
  0x64A2, 0x5C61, 0x6462, 0x6CA4, 0xB66E, 0xEFB7, 0xEFB9, 0xEF99, 0xEF99, 0xEF99, 0xEF99, 0xEF98,
  0xE777, 0xDF57, 0xDF56, 0xDF56, 0xDF56, 0xDF55, 0xDF55, 0xDF35, 0xDF35, 0xCEB3, 0x950E, 0x7C2C,
  0x73CC, 0x632A, 0x52A9, 0x3A07, 0x31A5, 0x2944, 0x2965, 0x2965, 0x3165, 0x49A5, 0x82C8, 0xB3CB,
  0xB3EB, 0xBC0B, 0xBBEB, 0xABAB, 0xAB8A, 0xA349, 0xA349, 0xAB6A, 0xB3CB, 0xBBED, 0xC40E, 0xBC0E,
  0xC42F, 0xBC2F, 0xBC2E, 0xC44E, 0xC44F, 0xC44E, 0xC46E, 0xCC8E, 0xC44E, 0xC42D, 0xBC0D, 0xBBED,
  0xBC2E, 0xBC2F, 0xB42F, 0xB430, 0xB451, 0xAC50, 0xAC10, 0xAC30, 0xAC30, 0xAC30, 0xAC50, 0xB491,
  0xBCB1, 0xB4B0, 0xBCF1, 0xB4F1, 0x9C6E, 0x9CCF, 0xA50F, 0xAD91, 0xADD1, 0xADD1, 0xAE12, 0xBE73,
  0xC693, 0xC693, 0xCEB3, 0xD6F4, 0xD714, 0xCEF3, 0xC6B3, 0xB672, 0xAE31, 0xAE31, 0xAE71, 0xB692,
  0xB691, 0xAE51, 0xA650, 0x9E0F, 0x8DAD, 0x858B, 0x856B, 0x856A, 0x854A, 0x7D49, 0x8D8D, 0xEFBC,
  0x2A84, 0x2284, 0x2263, 0x2264, 0x2264, 0x2264, 0x2A84, 0x32E6, 0x32E6, 0x2AA4, 0x2AA4, 0x2AA4,
  0x2AC5, 0x32E5, 0x3306, 0x3B46, 0x3B87, 0x3B66, 0x43A7, 0x4BE8, 0x43C7, 0x4BE7, 0x64CA, 0x7D6D,
  0x756D, 0x64AA, 0x5428, 0x5448, 0x5469, 0x5448, 0x4C28, 0x4C27, 0x4C07, 0x4C07, 0x4C07, 0x4BE7,
  0x4BE7, 0x4C07, 0x4C07, 0x4BE6, 0x4C06, 0x4C27, 0x4C06, 0x4BE6, 0x5407, 0x5427, 0x64A9, 0x756B,
  0x754B, 0x64C9, 0x6488, 0x6488, 0x6CC9, 0x7D4A, 0x7D6A, 0x7D6B, 0x6CCA, 0x5C48, 0x5C27, 0x6468,
  0x6C88, 0x7CE8, 0x8529, 0x8548, 0x8D69, 0x8D69, 0x8528, 0x8D49, 0x9DAB, 0x9D8A, 0x9D8A, 0x9D8A,
  0xA5AA, 0xAE0C, 0xBE6D, 0xC6AE, 0xCEAE, 0xC66D, 0xAE0C, 0xA5CB, 0xA5AB, 0x9DAB, 0x9D8A, 0x9DAB,
  0xADEB, 0xB62C, 0xC68D, 0xD6CE, 0xDEEF, 0xDEEF, 0xDEEF, 0xCE6F, 0xCE50, 0xE717, 0xFFBD, 0xFFBC,
  0xFFBA, 0xEF58, 0xDF16, 0xDF14, 0xDF13, 0xCED1, 0xC66F, 0xBE4F, 0xBE2E, 0xB60D, 0xADEC, 0xADEC,
  0xADEB, 0xAE0B, 0xAE0B, 0xB60B, 0xB60C, 0xAE0B, 0xB62B, 0xB64C, 0xC68D, 0xD6EF, 0xE730, 0xEF50,
  0xE730, 0xE710, 0xDEEF, 0xDECF, 0xDF10, 0xDF32, 0xE733, 0xEF75, 0xEF95, 0xDF71, 0xBE8B, 0x95A5,
  0x7D63, 0x64A2, 0x5C62, 0x6463, 0xA5EB, 0xE796, 0xEF99, 0xEF99, 0xEF99, 0xEFB9, 0xE799, 0xE798,
  0xE777, 0xDF76, 0xDF56, 0xDF56, 0xDF56, 0xDF56, 0xDF55, 0xDF55, 0xCED3, 0xB611, 0x8CCD, 0x7C2D,
  0x73AC, 0x4247, 0x39E6, 0x2985, 0x2944, 0x2944, 0x2965, 0x2945, 0x3985, 0x5A47, 0xA38C, 0xBC0C,
  0xBC2C, 0xBC2C, 0xBC0C, 0xB3CB, 0xB3AB, 0xABAB, 0xAB8A, 0xB3CB, 0xBC0C, 0xC42D, 0xC42E, 0xC470,
  0xC471, 0xC470, 0xC44F, 0xC44F, 0xBC4F, 0xC44E, 0xC44F, 0xC44F, 0xBC0D, 0xB3ED, 0xB3EC, 0xB3CC,
  0xB3ED, 0xBBED, 0xB3ED, 0xB3EE, 0xB40F, 0xB40F, 0xAC0F, 0xB42F, 0xAC0F, 0xABEE, 0xABEE, 0xAC2F,
  0xB490, 0xBCB1, 0xB470, 0xAC6F, 0x9C2E, 0x944E, 0x9CD0, 0x9D30, 0xA550, 0xA591, 0xB612, 0xB632,
  0xB632, 0xB652, 0xBE93, 0xC6D3, 0xC6B3, 0xC692, 0xBE92, 0xAE51, 0xAE51, 0xAE51, 0xB691, 0xBEB2,
  0xB6B2, 0xAE51, 0x9E30, 0x95CE, 0x7D6C, 0x7D4B, 0x7D4B, 0x7D4B, 0x7D2A, 0x7509, 0x856D, 0xEFBC,
  0x2A84, 0x2A84, 0x2264, 0x2264, 0x2284, 0x2264, 0x3B47, 0x7D4F, 0x5C2B, 0x2AC5, 0x2AC5, 0x2AE5,
  0x2AE5, 0x3306, 0x3B46, 0x4387, 0x4BC8, 0x4BE8, 0x4C08, 0x5428, 0x5408, 0x4C08, 0x5449, 0x5CAA,
  0x5CAA, 0x5C89, 0x5469, 0x5469, 0x5C89, 0x5C89, 0x5468, 0x5C88, 0x5448, 0x5428, 0x5427, 0x5427,
  0x5447, 0x5427, 0x5447, 0x5447, 0x5C67, 0x5C68, 0x5C68, 0x5C68, 0x6488, 0x64A8, 0x6CC9, 0x74E9,
  0x6CE9, 0x6CA8, 0x6467, 0x6488, 0x6488, 0x6CC9, 0x74E9, 0x750A, 0x6CA9, 0x5C47, 0x5C47, 0x6468,
  0x74E9, 0x8549, 0x8D6A, 0x958A, 0x9569, 0x8529, 0x7D08, 0x8529, 0x8D4A, 0x854A, 0x8529, 0x8D69,
  0x9DAB, 0xAE0C, 0xBE6E, 0xC68E, 0xC66D, 0xBE2C, 0xA5CA, 0xA5AB, 0x9DAB, 0x958A, 0x956A, 0x9D8B,
  0xA5AB, 0xADEC, 0xBE4D, 0xCEAE, 0xD6CF, 0xD6D0, 0xCE70, 0xD693, 0xEF57, 0xF75A, 0xF77C, 0xFF9C,
  0xFFBC, 0xFFDC, 0xFFDC, 0xFFDC, 0xFFDC, 0xF7BB, 0xEF7A, 0xE758, 0xE757, 0xDF36, 0xDF15, 0xCEB2,
  0xBE2F, 0xADEC, 0xADEC, 0xB60B, 0xAE0B, 0xAE0B, 0xB62C, 0xB64C, 0xC68D, 0xD6EF, 0xDF0F, 0xE730,
  0xE730, 0xDF10, 0xD6CF, 0xD6AE, 0xD6CF, 0xD6F1, 0xDF33, 0xEF76, 0xEF96, 0xEFB5, 0xD750, 0xAE69,
  0x8DC5, 0x7523, 0x5C42, 0x5C23, 0x958A, 0xE775, 0xEF98, 0xEF98, 0xEF99, 0xEF99, 0xE798, 0xE798,
  0xE777, 0xE777, 0xDF76, 0xDF56, 0xE756, 0xDF56, 0xDF55, 0xDF35, 0xCED4, 0xB611, 0x950F, 0x844E,
  0x52A9, 0x39E6, 0x2985, 0x2964, 0x2945, 0x2944, 0x2124, 0x2965, 0x41E6, 0x5A47, 0x830A, 0x934A,
  0x8B09, 0x8B2A, 0x9B8B, 0xA3AC, 0xB40D, 0xC46E, 0xCCAF, 0xD4CF, 0xD4AF, 0xD48E, 0xCC6E, 0xCC6F,
  0xD4D1, 0xD4D2, 0xCCB1, 0xCCD1, 0xC491, 0xC470, 0xC44F, 0xBC2F, 0xBC0F, 0xB3EE, 0xB3CD, 0xB3CC,
  0xB3AC, 0xB3CC, 0xABCC, 0xABAC, 0xABAC, 0xABCD, 0xABCD, 0xB40E, 0xB3EE, 0xABEE, 0xA3AD, 0xABEE,
  0xB44F, 0xB46F, 0xBC70, 0xAC4F, 0x9C2E, 0x944E, 0x8C4F, 0x8C6F, 0x8CAF, 0x94EF, 0x9D50, 0xAE12,
  0xB632, 0xB631, 0xB672, 0xBE92, 0xB672, 0xB672, 0xAE72, 0xAE51, 0xB672, 0xB692, 0xBEB2, 0xBEB2,
  0xB692, 0xAE50, 0x9DEF, 0x85AD, 0x7D6C, 0x752B, 0x7D4B, 0x752A, 0x750A, 0x74E9, 0x854D, 0xEFBC,
  0x32E6, 0x2AC5, 0x2284, 0x2284, 0x2264, 0x2AA4, 0x3B47, 0x6CED, 0x4BE9, 0x2AC5, 0x2AE5, 0x2AE5,
  0x3305, 0x3326, 0x3B67, 0x4BE8, 0x5C49, 0x5C69, 0x5449, 0x5428, 0x5428, 0x5428, 0x5428, 0x5468,
  0x5C89, 0x5CA9, 0x64C9, 0x64CA, 0x6CEA, 0x752A, 0x750A, 0x7D2A, 0x7D2A, 0x7D2A, 0x7D2A, 0x854A,
  0x856A, 0x854A, 0x854A, 0x8D6A, 0x8D6A, 0x95AB, 0x95AB, 0x95AB, 0x958B, 0x958A, 0x8D6A, 0x8D4A,
  0x854A, 0x7D09, 0x74C8, 0x6CA8, 0x6CA7, 0x6CC8, 0x6CC9, 0x6CE9, 0x64A8, 0x5C67, 0x5C87, 0x6C88,
  0x7D09, 0x8D8A, 0x9DAB, 0x9DAA, 0x8D69, 0x8529, 0x7D09, 0x7D09, 0x7D09, 0x7D09, 0x7D29, 0x8549,
  0x958A, 0xADEC, 0xBE4D, 0xBE2D, 0xB60C, 0xADEC, 0x9D8A, 0x9D8A, 0x956A, 0x8D49, 0x8D6A, 0x958A,
  0xA5AB, 0xADCB, 0xB60C, 0xBE4D, 0xC68E, 0xC66F, 0xD6B3, 0xFF9A, 0xF75A, 0xF73A, 0xF75B, 0xFF9C,
  0xFF9C, 0xFF9C, 0xFF9C, 0xFFBC, 0xFFBC, 0xFFBC, 0xFFDD, 0xFFDD, 0xFFDC, 0xFFFD, 0xFFFD, 0xFFFC,
  0xF79A, 0xDF16, 0xC673, 0xB60F, 0xADED, 0xADEC, 0xB5EC, 0xB62C, 0xC68D, 0xCECE, 0xD6CE, 0xD6EF,
  0xDF10, 0xD6EF, 0xCEAF, 0xCEAE, 0xCEAF, 0xD6F1, 0xDF54, 0xE776, 0xEF97, 0xEF96, 0xE794, 0xCF2F,
  0xAE49, 0x9585, 0x74A2, 0x5C21, 0x9569, 0xE775, 0xEF98, 0xEF98, 0xEF99, 0xEF99, 0xEF98, 0xEF98,
  0xE778, 0xE777, 0xE776, 0xE776, 0xE756, 0xDF76, 0xDF55, 0xDF35, 0xD6F4, 0xB5F1, 0x94EF, 0x5B29,
  0x3A06, 0x31A5, 0x3185, 0x2944, 0x2945, 0x2925, 0x2904, 0x3986, 0x6B2C, 0x41C6, 0x28A2, 0x4164,
  0x5A07, 0x6A89, 0x6AA9, 0x6248, 0x832B, 0xA40E, 0xBC8F, 0xD531, 0xDD31, 0xD4EF, 0xD4CF, 0xD4AF,
  0xD4D0, 0xD4D0, 0xD4D1, 0xD4F1, 0xCCB0, 0xCCB1, 0xCCB1, 0xC4B2, 0xC491, 0xBC70, 0xB42E, 0xB3CD,
  0xB3AC, 0xB3AC, 0xAB8C, 0xA34A, 0xA36B, 0xAB8C, 0xAB8C, 0xABAC, 0xB3ED, 0xABAC, 0xA36B, 0xA3AC,
  0xABED, 0xB42E, 0xBC70, 0xAC6F, 0x9C2E, 0x8BED, 0x7BED, 0x7BED, 0x7C0D, 0x94B0, 0x94CF, 0x9D50,
  0xB632, 0xBE72, 0xB652, 0xB672, 0xB672, 0xB672, 0xB692, 0xB692, 0xBEB2, 0xBED3, 0xC6D3, 0xBED2,
  0xB671, 0xAE50, 0x95EE, 0x85AD, 0x7D8D, 0x7D4C, 0x752B, 0x752A, 0x750A, 0x6CE9, 0x854D, 0xEFBC,
  0x648C, 0x4BA8, 0x2AC5, 0x2284, 0x2284, 0x2A84, 0x2AA4, 0x2AC5, 0x2AC5, 0x2AC5, 0x2AE5, 0x2AE6,
  0x3306, 0x3B46, 0x43A7, 0x5429, 0x64A9, 0x5C89, 0x5448, 0x5448, 0x5427, 0x5427, 0x6489, 0x6CA9,
  0x74EA, 0x854B, 0x95CD, 0x9DED, 0x9E0D, 0xAE6E, 0xAE6D, 0xAE6D, 0xB64D, 0xBE8E, 0xBEAE, 0xBEAE,
  0xC6CE, 0xBEAE, 0xBE8D, 0xBEAD, 0xC6EE, 0xCEEE, 0xCF0F, 0xCF0F, 0xCEEF, 0xCECE, 0xBE6D, 0xB64D,
  0xADEC, 0x9D6A, 0x8D6A, 0x7D29, 0x74E8, 0x74C8, 0x74C8, 0x6CC8, 0x6CC8, 0x64A8, 0x6CA7, 0x74C8,
  0x8529, 0x958A, 0x9DCA, 0x9DAA, 0x8D89, 0x8529, 0x7D09, 0x74E9, 0x74E8, 0x74E8, 0x7D09, 0x854A,
  0x958A, 0xA5CB, 0xAE0C, 0xAE0C, 0xA5CB, 0x9D8A, 0x958A, 0x956A, 0x8D29, 0x8509, 0x8D29, 0x956A,
  0x9D8B, 0xA5CB, 0xADEC, 0xB62D, 0xB62D, 0xC650, 0xEF78, 0xFF9B, 0xF75B, 0xF73A, 0xF75A, 0xF77B,
  0xFF9C, 0xFF9C, 0xFF9C, 0xFF9C, 0xF77B, 0xEF3A, 0xE73A, 0xF77C, 0xFFBD, 0xFFBD, 0xFFBD, 0xFFBD,
  0xFFDD, 0xFFDD, 0xF7BC, 0xE779, 0xDF15, 0xC691, 0xBE30, 0xBE0F, 0xBE4E, 0xC66E, 0xC68E, 0xCEAF,
  0xCEAF, 0xCEAF, 0xCEAF, 0xC6AF, 0xCED0, 0xD712, 0xDF54, 0xE755, 0xE776, 0xE776, 0xE796, 0xE794,
  0xD730, 0xBE8C, 0xA5E7, 0x7CE4, 0x9547, 0xDF73, 0xEF98, 0xEF98, 0xEF98, 0xEF99, 0xEF99, 0xE799,
  0xE798, 0xEF97, 0xEFB7, 0xE776, 0xE776, 0xE776, 0xDF75, 0xDF56, 0xD715, 0xB612, 0x7C2C, 0x52C8,
  0x3185, 0x2964, 0x2965, 0x2945, 0x2124, 0x2104, 0x2904, 0x3965, 0x3124, 0x20E2, 0x3965, 0x7B2C,
  0x8BCE, 0x7B2C, 0x72EB, 0x6AEA, 0x730B, 0x6288, 0x4184, 0x6247, 0x9B8B, 0xBC2D, 0xC44D, 0xD4AE,
  0xD4CF, 0xD4CF, 0xD4CF, 0xD4CF, 0xD4CF, 0xCCD1, 0xCCF2, 0xCCF3, 0xC4D2, 0xC4D2, 0xBC91, 0xB42F,
  0xB3ED, 0xABCC, 0xABCC, 0xAB8B, 0xA36B, 0xAB8B, 0xABAB, 0xABAC, 0xB3EC, 0xAB8B, 0xA36A, 0xA38B,
  0xA3AC, 0xB42E, 0xBC6F, 0xB46F, 0x9BED, 0x7B4B, 0x62EA, 0x632B, 0x632B, 0x6B6C, 0x7C0D, 0x848F,
  0xA5B2, 0xBE73, 0xB652, 0xB672, 0xB672, 0xB692, 0xBEB3, 0xBEB3, 0xBED3, 0xC6D3, 0xCEF3, 0xC6F3,
  0xB691, 0xA630, 0x8DCE, 0x7D8D, 0x7D6C, 0x7D4C, 0x752B, 0x752B, 0x752B, 0x6D0A, 0x856E, 0xEFBC,
  0xA672, 0x7D2D, 0x3B46, 0x2AA4, 0x2284, 0x2284, 0x22A4, 0x22A4, 0x22A4, 0x2AC5, 0x3306, 0x3326,
  0x3347, 0x3B87, 0x43C8, 0x4C28, 0x5C88, 0x5C89, 0x5C89, 0x64A9, 0x6CC9, 0x7D2B, 0x95AD, 0xA60E,
  0xB66F, 0xC6D1, 0xDF53, 0xE793, 0xE793, 0xE772, 0xDF31, 0xD730, 0xD70F, 0xD70F, 0xD70F, 0xD70F,
  0xD6EE, 0xCECE, 0xCECE, 0xCECD, 0xCEED, 0xCEEE, 0xD70E, 0xD70E, 0xD6EE, 0xD70F, 0xDF30, 0xDF30,
  0xD710, 0xC6AE, 0xBE6D, 0xA60B, 0x9589, 0x8D49, 0x8D28, 0x8549, 0x8549, 0x8529, 0x8529, 0x8D49,
  0x958A, 0x9DAA, 0x9DCA, 0x9DAA, 0x8D69, 0x8529, 0x7D09, 0x74E9, 0x74C8, 0x74E9, 0x7CE9, 0x7D09,
  0x8549, 0x958A, 0x9DAB, 0x9DAB, 0x9D8B, 0x958A, 0x958A, 0x8D6A, 0x8D4A, 0x8529, 0x8D49, 0x8D4A,
  0x958A, 0xA5CB, 0xADEC, 0xB62D, 0xB60E, 0xD6D4, 0xEF39, 0xEF1A, 0xF75B, 0xF75A, 0xF73A, 0xF75A,
  0xFF9C, 0xFFBD, 0xFF9C, 0xFF9C, 0xEF3B, 0xE71A, 0xDED9, 0xE6FA, 0xF77C, 0xFFBD, 0xFF9D, 0xFF9D,
  0xFF9D, 0xFFBD, 0xFFBD, 0xFFDD, 0xFFFD, 0xF7DB, 0xEF9A, 0xE758, 0xDF16, 0xD6D4, 0xCEB2, 0xC671,
  0xC650, 0xC66F, 0xC68F, 0xC68F, 0xCED1, 0xD712, 0xDF54, 0xDF54, 0xDF54, 0xDF54, 0xDF54, 0xDF55,
  0xDF75, 0xDF73, 0xCF2F, 0xB64B, 0xADEA, 0xD732, 0xEF96, 0xEF98, 0xEF98, 0xEF98, 0xEF99, 0xEFB9,
  0xEFB8, 0xEFB8, 0xEFB7, 0xE797, 0xE776, 0xE776, 0xDF55, 0xDF76, 0xCEF4, 0xADB0, 0x73EB, 0x3A05,
  0x2985, 0x2964, 0x2944, 0x2945, 0x2945, 0x2124, 0x2904, 0x3145, 0x20C2, 0x3124, 0x72CA, 0x8B6D,
  0x6A8A, 0x51A6, 0x59E7, 0x4985, 0x49A5, 0x5207, 0x49A5, 0x3902, 0x38E2, 0x7247, 0xA38A, 0xC44C,
  0xDCCE, 0xDCCE, 0xD48D, 0xDCAE, 0xD4CE, 0xD4AF, 0xD4F1, 0xCCD1, 0xC491, 0xC4B2, 0xBC92, 0xC492,
  0xBC70, 0xBC4E, 0xBC2D, 0xB3CC, 0xB3CC, 0xB3EC, 0xB3CC, 0xABAB, 0xAB8A, 0xAB8A, 0xA36A, 0xA38B,
  0xABCC, 0xB42D, 0xB44E, 0xAC4E, 0x93AC, 0x6ACA, 0x4A48, 0x4A49, 0x52AA, 0x5AEB, 0x5B2B, 0x6BCC,
  0x848E, 0xADF2, 0xB673, 0xB652, 0xB672, 0xB692, 0xB692, 0xBED3, 0xC6F4, 0xD735, 0xE776, 0xDF96,
  0xC6D3, 0xA60F, 0x8DAD, 0x7D8C, 0x754C, 0x754C, 0x7D2B, 0x856C, 0x8DAE, 0x8DAD, 0x95CF, 0xEFBC,
  0xA672, 0x7D4D, 0x3B46, 0x2AA4, 0x22A4, 0x22A4, 0x22A4, 0x22A4, 0x22A4, 0x3306, 0x3B46, 0x3B46,
  0x3B67, 0x43A8, 0x4BE8, 0x5428, 0x6488, 0x6CC9, 0x7D4B, 0x95CD, 0xAE4F, 0xCF12, 0xDF53, 0xE793,
  0xEFB4, 0xEFB4, 0xEF93, 0xEF93, 0xE752, 0xD710, 0xD710, 0xD72F, 0xD6EE, 0xD6EE, 0xCEEE, 0xCEEE,
  0xCECE, 0xC68D, 0xC6AD, 0xC6AD, 0xC6AC, 0xBE8C, 0xBE8C, 0xC68C, 0xC68D, 0xC6AD, 0xCECE, 0xD6EE,
  0xDF2F, 0xDF50, 0xDF70, 0xD72F, 0xCECE, 0xC6AD, 0xB62C, 0xADEB, 0xB60B, 0xB62C, 0xB60C, 0xB5EB,
  0xB60B, 0xAE0B, 0xA5EA, 0x9DA9, 0x8D69, 0x8529, 0x7D09, 0x7D09, 0x7508, 0x74E8, 0x7CE8, 0x7D09,
  0x7D09, 0x8509, 0x8529, 0x8529, 0x8529, 0x8D6A, 0x8D4A, 0x852A, 0x8529, 0x8529, 0x8529, 0x8D49,
  0x958A, 0xA5CB, 0xADEC, 0xB5EE, 0xCE73, 0xEF39, 0xEEF8, 0xDE97, 0xE6B8, 0xEEF9, 0xEF1A, 0xEF3A,
  0xF75B, 0xFF9C, 0xFF9C, 0xFF9C, 0xF75C, 0xF75B, 0xEF3B, 0xE6FA, 0xE6FA, 0xF77C, 0xFF9D, 0xFF9D,
  0xFF9D, 0xFF9D, 0xFF9D, 0xFF9D, 0xF79C, 0xFFBD, 0xFFDD, 0xFFFD, 0xFFDD, 0xFFDC, 0xF7BB, 0xEF99,
  0xE757, 0xC671, 0xBE4F, 0xC68F, 0xC6D0, 0xD712, 0xD712, 0xD713, 0xD733, 0xDF33, 0xDF33, 0xDF54,
  0xDF54, 0xE774, 0xDF93, 0xDF72, 0xD711, 0xDF53, 0xE796, 0xEF97, 0xEF98, 0xEF98, 0xEF98, 0xEF99,
  0xEFB9, 0xEFB9, 0xEF98, 0xEF97, 0xE797, 0xE776, 0xE776, 0xE776, 0xDF35, 0xADD1, 0x5B28, 0x31C5,
  0x31A5, 0x2124, 0x2965, 0x2124, 0x2124, 0x2924, 0x2104, 0x2924, 0x20C3, 0x51E7, 0x82EB, 0x7ACB,
  0x6A28, 0x7289, 0x7ACA, 0x82EA, 0x7ACA, 0x72A9, 0x7268, 0x6227, 0x59E6, 0x38C2, 0x6A26, 0x936A,
  0xABAA, 0xCC6E, 0xDCCF, 0xD48D, 0xC42C, 0xCC4D, 0xD4AF, 0xCCD0, 0xCCF1, 0xCCF3, 0xBC92, 0xBC92,
  0xC4B1, 0xC490, 0xC44E, 0xB3EC, 0xB3EC, 0xB3CB, 0xABAA, 0xAB8A, 0xA369, 0xA369, 0xAB6A, 0xABAB,
  0xB3EC, 0xB3EC, 0xB40D, 0xA3ED, 0x7AE9, 0x5A48, 0x4207, 0x41E8, 0x4228, 0x4228, 0x5AEB, 0x5B2B,
  0x636B, 0x8CEF, 0xAE33, 0xAE52, 0xB692, 0xB673, 0xB693, 0xBED3, 0xCF14, 0xE777, 0xF7F9, 0xF7FA,
  0xDF76, 0xAE50, 0x8DAD, 0x7D8C, 0x756C, 0x7D4C, 0x8D8D, 0xB691, 0xD734, 0xC6F3, 0xAE72, 0xEFDC,
  0x6CAC, 0x53E9, 0x3306, 0x2AA5, 0x22A4, 0x22A4, 0x2AC4, 0x2AA4, 0x2AE5, 0x3346, 0x3B67, 0x3B66,
  0x43A7, 0x4C08, 0x5C48, 0x6CEA, 0x854B, 0xA5CD, 0xC690, 0xDF33, 0xEFB5, 0xF7D5, 0xF7D5, 0xF7B4,
  0xEF72, 0xE751, 0xDF10, 0xD710, 0xCEEF, 0xCEEF, 0xD6EF, 0xCEEF, 0xCECE, 0xCECE, 0xCEAE, 0xC6AE,
  0xC68E, 0xC68D, 0xC68D, 0xC6AD, 0xC68D, 0xBE6D, 0xBE8D, 0xC6AD, 0xC6AD, 0xC68C, 0xC68C, 0xC68C,
  0xCEAC, 0xCECD, 0xDF0E, 0xE74F, 0xEF70, 0xEF91, 0xEF70, 0xDF0F, 0xDF0F, 0xE70F, 0xE70F, 0xE70F,
  0xDECF, 0xC66D, 0xAE0B, 0x9DAA, 0x9589, 0x8D49, 0x7D29, 0x74E8, 0x74E8, 0x74E8, 0x74E8, 0x74E9,
  0x74E8, 0x7CE8, 0x7CE9, 0x7CE9, 0x7D08, 0x8529, 0x8549, 0x8529, 0x8509, 0x8509, 0x8529, 0x8D4A,
  0x9DAB, 0xA5EC, 0xADED, 0xBE10, 0xEF38, 0xF739, 0xEF19, 0xE6B7, 0xD656, 0xD657, 0xDE98, 0xEED9,
  0xEF1A, 0xF75B, 0xFF7C, 0xFF9C, 0xFF9C, 0xFF7C, 0xFF7C, 0xFF7C, 0xEF3B, 0xE6FA, 0xEF3B, 0xF77C,
  0xFF9D, 0xFF9D, 0xFF9D, 0xF79C, 0xF79C, 0xF79D, 0xFF9D, 0xFFBD, 0xFFBD, 0xFFDD, 0xFFDD, 0xFFDD,
  0xFFFD, 0xDF16, 0xB5F0, 0xBE70, 0xC690, 0xCED1, 0xCEF1, 0xCF11, 0xCEF2, 0xD712, 0xD712, 0xD732,
  0xDF33, 0xDF54, 0xDF74, 0xE774, 0xE774, 0xE774, 0xE775, 0xE777, 0xE797, 0xE797, 0xEF98, 0xEF98,
  0xEFB8, 0xEFB8, 0xEFB8, 0xE7B8, 0xE797, 0xE797, 0xE776, 0xDF56, 0xD6F4, 0x8C8D, 0x4AA7, 0x4226,
  0x3185, 0x2944, 0x2965, 0x2104, 0x2104, 0x2124, 0x2104, 0x18A2, 0x28E3, 0x6289, 0x830B, 0x72A9,
  0x72A9, 0x72A9, 0x7A88, 0x8B2B, 0x934C, 0x8AEA, 0x82CA, 0x82C9, 0x7AA8, 0x49C5, 0x28A1, 0x28E2,
  0x3923, 0x59E6, 0x7AE9, 0x9B8B, 0x9B49, 0xB3EC, 0xABAB, 0xB3ED, 0xB42E, 0xBC91, 0xBCD3, 0xC4F4,
  0xC4D3, 0xBCB2, 0xBC6F, 0xBC4E, 0xB42D, 0xB3EC, 0xABAB, 0xAB6A, 0xA349, 0xAB6A, 0xAB8B, 0xB3CB,
  0xBC0C, 0xB3EC, 0xABCC, 0x936B, 0x72A8, 0x5207, 0x41C7, 0x41C7, 0x39E7, 0x39E7, 0x4248, 0x52EA,
  0x5B4B, 0x742D, 0x9550, 0xA611, 0xB672, 0xB673, 0xB692, 0xBED3, 0xC6D3, 0xE777, 0xFFFA, 0xFFFA,
  0xE7B7, 0xAE71, 0x8D8D, 0x7D6C, 0x754C, 0x7D4C, 0xA630, 0xDF96, 0xFFF8, 0xDF96, 0xC6D4, 0xF7DD,
  0x3306, 0x32E5, 0x2AA5, 0x22A4, 0x22A4, 0x2AC4, 0x2AC5, 0x32E5, 0x3B46, 0x3346, 0x3366, 0x3BA7,
  0x5428, 0x64CA, 0x856B, 0xA62E, 0xC6D1, 0xE773, 0xF794, 0xF7D5, 0xFFD5, 0xF794, 0xE752, 0xDF30,
  0xDF10, 0xD6EF, 0xD6EF, 0xCEEF, 0xCECF, 0xCEF0, 0xD711, 0xDF32, 0xDF32, 0xDF32, 0xD711, 0xD711,
  0xD711, 0xD711, 0xD6F1, 0xCEF0, 0xD6F0, 0xD6F0, 0xCED0, 0xD6F0, 0xCEEF, 0xCEAE, 0xCECE, 0xCEEE,
  0xCEED, 0xD6ED, 0xD6ED, 0xD6ED, 0xDF0E, 0xE750, 0xF7B1, 0xF7D2, 0xF7B1, 0xF7B2, 0xF7B3, 0xF7B3,
  0xEF72, 0xD6EF, 0xBE4C, 0xA5CA, 0x9DAA, 0x8D69, 0x7D28, 0x74C8, 0x74C8, 0x74C8, 0x74C8, 0x74C8,
  0x74C8, 0x74E8, 0x7509, 0x7509, 0x7509, 0x7509, 0x7D29, 0x8529, 0x8529, 0x8529, 0x8529, 0x956A,
  0xA5CC, 0xAE0C, 0xB5EF, 0xDED5, 0xF77A, 0xF739, 0xEF19, 0xEEF8, 0xDE97, 0xD636, 0xD636, 0xD657,
  0xDE98, 0xEEF9, 0xF75B, 0xFF7B, 0xFF7C, 0xFF9C, 0xFF7C, 0xFF9C, 0xF77C, 0xEF1B, 0xE6FA, 0xEF1B,
  0xF77C, 0xFF9D, 0xFFBD, 0xF7BD, 0xF7BD, 0xF79D, 0xF79C, 0xF79C, 0xFFBD, 0xFFDD, 0xFFDD, 0xFFBD,
  0xFFDD, 0xFFDC, 0xD6D6, 0xC632, 0xBE10, 0xBE30, 0xCEB1, 0xCEF1, 0xCEF2, 0xD712, 0xD712, 0xD732,
  0xD732, 0xDF33, 0xDF53, 0xDF54, 0xDF74, 0xDF54, 0xDF54, 0xE775, 0xE776, 0xE776, 0xE777, 0xE797,
  0xEF97, 0xEFB8, 0xEFB8, 0xEFB8, 0xEF97, 0xE777, 0xE756, 0xDF35, 0xADF1, 0x5B49, 0x4A87, 0x4227,
  0x31A5, 0x2965, 0x2104, 0x2104, 0x20E4, 0x20E4, 0x18E3, 0x1882, 0x49A6, 0x7AEA, 0x82EA, 0x7ACA,
  0x6A48, 0x5184, 0x51A5, 0x59C6, 0x6A48, 0x7268, 0x6206, 0x6A27, 0x82EA, 0x5A27, 0x28C2, 0x3103,
  0x20A1, 0x1840, 0x1840, 0x5A06, 0x4985, 0x38E2, 0x5185, 0x7AEA, 0x8B6C, 0x836C, 0x6A89, 0x832D,
  0x93AF, 0xAC71, 0xC4B1, 0xBCB0, 0xBC6E, 0xB40D, 0xAB8A, 0xA34A, 0xAB6A, 0xB38A, 0xAB8A, 0xB3AB,
  0xB3CB, 0xB3CB, 0xABAB, 0x8B4A, 0x6A68, 0x51E7, 0x39A6, 0x39A6, 0x39E7, 0x4228, 0x4228, 0x3A27,
  0x52C9, 0x5B6A, 0x84AE, 0xAE53, 0xAE52, 0xAE72, 0xB692, 0xB692, 0xB692, 0xCED4, 0xDF76, 0xE797,
  0xCF14, 0x9E0F, 0x858D, 0x7D6C, 0x754C, 0x856D, 0xAE71, 0xDF95, 0xEFD7, 0xD755, 0xBE93, 0xF7DC,
  0x2AA5, 0x2AA4, 0x2AA4, 0x2AA4, 0x2AC4, 0x2AE5, 0x32E5, 0x3B46, 0x4387, 0x3B86, 0x3BA6, 0x5428,
  0x750B, 0x8DCC, 0xB68F, 0xCF11, 0xE7B3, 0xF7D4, 0xEF93, 0xEF93, 0xEF92, 0xDF31, 0xD6F0, 0xD6F0,
  0xD6F0, 0xD710, 0xD711, 0xD711, 0xD712, 0xDF33, 0xE775, 0xF7B6, 0xF7B7, 0xF7D7, 0xF7D8, 0xF7B8,
  0xF7B8, 0xF7B8, 0xF7B7, 0xF7B7, 0xF7B7, 0xEFB7, 0xEF96, 0xE775, 0xDF53, 0xDF32, 0xDF32, 0xDF51,
  0xE751, 0xDF30, 0xDF30, 0xDF0F, 0xDF0F, 0xDF0F, 0xE750, 0xEF91, 0xF7D2, 0xF7D4, 0xFFD7, 0xFFF7,
  0xF7D5, 0xE751, 0xCEAD, 0xB5EB, 0x9DAA, 0x8D69, 0x8528, 0x7CE8, 0x74E8, 0x6CC7, 0x6CC7, 0x6CC7,
  0x6CC8, 0x74E8, 0x7509, 0x7509, 0x74E9, 0x7509, 0x7D09, 0x7D09, 0x8529, 0x8529, 0x956A, 0x9DCB,
  0xADEC, 0xADEC, 0xC651, 0xF759, 0xF73A, 0xF719, 0xEF19, 0xEF19, 0xEEF8, 0xE6B8, 0xDE77, 0xD636,
  0xD636, 0xDE77, 0xE6B8, 0xEF1A, 0xF77B, 0xFF9C, 0xFF9C, 0xFF9C, 0xFF9C, 0xF77C, 0xEF3B, 0xE6DA,
  0xE6FA, 0xF77C, 0xF79C, 0xF79C, 0xFF9D, 0xFF9D, 0xFF9C, 0xF77C, 0xF77C, 0xFF9D, 0xFFBD, 0xFFBD,
  0xFFBD, 0xFFBD, 0xFFBB, 0xE6D7, 0xE6B5, 0xDEB4, 0xD693, 0xCE72, 0xCEB2, 0xD6F2, 0xD733, 0xD733,
  0xD733, 0xD732, 0xD732, 0xD732, 0xD713, 0xD713, 0xD733, 0xDF34, 0xDF54, 0xDF54, 0xE775, 0xE776,
  0xE796, 0xEFB7, 0xF7D8, 0xF7D8, 0xEF97, 0xE776, 0xD715, 0xB5F0, 0x8CCD, 0x6BAA, 0x4A67, 0x2985,
  0x2965, 0x2944, 0x2124, 0x2104, 0x18E3, 0x18E3, 0x2124, 0x2904, 0x5A28, 0x8B2B, 0x7AA9, 0x6207,
  0x4944, 0x5184, 0x5164, 0x4123, 0x5185, 0x51A5, 0x6227, 0x51A5, 0x6227, 0x4185, 0x20A1, 0x59E5,
  0x7A87, 0x59C5, 0x4144, 0x4186, 0x2062, 0x3945, 0x5207, 0x5A48, 0x6288, 0x72EA, 0x6ACA, 0x6AEB,
  0x732C, 0x72CB, 0x7B0C, 0xA42F, 0xBC90, 0xB40D, 0xAB8A, 0xAB8A, 0xAB8A, 0xAB8A, 0xAB6A, 0xAB8A,
  0xABAB, 0xABCB, 0xA3AB, 0x8B2A, 0x6248, 0x49C7, 0x3985, 0x3145, 0x3186, 0x4228, 0x4249, 0x4A89,
  0x52CA, 0x636B, 0x6BEC, 0x952F, 0xA5F1, 0xAE52, 0xAE72, 0xAE51, 0xA630, 0xA630, 0xA651, 0xA651,
  0x9DEF, 0x8DAE, 0x7D8D, 0x7D6D, 0x858D, 0x95EE, 0xAE70, 0xC6F2, 0xCF13, 0xBE91, 0xB672, 0xF7DC,
  0x2284, 0x2AA4, 0x2AA4, 0x2AC4, 0x2AC4, 0x2AE5, 0x3326, 0x3B87, 0x43A7, 0x43C7, 0x5C89, 0x7D4B,
  0x9E2E, 0xBECF, 0xCF10, 0xDF72, 0xE792, 0xDF30, 0xDEF0, 0xDF10, 0xDF31, 0xDF10, 0xD710, 0xD6F1,
  0xD711, 0xDF33, 0xE754, 0xEF76, 0xF7B8, 0xF7D9, 0xFFFA, 0xFFFA, 0xFFFB, 0xFFFB, 0xFFFB, 0xFFFB,
  0xFFFB, 0xFFFA, 0xFFFA, 0xFFFA, 0xFFFA, 0xFFF9, 0xFFF9, 0xFFF9, 0xF7D7, 0xF7D7, 0xF7B6, 0xF7B5,
  0xF7B4, 0xEF93, 0xEF72, 0xEF72, 0xEF71, 0xE751, 0xE751, 0xE751, 0xF7B3, 0xFFD6, 0xFFD9, 0xFFD9,
  0xFFD6, 0xF7B3, 0xDF0F, 0xBE4C, 0xAE0B, 0x9DAA, 0x8528, 0x7D08, 0x7D08, 0x7CE8, 0x74E8, 0x6CE8,
  0x74E8, 0x8529, 0x7D08, 0x74E8, 0x74E9, 0x74C9, 0x74C8, 0x74E8, 0x7D29, 0x854A, 0x958B, 0x9DCB,
  0xADEC, 0xADED, 0xDEF5, 0xF739, 0xF719, 0xEF19, 0xEF19, 0xEEF8, 0xEEF8, 0xEED8, 0xE6B8, 0xDE56,
  0xD636, 0xD636, 0xD656, 0xD677, 0xE6D9, 0xF73B, 0xFF7B, 0xFF9C, 0xFF9C, 0xFF9C, 0xF77C, 0xEF1B,
  0xE6D9, 0xE6FA, 0xF75C, 0xF77C, 0xFF9D, 0xFF9D, 0xFF9D, 0xF75C, 0xEF3B, 0xF77C, 0xFFBD, 0xFFBD,
  0xFFBD, 0xFF9D, 0xFFBC, 0xF6F9, 0xE655, 0xF6B6, 0xF6D5, 0xEEF6, 0xE6D4, 0xDEB3, 0xDED3, 0xD6D3,
  0xD6F3, 0xD713, 0xD733, 0xD733, 0xD713, 0xCF13, 0xCF13, 0xD713, 0xDF33, 0xDF54, 0xE775, 0xE755,
  0xE775, 0xE796, 0xEFB7, 0xEFB7, 0xEF97, 0xE776, 0xD714, 0xBE52, 0x94EE, 0x52A7, 0x2984, 0x2964,
  0x2944, 0x2924, 0x2945, 0x2104, 0x20E4, 0x20C3, 0x3145, 0x4186, 0x6268, 0x830B, 0x6A07, 0x5965,
  0x7227, 0x930A, 0xABCC, 0xB42E, 0x934A, 0x82C9, 0x7AC9, 0x51A5, 0x4965, 0x30E2, 0x30C1, 0x8AC8,
  0xC44D, 0x9B2A, 0x59E6, 0x28A2, 0x3944, 0x5A27, 0x51C6, 0x4985, 0x4164, 0x49A5, 0x5A48, 0x5A89,
  0x7B6D, 0x9430, 0x836E, 0x5207, 0x6A68, 0xA3AD, 0xABEC, 0xABCB, 0xB38A, 0xAB6A, 0xAB49, 0xAB8A,
  0xB3CB, 0xABAB, 0x9B4A, 0x7AC9, 0x6227, 0x3985, 0x3165, 0x2965, 0x2945, 0x3186, 0x3A08, 0x4A69,
  0x52CA, 0x5B0A, 0x5B4A, 0x744D, 0x9D70, 0xAE32, 0xAE72, 0xA651, 0x9E10, 0x95EF, 0x8DCF, 0x8DAE,
  0x858E, 0x85AE, 0x858D, 0x858E, 0x9E10, 0xB691, 0xBED1, 0xBEB1, 0xBE91, 0xAE0F, 0xAE31, 0xF7DC,
  0x2AA4, 0x2AE5, 0x2AE5, 0x2B05, 0x3325, 0x3325, 0x3346, 0x3BA7, 0x4C28, 0x6CEA, 0x8DAD, 0xAE8F,
  0xC710, 0xCF2F, 0xD72F, 0xCF0F, 0xC6CE, 0xC6AE, 0xCECF, 0xCEF0, 0xD710, 0xD731, 0xDF32, 0xE753,
  0xE795, 0xF7B8, 0xFFFA, 0xFFFB, 0xFFFC, 0xFFFC, 0xFFFC, 0xFFDC, 0xFFFC, 0xFFFB, 0xFFDB, 0xFFDA,
  0xFFDA, 0xFFD9, 0xFFD9, 0xFFF8, 0xFFF8, 0xFFD8, 0xFFD8, 0xFFD8, 0xFFD8, 0xFFD8, 0xFFD8, 0xFFD7,
  0xFFD6, 0xFFF6, 0xFFD5, 0xF7B4, 0xEF93, 0xEF73, 0xEF73, 0xEF72, 0xF7B3, 0xFFD6, 0xFFD8, 0xFFD8,
  0xFFD7, 0xF7B4, 0xE751, 0xCECE, 0xB64C, 0xA60B, 0x9569, 0x8548, 0x8548, 0x8548, 0x7D28, 0x7D28,
  0x9DAB, 0xBE6D, 0xB64D, 0x8D49, 0x74E8, 0x74C8, 0x6CC8, 0x6CC8, 0x7D09, 0x854A, 0x8D6A, 0x958B,
  0xA58C, 0xBE30, 0xEF38, 0xEEF9, 0xF719, 0xEEF9, 0xEEF9, 0xEEF9, 0xEEF8, 0xEEF8, 0xEED8, 0xE6B8,
  0xDE77, 0xD657, 0xD657, 0xD656, 0xD657, 0xDE78, 0xE6D9, 0xEF1A, 0xF75B, 0xFF9C, 0xFF9C, 0xF77C,
  0xEF1A, 0xE6D9, 0xEF3B, 0xF75C, 0xF77C, 0xFF9D, 0xFF9D, 0xF77C, 0xEF3B, 0xF75C, 0xF7BD, 0xFFBD,
  0xFF9D, 0xFF9D, 0xFFBD, 0xFF7B, 0xD5F5, 0xD572, 0xDDB2, 0xEE34, 0xF6B6, 0xF6F6, 0xF6F6, 0xE6D5,
  0xDE93, 0xD6B3, 0xD6D3, 0xD714, 0xD734, 0xD733, 0xD733, 0xDF33, 0xDF34, 0xDF54, 0xE774, 0xE775,
  0xE775, 0xE775, 0xEFB6, 0xEFB6, 0xEF96, 0xE775, 0xD6F4, 0xB5F1, 0x842C, 0x4266, 0x31A5, 0x2965,
  0x2965, 0x2965, 0x2104, 0x2103, 0x2103, 0x3124, 0x51E7, 0x6228, 0x6A68, 0x936C, 0x8AE9, 0x7A68,
  0xA36C, 0xB3EC, 0xC44D, 0xD48E, 0xC44E, 0xAB8B, 0x82A8, 0x61E6, 0x4965, 0x30E2, 0x61E6, 0xA38B,
  0xC40D, 0xA32A, 0x5164, 0x30C2, 0x4144, 0x4964, 0x5A06, 0x6227, 0x5A06, 0x6227, 0x5A27, 0x51E7,
  0x5228, 0x628A, 0x838E, 0x83AE, 0x3944, 0x3102, 0x7AC9, 0x9BAB, 0xA38A, 0xAB69, 0xAB69, 0xAB8A,
  0xAB8A, 0x9B49, 0x82E8, 0x6247, 0x51E6, 0x3986, 0x2945, 0x2945, 0x2966, 0x2945, 0x31A7, 0x4248,
  0x4268, 0x530A, 0x5329, 0x5B8A, 0x8D0E, 0xA5F1, 0xAE52, 0xA651, 0x9E0F, 0x8DCF, 0x85AE, 0x858E,
  0x858E, 0x858D, 0x858E, 0x95CF, 0xB6B2, 0xC713, 0xC6F2, 0xBEB1, 0xB670, 0xA62F, 0xB651, 0xEFDC,
  0x3326, 0x3326, 0x3325, 0x3346, 0x3B86, 0x3B87, 0x43C8, 0x5449, 0x752B, 0x95CC, 0xAE4E, 0xC6EF,
  0xCF2F, 0xCF0E, 0xC6CE, 0xBE8D, 0xC6AE, 0xC6CF, 0xCEF0, 0xD711, 0xD732, 0xE775, 0xEFB8, 0xF7D9,
  0xFFFB, 0xFFFC, 0xFFFC, 0xFFDD, 0xFFDD, 0xFFFD, 0xFFFC, 0xFFFC, 0xFFFB, 0xFFDA, 0xFFD9, 0xFFD8,
  0xFFD7, 0xFFD6, 0xF7D6, 0xF7D5, 0xF7D5, 0xFFD5, 0xFFD5, 0xFFD5, 0xF7D5, 0xFFD5, 0xFFD6, 0xFFD6,
  0xFFD6, 0xFFD5, 0xFFD5, 0xFFD6, 0xF7B5, 0xF7B5, 0xF795, 0xEF94, 0xF7B4, 0xFFD4, 0xFFD5, 0xFFD6,
  0xF7D5, 0xF7B3, 0xE771, 0xD72F, 0xC6AE, 0xB64C, 0x9DCA, 0x95AA, 0x8D69, 0x8D69, 0x8548, 0x8D69,
  0xBE6D, 0xE730, 0xDF30, 0xA5CB, 0x7CE8, 0x74C8, 0x74E9, 0x74C8, 0x74E9, 0x7D29, 0x854A, 0x956B,
  0x9D4C, 0xCE73, 0xEF18, 0xEED8, 0xEF19, 0xEEF8, 0xEEF9, 0xEEF9, 0xEEF9, 0xEEF9, 0xEEF9, 0xEED9,
  0xE6B8, 0xDE97, 0xD677, 0xD677, 0xDE57, 0xD677, 0xD677, 0xDE98, 0xDEB9, 0xE6FA, 0xEF3B, 0xF75B,
  0xF75B, 0xEF1A, 0xE6FA, 0xEF3B, 0xEF3B, 0xF75B, 0xFF9D, 0xFF9C, 0xF77C, 0xEF5C, 0xF77D, 0xFF9D,
  0xFF9D, 0xFF9D, 0xFF9C, 0xFF9C, 0xEEB8, 0xCD52, 0xD530, 0xD530, 0xDD71, 0xE5D3, 0xEE34, 0xF6B5,
  0xFEF6, 0xF716, 0xE6D5, 0xDED4, 0xD6B3, 0xDEF3, 0xDF34, 0xDF54, 0xE774, 0xE774, 0xE774, 0xE774,
  0xE775, 0xE775, 0xE795, 0xE795, 0xE796, 0xDF34, 0xC692, 0xADD0, 0x7C0B, 0x4A87, 0x4227, 0x39C6,
  0x3185, 0x2124, 0x2103, 0x2944, 0x3164, 0x5207, 0x72CA, 0x7268, 0x6206, 0xAC0D, 0xB42D, 0xA36B,
  0xA36A, 0xAB8A, 0xBBEB, 0xBC0C, 0xB3AB, 0xAB6B, 0x932A, 0x7AA9, 0x3903, 0x4943, 0xA3AC, 0xCC90,
  0xC46F, 0x8AC9, 0x38E2, 0x3903, 0x4944, 0x4944, 0x6206, 0x7267, 0x72A8, 0x7288, 0x6A88, 0x6248,
  0x5A07, 0x49C7, 0x5207, 0x7B2C, 0x7B4C, 0x20A2, 0x51E7, 0x7288, 0x8B29, 0xA36A, 0xABAA, 0xA349,
  0x9AE8, 0x8AC8, 0x6A67, 0x51E6, 0x41A5, 0x3165, 0x2945, 0x2945, 0x2945, 0x2966, 0x2965, 0x31C6,
  0x4249, 0x4AA9, 0x42A8, 0x5329, 0x7C8D, 0x9DB1, 0x9E12, 0x9E10, 0x95EF, 0x8DAE, 0x85AE, 0x858D,
  0x7D8D, 0x7D6D, 0x858E, 0x95EF, 0xAE91, 0xBEB2, 0xBEB1, 0xB690, 0xAE50, 0xAE4F, 0xB672, 0xEFDC,
  0x3B66, 0x3346, 0x3B86, 0x43A7, 0x43C7, 0x4C08, 0x648A, 0x858D, 0x9E4E, 0xAE4E, 0xBEAE, 0xC6EF,
  0xC6CE, 0xC6AD, 0xC6AE, 0xCEEF, 0xCF10, 0xD711, 0xD712, 0xDF54, 0xEFB7, 0xF7DA, 0xFFFC, 0xFFFC,
  0xFFDD, 0xFFDD, 0xFFDD, 0xFFDC, 0xFFDC, 0xFFFB, 0xFFFB, 0xFFFA, 0xFFF9, 0xFFD7, 0xFFD6, 0xF7D5,
  0xF7D4, 0xF7D4, 0xF7D4, 0xF7D4, 0xFFD4, 0xFFD3, 0xFFD3, 0xFFD4, 0xFFD4, 0xF7D4, 0xF7D4, 0xF7B5,
  0xF7B4, 0xF7B5, 0xF7B5, 0xF7D5, 0xFFD6, 0xFFD6, 0xFFD6, 0xFFD6, 0xF7B5, 0xF7D4, 0xF7B4, 0xF7B3,
  0xEF72, 0xE772, 0xDF30, 0xCEEF, 0xCEEF, 0xBEAE, 0xAE4C, 0xA62B, 0x9DCA, 0x9DAA, 0x9589, 0x9DAA,
  0xC68E, 0xE730, 0xDF10, 0xA5AB, 0x7CE8, 0x74C8, 0x74E9, 0x74E9, 0x7509, 0x7D29, 0x854A, 0x956B,
  0xA54D, 0xDEB5, 0xE6B7, 0xDE76, 0xEEF9, 0xEEF8, 0xE6D8, 0xEEF9, 0xEF19, 0xEF19, 0xEEF9, 0xEEF9,
  0xEED9, 0xEEF9, 0xEF1A, 0xEF1A, 0xEF1A, 0xEF1A, 0xEF1A, 0xEF1A, 0xEF3B, 0xF77C, 0xF77C, 0xF75B,
  0xEF3B, 0xEF1B, 0xEEFA, 0xEF3B, 0xEF3B, 0xEF1A, 0xF77C, 0xFF9D, 0xFF7D, 0xF75C, 0xF75C, 0xF77D,
  0xF79D, 0xFFBD, 0xF7BC, 0xFF9C, 0xFF7C, 0xD5B4, 0xCCEF, 0xD510, 0xD510, 0xD510, 0xD550, 0xDDB2,
  0xE5F3, 0xEE75, 0xF6D6, 0xF6D6, 0xEED5, 0xE6F4, 0xDEF4, 0xDEF4, 0xDF34, 0xDF54, 0xE775, 0xE775,
  0xDF74, 0xDF54, 0xDF74, 0xE775, 0xE775, 0xDF55, 0xCED3, 0xB5F1, 0x6BAA, 0x4AA7, 0x4226, 0x3185,
  0x2964, 0x3165, 0x3165, 0x3185, 0x41E6, 0x6AC9, 0x8B2A, 0xA3AC, 0x8AE9, 0xA3AC, 0xDD32, 0xCCB0,
  0xC44E, 0xB3AB, 0xA349, 0xA32A, 0xA34A, 0xAB6B, 0xA38C, 0x6206, 0x4963, 0x9B6B, 0xCCD0, 0xE553,
  0xD4F1, 0x8AC9, 0x30A1, 0x3923, 0x5185, 0x59A5, 0x6206, 0x6206, 0x6226, 0x6A68, 0x7289, 0x6A69,
  0x6A89, 0x6269, 0x5207, 0x6269, 0x732C, 0x3144, 0x28E3, 0x4184, 0x93AC, 0xA38B, 0xA329, 0xA309,
  0x8AC8, 0x7246, 0x59E5, 0x49A5, 0x4165, 0x3144, 0x2925, 0x2125, 0x2925, 0x2945, 0x2965, 0x2986,
  0x39E7, 0x4269, 0x52EA, 0x63AB, 0x740B, 0x8D2F, 0x9DF1, 0x95F0, 0x8DAE, 0x858E, 0x858E, 0x858E,
  0x7D8E, 0x7D6D, 0x858E, 0x8DAF, 0x95CE, 0xA60F, 0xA60F, 0xAE2F, 0xAE4F, 0xB690, 0xC6D4, 0xF7FD,
  0x3B66, 0x3B86, 0x43C7, 0x43E8, 0x4C08, 0x6CCA, 0x9E0E, 0xAEB0, 0xB6B0, 0xB6AF, 0xBECE, 0xBEAD,
  0xB68D, 0xBEAD, 0xCEF0, 0xD711, 0xD712, 0xD713, 0xE775, 0xF7D9, 0xFFFB, 0xFFFD, 0xFFFD, 0xFFFD,
  0xFFFC, 0xFFFC, 0xFFDB, 0xFFDA, 0xFFF9, 0xFFF8, 0xFFF7, 0xFFD6, 0xFFD5, 0xFFD5, 0xF7D3, 0xF7B3,
  0xF7B2, 0xF7D2, 0xF7D2, 0xF7D2, 0xF7D2, 0xF7D3, 0xFFD3, 0xFFD3, 0xFFD3, 0xFFD3, 0xF7D3, 0xF7B3,
  0xF7B3, 0xF7B3, 0xEF93, 0xF793, 0xF7B4, 0xF7D5, 0xFFD6, 0xFFD6, 0xFFD6, 0xFFD6, 0xF794, 0xEF73,
  0xE752, 0xE751, 0xD710, 0xCEEF, 0xCEEF, 0xCEEF, 0xBEAD, 0xB68C, 0xAE2B, 0xA60B, 0x9DEB, 0x9DEA,
  0xAE2C, 0xC68D, 0xBE6C, 0x8D69, 0x74E8, 0x74E8, 0x7509, 0x74E9, 0x7509, 0x7D29, 0x856A, 0x956B,
  0xAD8E, 0xDEB5, 0xDE96, 0xDE76, 0xEEF9, 0xEED8, 0xE677, 0xEEB8, 0xF6F9, 0xEF19, 0xEEF9, 0xEEF9,
  0xEF1A, 0xF73A, 0xF75B, 0xFF7B, 0xFF7C, 0xFF9C, 0xFF9C, 0xFF9D, 0xFF9C, 0xFF9D, 0xFFBD, 0xFF9C,
  0xF75C, 0xEF1A, 0xE6FA, 0xEF3B, 0xF75C, 0xEF3B, 0xEF3B, 0xFF7D, 0xFF7D, 0xF77D, 0xF75C, 0xF77C,
  0xF79D, 0xF79D, 0xF79D, 0xF77D, 0xFF7D, 0xE677, 0xC4AF, 0xCCCE, 0xD4CF, 0xD4CF, 0xD4EF, 0xD4EF,
  0xD510, 0xDD51, 0xE5B2, 0xEDF3, 0xF655, 0xF6B5, 0xF6F6, 0xEEF6, 0xE6D4, 0xDED4, 0xDF14, 0xE734,
  0xDF55, 0xDF75, 0xDF75, 0xE775, 0xE775, 0xDF35, 0xCEF3, 0xBE52, 0x6BCA, 0x4AA7, 0x31A5, 0x39C5,
  0x41E6, 0x4A07, 0x4A28, 0x5248, 0x62A9, 0x72A8, 0x9B6B, 0xBC2D, 0xC44D, 0x9B09, 0xAB8C, 0xD4D1,
  0xDD11, 0xDD11, 0xD4D0, 0xD4D1, 0xD4F1, 0xBC4F, 0x7A67, 0x69E5, 0xAC0D, 0xD511, 0xDD32, 0xE553,
  0xD4D1, 0x8AC9, 0x30A2, 0x4985, 0x61E6, 0x59A5, 0x6A27, 0x5184, 0x4943, 0x4944, 0x51C5, 0x51E6,
  0x5A07, 0x72CA, 0x6269, 0x5A48, 0x6AAA, 0x3103, 0x3103, 0x6AA8, 0x8B6B, 0xA3CC, 0x9329, 0x9308,
  0x82C8, 0x6226, 0x49C6, 0x4185, 0x3965, 0x2945, 0x2124, 0x2104, 0x2104, 0x2124, 0x2124, 0x2965,
  0x31A7, 0x31E7, 0x4268, 0x4AA8, 0x6BCB, 0x742C, 0x8D70, 0x95F0, 0x8DAE, 0x858E, 0x7D8D, 0x7D6D,
  0x7D8D, 0x7D6D, 0x858E, 0x8DAE, 0x8DAE, 0x95CE, 0x9DEE, 0xA62E, 0xB690, 0xC6F2, 0xD755, 0xF7FD,
  0x3B66, 0x3B86, 0x43C7, 0x4C08, 0x64CA, 0x9E2F, 0xBF12, 0xB6D0, 0xAE6E, 0xAE6E, 0xAE6D, 0xAE6C,
  0xBECE, 0xD750, 0xCF31, 0xCED1, 0xD6F3, 0xE777, 0xF7DA, 0xFFFC, 0xFFFC, 0xFFDD, 0xFFDC, 0xFFFB,
  0xFFFA, 0xFFF9, 0xFFD8, 0xFFD7, 0xF7D6, 0xF7D5, 0xF7D4, 0xF7D3, 0xF7D2, 0xF7D2, 0xF7D1, 0xF7B1,
  0xF7B0, 0xF7B0, 0xF7D1, 0xF7B1, 0xF7B1, 0xF7D2, 0xF7D2, 0xFFD3, 0xFFD3, 0xFFD3, 0xF7D2, 0xF7D2,
  0xF7B2, 0xF7B2, 0xEF72, 0xE771, 0xEF92, 0xEF93, 0xF7D4, 0xFFF6, 0xFFF7, 0xFFF7, 0xFFD6, 0xF795,
  0xE752, 0xE751, 0xD731, 0xD710, 0xCEEF, 0xCEEF, 0xC6CE, 0xBEAD, 0xB66C, 0xAE4C, 0xA60B, 0xA60B,
  0xA60B, 0xA5EA, 0x9DCA, 0x8549, 0x7509, 0x7508, 0x7509, 0x7509, 0x7D29, 0x856A, 0x8DAB, 0x9DAC,
  0xB5CF, 0xDEB5, 0xDE96, 0xDE56, 0xEEF8, 0xEEF8, 0xDE76, 0xE697, 0xF6F9, 0xEEF9, 0xF719, 0xF719,
  0xF73A, 0xF73A, 0xF75B, 0xF75B, 0xFF7C, 0xFF7C, 0xFF7C, 0xFF9C, 0xFF9C, 0xFF9D, 0xF77C, 0xEF3B,
  0xF77C, 0xF77C, 0xE6DA, 0xE6D9, 0xF77C, 0xF77C, 0xEF3B, 0xF77C, 0xF77D, 0xF77D, 0xF75C, 0xF77C,
  0xF79D, 0xF79D, 0xF79D, 0xF77D, 0xF75C, 0xF71A, 0xC511, 0xC48E, 0xCC8E, 0xD4AE, 0xD4CE, 0xD4CE,
  0xD4CF, 0xD4EF, 0xD50F, 0xDD30, 0xE571, 0xE5B2, 0xE5F3, 0xF675, 0xF6D5, 0xF6F6, 0xEED5, 0xE6F5,
  0xE715, 0xDF15, 0xE735, 0xE755, 0xDF55, 0xDF35, 0xDF55, 0xC693, 0x740A, 0x52E7, 0x4267, 0x39E6,
  0x4A07, 0x5227, 0x5AA9, 0x6AEA, 0x6268, 0x82E9, 0xB3EB, 0xC40C, 0xD4AE, 0xCC6D, 0x92C8, 0x8267,
  0xA34A, 0xA36B, 0xA36B, 0xA36B, 0x92C9, 0x7A46, 0x82A7, 0xC46E, 0xE551, 0xEDB3, 0xEDB4, 0xE573,
  0xCCB1, 0x932B, 0x38E3, 0x5A07, 0x7AA9, 0x7A67, 0x82A8, 0x932A, 0x8B2A, 0x7267, 0x72C9, 0x51C5,
  0x4984, 0x6248, 0x72A9, 0x6248, 0x6248, 0x30E2, 0x7288, 0x9B8B, 0x8B09, 0x8B09, 0x936A, 0x8308,
  0x6A46, 0x51E5, 0x41A6, 0x3965, 0x3145, 0x2124, 0x2104, 0x2104, 0x2104, 0x2124, 0x2124, 0x2945,
  0x2966, 0x29A6, 0x29A6, 0x3206, 0x4AE9, 0x63CB, 0x850F, 0x95AF, 0x8DAE, 0x85AE, 0x7D8D, 0x7D6D,
  0x7D6D, 0x858E, 0x858E, 0x8D8E, 0x95CE, 0x9DEE, 0xA62F, 0xB690, 0xC6F1, 0xCF33, 0xDF55, 0xF7FC,
  0x3B66, 0x3BA7, 0x4C08, 0x64AA, 0x960F, 0xBEF2, 0xB6B0, 0x9E0D, 0x9DEC, 0x9DEC, 0xA62C, 0xBECF,
  0xCF51, 0xCF11, 0xCEF1, 0xD735, 0xEF99, 0xF7FB, 0xFFFC, 0xFFFC, 0xFFDC, 0xFFFC, 0xFFDA, 0xFFD9,
  0xFFF7, 0xFFD6, 0xFFD5, 0xF7D4, 0xF7B2, 0xEF91, 0xEFB1, 0xEFB0, 0xEFB0, 0xEFB0, 0xEFB0, 0xEFB0,
  0xEFB0, 0xEFB0, 0xEFB0, 0xF7B0, 0xF7D0, 0xF7D1, 0xF7D1, 0xF7D2, 0xF7D2, 0xF7D2, 0xF7D2, 0xF7D2,
  0xF7B2, 0xF7D2, 0xEF91, 0xE750, 0xDF50, 0xE771, 0xE792, 0xF7D4, 0xF7D5, 0xFFD7, 0xFFD7, 0xFFD7,
  0xF7B5, 0xE753, 0xDF32, 0xD710, 0xCEEF, 0xCEEF, 0xC6EF, 0xC6CE, 0xBEAD, 0xB68D, 0xAE4C, 0xAE2B,
  0xA60B, 0x9DEA, 0x8DA9, 0x8549, 0x7529, 0x74E8, 0x6CE8, 0x7509, 0x7D49, 0x856A, 0x95CC, 0xA5EC,
  0xBE10, 0xDEB5, 0xDE76, 0xD635, 0xE6D7, 0xEEF8, 0xDE76, 0xDE56, 0xE6D8, 0xEEF9, 0xF71A, 0xF71A,
  0xF73A, 0xF73A, 0xF75B, 0xF75B, 0xFF7C, 0xFF7C, 0xFF7C, 0xFF9C, 0xFF9C, 0xFF9D, 0xFF7C, 0xEF1B,
  0xEEFA, 0xEF3B, 0xF75B, 0xE6D9, 0xEF3B, 0xFF7C, 0xF73B, 0xEF3B, 0xF77C, 0xF75C, 0xEF3B, 0xF75C,
  0xFF9C, 0xFF9D, 0xF79D, 0xF77D, 0xF75C, 0xF75B, 0xD593, 0xBC4D, 0xCC6D, 0xCC6D, 0xD4AE, 0xD4CE,
  0xD4CE, 0xD4CE, 0xD4CE, 0xD4CE, 0xD4CE, 0xD4EF, 0xDD10, 0xDD51, 0xE5B2, 0xEDF4, 0xFE95, 0xF6D6,
  0xF6F6, 0xE6F6, 0xE6F5, 0xDF15, 0xDF35, 0xDF35, 0xDF55, 0xC693, 0x950D, 0x6BCA, 0x4A67, 0x3184,
  0x41C6, 0x5AA9, 0x732B, 0x732B, 0x6A88, 0xA3AC, 0xC40B, 0xDC8D, 0xED30, 0xF571, 0xE530, 0xCC6E,
  0xBBEC, 0xA329, 0x8287, 0x7A26, 0xA36A, 0xBC2D, 0xBC2D, 0xD4CF, 0xE531, 0xEDB3, 0xEDB4, 0xE574,
  0xD512, 0xBC2E, 0x5164, 0x59E6, 0x8B0A, 0x8AC8, 0x9B29, 0x9B4A, 0xBC2E, 0xBC2E, 0xB40D, 0x82C9,
  0x4963, 0x4143, 0x6248, 0x6A69, 0x51E6, 0x3923, 0x8B0A, 0x9309, 0x92E9, 0x82C8, 0x82E8, 0x8B6A,
  0x5A05, 0x4984, 0x3965, 0x3124, 0x2904, 0x2104, 0x20E4, 0x2104, 0x2104, 0x2104, 0x2125, 0x2125,
  0x2945, 0x3186, 0x2986, 0x31E6, 0x4287, 0x5329, 0x746D, 0x8D2E, 0x8D8E, 0x858E, 0x858E, 0x7D6D,
  0x7D6D, 0x858D, 0x858E, 0x8DAE, 0x9E0F, 0xA650, 0xAE70, 0xB6B0, 0xC6F2, 0xCF12, 0xD735, 0xF7FC,
  0x3B86, 0x4BE8, 0x64AA, 0x960F, 0xAED2, 0xA64F, 0x95EE, 0x8D8B, 0x8DAA, 0xA60D, 0xBEF0, 0xD752,
  0xC6F1, 0xC6B1, 0xD734, 0xEFD9, 0xFFFC, 0xFFFC, 0xFFFC, 0xFFFB, 0xFFDB, 0xFFD9, 0xFFD8, 0xFFD7,
  0xFFD6, 0xF7D4, 0xF7D3, 0xF7D2, 0xF7B1, 0xEF90, 0xE76F, 0xE76E, 0xEF8F, 0xEF8F, 0xEF8F, 0xE78F,
  0xE78E, 0xE78F, 0xEFAF, 0xEFAF, 0xEF8F, 0xEFB0, 0xEFB0, 0xF7B1, 0xF7B1, 0xF7B1, 0xF7D1, 0xF7B1,
  0xF7B2, 0xF7B2, 0xEF92, 0xE751, 0xDF30, 0xE751, 0xE751, 0xE772, 0xEF93, 0xF7D5, 0xFFF7, 0xFFF8,
  0xFFF8, 0xF7B7, 0xE774, 0xDF31, 0xD710, 0xCEEF, 0xCEEF, 0xCEEF, 0xC6AE, 0xBE8D, 0xB66D, 0xAE4C,
  0xAE2B, 0x9DEA, 0x8DAA, 0x8549, 0x7D09, 0x74E8, 0x6CC8, 0x74E9, 0x7D29, 0x8D8B, 0x9DEC, 0xAE0C,
  0xC631, 0xE696, 0xDE55, 0xD635, 0xE697, 0xF719, 0xE6B7, 0xDE56, 0xE697, 0xEEF9, 0xEEF9, 0xEEF9,
  0xEF1A, 0xF73B, 0xF75B, 0xF75B, 0xF75B, 0xF77B, 0xFF7C, 0xF75C, 0xF77C, 0xFF9D, 0xFF9D, 0xF75C,
  0xDE99, 0xDE99, 0xEF1B, 0xEF1A, 0xE6D9, 0xF75C, 0xF75C, 0xF73B, 0xF75C, 0xF75C, 0xE6FA, 0xEF3B,
  0xFF9C, 0xFF9D, 0xF77D, 0xF77D, 0xEF3C, 0xF75B, 0xDE16, 0xB42C, 0xC44C, 0xCC6C, 0xCC6D, 0xCC8D,
  0xCC8D, 0xD48D, 0xD4CE, 0xD4AE, 0xCCAD, 0xCC8E, 0xD4CF, 0xD4EF, 0xD4EF, 0xDD10, 0xE571, 0xE5D3,
  0xEE34, 0xF695, 0xEEB5, 0xE6D5, 0xE6F5, 0xD6F4, 0xD6F4, 0xD6B4, 0xAD90, 0x842C, 0x4A67, 0x3184,
  0x41A5, 0x6B0A, 0x8C0E, 0x732B, 0x7AE9, 0xB40C, 0xCC2C, 0xDC8D, 0xED30, 0xE52F, 0xDCEF, 0xDCEF,
  0xCC6E, 0xAB6A, 0x9AE8, 0xC44D, 0xED72, 0xDD10, 0xDCEF, 0xE530, 0xED92, 0xEDB3, 0xEDB3, 0xDD52,
  0xD4F0, 0xCCAF, 0x7A87, 0x4943, 0x9B6D, 0x9B0A, 0x9309, 0xAB6B, 0xB3CC, 0xB3CC, 0xABAC, 0x9B8C,
  0x7AA9, 0x4123, 0x4985, 0x6A69, 0x3924, 0x51E5, 0x82E9, 0x8287, 0x82A7, 0x82C8, 0x7AA7, 0x7AE8,
  0x6A67, 0x3964, 0x2924, 0x2904, 0x2904, 0x2104, 0x18E3, 0x2104, 0x2104, 0x2104, 0x2104, 0x2124,
  0x2124, 0x2145, 0x2966, 0x31E6, 0x4288, 0x42C7, 0x5BCA, 0x850D, 0x8D8E, 0x8DAF, 0x858E, 0x7D6D,
  0x7D4D, 0x856D, 0x858E, 0x8DAE, 0x9E0F, 0xAE70, 0xB690, 0xBE90, 0xC6D1, 0xC6F2, 0xCF14, 0xF7DC,
  0x43C7, 0x5C69, 0x8DCF, 0xB6F3, 0xA650, 0x8DAC, 0x85AC, 0x858B, 0xA60D, 0xC6F1, 0xCF52, 0xC6F2,
  0xBE91, 0xD715, 0xEFD9, 0xFFFC, 0xFFFC, 0xFFFB, 0xFFFA, 0xFFF9, 0xFFD8, 0xFFD6, 0xFFD5, 0xFFD5,
  0xFFD4, 0xF7D3, 0xF7D2, 0xF7D1, 0xEFAF, 0xE76E, 0xE76E, 0xE76E, 0xE78E, 0xE76E, 0xE76D, 0xE76E,
  0xE76E, 0xE78E, 0xE78E, 0xEF8E, 0xEF8F, 0xEFAF, 0xEFB0, 0xEFB0, 0xF7B0, 0xF7D1, 0xF7D1, 0xF7D1,
  0xF7B1, 0xF7B1, 0xEF91, 0xE750, 0xE750, 0xE751, 0xE731, 0xE731, 0xE751, 0xEF92, 0xF7D5, 0xF7F7,
  0xFFF9, 0xFFF8, 0xF7D7, 0xE774, 0xDF32, 0xD711, 0xCF10, 0xCEEF, 0xC6CE, 0xC6CE, 0xBEAD, 0xB66C,
  0xAE2C, 0xA60B, 0x95AA, 0x8569, 0x7508, 0x6CE8, 0x6CC8, 0x74E8, 0x7D09, 0x8D8B, 0x9DEC, 0xAE0C,
  0xC631, 0xE6B6, 0xDE55, 0xDE55, 0xDE76, 0xF719, 0xEEF8, 0xDE56, 0xDE77, 0xEED8, 0xEF19, 0xEF19,
  0xF73A, 0xF73A, 0xF73A, 0xF73B, 0xF73B, 0xF75B, 0xF73B, 0xF75B, 0xF75B, 0xF75B, 0xFF7C, 0xFF9C,
  0xEEFA, 0xCE17, 0xD617, 0xE6B9, 0xDE99, 0xEF1B, 0xF77C, 0xF75C, 0xEF5B, 0xEF3B, 0xE6FA, 0xEF1A,
  0xF77C, 0xFF9D, 0xFF9D, 0xF75C, 0xEF3C, 0xEF3B, 0xE698, 0xB46D, 0xBC0B, 0xC42C, 0xC46D, 0xCC6D,
  0xCC6D, 0xCC6D, 0xCC6D, 0xCCAD, 0xD4AD, 0xD4AE, 0xD4CE, 0xD4CE, 0xD4CE, 0xD4EF, 0xD4EF, 0xDD0F,
  0xDD70, 0xDD51, 0xDD71, 0xE5F2, 0xE613, 0xDE33, 0xDE54, 0xD633, 0xBDB1, 0x8C4C, 0x5A87, 0x3984,
  0x49C6, 0x7B6C, 0xACD1, 0x7B4B, 0x8B2A, 0xB3EC, 0xC40C, 0xD46C, 0xE4EE, 0xDCAE, 0xBBEB, 0x9AC7,
  0x8224, 0x9286, 0xB3AA, 0xC42C, 0xD48E, 0xDD10, 0xDD10, 0xEDB2, 0xF613, 0xF5D3, 0xEDB3, 0xD4CF,
  0xC46E, 0xC46E, 0xB3ED, 0x61A5, 0x8AEA, 0xC4B0, 0xA3AB, 0x8AC8, 0x92E9, 0xA36B, 0x9B2A, 0x930A,
  0x934B, 0x6A68, 0x51C6, 0x5A07, 0x4143, 0x72A9, 0x82C8, 0x8287, 0x82A7, 0x7A87, 0x7A87, 0x7267,
  0x5A06, 0x3965, 0x20E3, 0x20E3, 0x20E4, 0x2104, 0x18E4, 0x2104, 0x2124, 0x2104, 0x2104, 0x2124,
  0x2125, 0x2124, 0x2966, 0x3A07, 0x4288, 0x5349, 0x63EA, 0x850D, 0x95AF, 0x8D8F, 0x858E, 0x856E,
  0x856D, 0x856D, 0x858E, 0x8DCE, 0x9E0F, 0xAE70, 0xB690, 0xB691, 0xBEB1, 0xBEB1, 0xC6D3, 0xF7DC,
  0x5428, 0x7D6D, 0xAED2, 0xA670, 0x858C, 0x7D4B, 0x858B, 0xA62E, 0xCF11, 0xD752, 0xBED1, 0xBE91,
  0xD736, 0xF7FA, 0xFFFC, 0xFFFC, 0xFFFB, 0xFFFA, 0xFFD8, 0xF7D6, 0xF7B4, 0xF7B3, 0xF7B2, 0xF7B2,
  0xF7D2, 0xEFB1, 0xEF8F, 0xEFAF, 0xE76E, 0xE74E, 0xE76D, 0xE76D, 0xE76D, 0xDF6D, 0xDF6D, 0xDF4D,
  0xDF4D, 0xE76E, 0xE76E, 0xE76E, 0xEF8E, 0xEFAF, 0xEFAF, 0xEFAF, 0xEFB0, 0xF7B1, 0xF7B1, 0xF7B1,
  0xF7B1, 0xF7B1, 0xEF91, 0xEF71, 0xEF91, 0xE771, 0xE750, 0xDF30, 0xDF10, 0xDF30, 0xE772, 0xEFB5,
  0xFFF8, 0xFFF9, 0xFFF9, 0xF7D8, 0xE775, 0xDF33, 0xD711, 0xCF10, 0xC6EE, 0xC6EF, 0xC6EE, 0xBE8D,
  0xAE2B, 0xA60B, 0x95AA, 0x8569, 0x7D08, 0x6CE8, 0x6CC8, 0x6CC8, 0x74E9, 0x854A, 0x95AB, 0xA5EB,
  0xBE10, 0xDE95, 0xDE75, 0xDE55, 0xDE76, 0xEEF8, 0xF719, 0xE677, 0xDE57, 0xE6B8, 0xEEF9, 0xEF19,
  0xF73B, 0xF75B, 0xF73A, 0xF73B, 0xF73B, 0xF73B, 0xEF1A, 0xEF1A, 0xEF1A, 0xEF1B, 0xF75B, 0xF77C,
  0xFF7C, 0xF73B, 0xDE78, 0xCE17, 0xD658, 0xDE99, 0xF75B, 0xF75C, 0xEF5C, 0xEF3B, 0xE6DA, 0xE6FA,
  0xF75B, 0xF77C, 0xFF9D, 0xF75C, 0xEF1B, 0xEF1B, 0xEED9, 0xB48E, 0xB3EB, 0xBC0B, 0xC42C, 0xC42C,
  0xCC4C, 0xCC6D, 0xCC6D, 0xCC8D, 0xD4AD, 0xD4AE, 0xD4CE, 0xD4AE, 0xD4AD, 0xD4CE, 0xD4CE, 0xD4CE,
  0xD4CE, 0xCCCE, 0xCC8E, 0xCCAE, 0xC48E, 0xC4AE, 0xC4CF, 0xC4CF, 0xAC8E, 0x942D, 0x6AA8, 0x4184,
  0x6288, 0x9C50, 0xBD53, 0x8BCD, 0x8B4A, 0xABCB, 0xC42C, 0xCC2C, 0xD46D, 0xBBCA, 0x92A6, 0x8204,
  0xA328, 0xCC6D, 0xCC8E, 0xA349, 0x7A24, 0x9B28, 0xD4CF, 0xEDB2, 0xF5F3, 0xFE13, 0xED92, 0xCCAF,
  0xCCAE, 0xD4F0, 0xCC8F, 0xA34B, 0x61A4, 0xABED, 0xCCF0, 0xB3ED, 0x92E9, 0x92E9, 0x8AA9, 0x82A8,
  0x8B0A, 0x8B6C, 0x72A9, 0x4143, 0x6A68, 0x82E9, 0x82C8, 0x8AC8, 0x82A7, 0x8287, 0x8287, 0x6205,
  0x3943, 0x2924, 0x20E3, 0x18C3, 0x20E3, 0x2104, 0x2104, 0x2104, 0x2124, 0x2124, 0x2104, 0x2124,
  0x2945, 0x2966, 0x2945, 0x3207, 0x5309, 0x5329, 0x5BCA, 0x74AC, 0x8D8F, 0x8DAF, 0x85AF, 0x858E,
  0x858E, 0x8D8E, 0x8D8E, 0x8DCF, 0x960F, 0xA650, 0xAE70, 0xAE91, 0xAE91, 0xAE50, 0xB672, 0xF7DC,
  0x750B, 0xA691, 0x9E70, 0x856C, 0x750A, 0x7D6B, 0x9E0E, 0xBEF1, 0xCF33, 0xBED1, 0xB691, 0xD715,
  0xF7FB, 0xFFFC, 0xFFFC, 0xFFFB, 0xFFF9, 0xF7D7, 0xEF94, 0xE772, 0xE771, 0xEF91, 0xEF90, 0xEF70,
  0xEF8F, 0xE78E, 0xE76E, 0xE76E, 0xE76E, 0xDF4D, 0xDF6D, 0xDF6D, 0xDF6D, 0xDF4C, 0xDF2C, 0xDF4C,
  0xDF4D, 0xDF6D, 0xE76D, 0xE78E, 0xE78E, 0xEFAF, 0xEFAF, 0xEFAF, 0xEFB0, 0xF7B0, 0xF7B0, 0xF7B1,
  0xF7D1, 0xF7D2, 0xF7B2, 0xF7B3, 0xF7B3, 0xF7B3, 0xEF92, 0xE751, 0xDF10, 0xD710, 0xD6F0, 0xD711,
  0xEFB5, 0xFFF8, 0xFFF9, 0xFFFA, 0xF7D9, 0xE775, 0xDF33, 0xCF10, 0xCEEF, 0xCEEF, 0xCF2F, 0xC6CE,
  0xB66C, 0xA62B, 0x9DEA, 0x95AA, 0x856A, 0x7509, 0x6CC8, 0x74E9, 0x74E9, 0x7D09, 0x854A, 0x9D8A,
  0xAD8D, 0xD653, 0xDE76, 0xDE56, 0xDE56, 0xEEF8, 0xEEF9, 0xE697, 0xDE56, 0xDE77, 0xEED9, 0xEEF9,
  0xEF1A, 0xF73A, 0xF73A, 0xF73A, 0xF73B, 0xF73A, 0xEF1A, 0xEF1A, 0xEEFA, 0xEEFA, 0xEEFA, 0xEF1A,
  0xEF1A, 0xF73B, 0xFF5C, 0xF73B, 0xE6B9, 0xCE17, 0xE6FA, 0xFF7C, 0xF77C, 0xEF3B, 0xDED9, 0xE6D9,
  0xEF3B, 0xF75C, 0xF75B, 0xE6FA, 0xE6DA, 0xEF1B, 0xEED9, 0xB46E, 0xB3CB, 0xBBEB, 0xBBEB, 0xBBEB,
  0xC40B, 0xC42C, 0xCC4C, 0xCC6D, 0xD48D, 0xD4AD, 0xD4AD, 0xD4AD, 0xD4AD, 0xDCCE, 0xDCCE, 0xDCEE,
  0xD4AE, 0xD4AE, 0xCC6D, 0xC42C, 0xB3EC, 0xABAB, 0xA36A, 0x934A, 0x82E9, 0x7AA8, 0x6247, 0x51E5,
  0x6AA9, 0xACD2, 0xBD53, 0x8B8C, 0x8B0A, 0xA36A, 0xBBEB, 0xC40B, 0xAB69, 0x8A86, 0x7A45, 0x9B08,
  0xCC8F, 0xCC8E, 0xB40C, 0x9B8A, 0x7246, 0x69C4, 0xABAB, 0xDD30, 0xE530, 0xED91, 0xE551, 0xE531,
  0xED92, 0xEDB3, 0xE551, 0xB3EC, 0x8267, 0x71E5, 0x8AC8, 0xABED, 0xBC6F, 0xCCB1, 0xBC70, 0xA3CD,
  0xA3CE, 0x8B4B, 0x51C6, 0x6A47, 0x8B4B, 0x8B0A, 0x82C9, 0x82C8, 0x82A7, 0x7A67, 0x7A67, 0x59C5,
  0x30E2, 0x18A2, 0x18C3, 0x18C3, 0x18C3, 0x18C3, 0x2104, 0x2104, 0x2104, 0x2104, 0x2104, 0x2104,
  0x2945, 0x3186, 0x2965, 0x29A5, 0x4B09, 0x5B6A, 0x6C2C, 0x852E, 0x8D8E, 0x8DAF, 0x8DAF, 0x8D8E,
  0x856D, 0x858E, 0x8DAE, 0x8DAE, 0x8DCE, 0x95EF, 0x9E2F, 0xA630, 0x9E2F, 0x9DEF, 0xAE52, 0xF7DC,
  0x9E50, 0x9E50, 0x7D6C, 0x6CEA, 0x750A, 0x95ED, 0xB6B1, 0xC6F2, 0xBEB2, 0xB671, 0xCF15, 0xF7FA,
  0xFFFC, 0xFFFC, 0xFFFB, 0xF7B8, 0xE775, 0xDF53, 0xD710, 0xD70F, 0xDF2F, 0xDF4F, 0xE76F, 0xE76F,
  0xE76E, 0xE76E, 0xDF6E, 0xDF6D, 0xDF4D, 0xDF6D, 0xDF4D, 0xDF6D, 0xDF8D, 0xDF4C, 0xDF2C, 0xDF4C,
  0xDF4D, 0xDF6D, 0xE76E, 0xE7AE, 0xE7AE, 0xE7AE, 0xE78E, 0xEF8F, 0xEFB0, 0xF7B0, 0xF7D1, 0xF7D1,
  0xF7D2, 0xF7D2, 0xF7D3, 0xFFD6, 0xFFF8, 0xFFF7, 0xF7B4, 0xEF92, 0xE730, 0xDF10, 0xD710, 0xCEEF,
  0xDF52, 0xF7D6, 0xFFF8, 0xFFD9, 0xFFFA, 0xF7D8, 0xE775, 0xD732, 0xCEF0, 0xCEEF, 0xCF2F, 0xCF0F,
  0xBEAD, 0xAE4C, 0xA60B, 0x9DCA, 0x8DAA, 0x8549, 0x74E8, 0x74E9, 0x74E9, 0x7D09, 0x8529, 0x8D49,
  0x952B, 0xBDD1, 0xDE76, 0xDE56, 0xD655, 0xE6D7, 0xEEF8, 0xEEB8, 0xDE77, 0xD636, 0xE698, 0xEEF9,
  0xEEF9, 0xEF1A, 0xF73A, 0xF73B, 0xF75B, 0xF73B, 0xF73A, 0xEF1A, 0xEEFA, 0xEEF9, 0xEEF9, 0xEEFA,
  0xEEFA, 0xEF1A, 0xEF1B, 0xF73B, 0xFF7C, 0xEF1B, 0xE6B9, 0xEF3B, 0xF75B, 0xEF1A, 0xDEB9, 0xDEB9,
  0xEEFA, 0xEF1A, 0xEEFA, 0xE6B9, 0xE6D9, 0xEF1A, 0xEEFA, 0xB48E, 0xA369, 0xB3CA, 0xB3A9, 0xB3AA,
  0xBBCA, 0xBBCB, 0xBBEB, 0xC40B, 0xCC4C, 0xCC6C, 0xD4AD, 0xD4AD, 0xD4AD, 0xDCCE, 0xDCCE, 0xDCEE,
  0xD4AE, 0xD48D, 0xCC6D, 0xC42C, 0xB3CB, 0xA349, 0x9B29, 0x8B09, 0x7AA8, 0x7267, 0x6A47, 0x5A06,
  0x8BCD, 0xC594, 0xA490, 0x8BAC, 0x936B, 0xA36A, 0xB3CB, 0xABAB, 0x82C7, 0x9B6B, 0xA3ED, 0xBC8F,
  0xD552, 0xB48F, 0xAC4E, 0xA42E, 0x6A68, 0x6226, 0x6A06, 0x9B4A, 0xABCB, 0xABCB, 0xA36A, 0x9329,
  0xA38B, 0xC46E, 0xDD10, 0xBC0C, 0x92C8, 0x92C8, 0x9309, 0x8287, 0x8288, 0x932B, 0x932B, 0x82EA,
  0x82CA, 0x7289, 0x8B4B, 0x9BCD, 0x934B, 0x934B, 0x8B09, 0x82C8, 0x82A8, 0x7267, 0x6A26, 0x4984,
  0x3103, 0x20C3, 0x18A3, 0x10A2, 0x18C3, 0x18E3, 0x18E3, 0x18E3, 0x18E4, 0x2104, 0x2124, 0x2124,
  0x2945, 0x39C7, 0x3A27, 0x3226, 0x3A67, 0x4B28, 0x6C2C, 0x958F, 0x95CF, 0x95CF, 0x95CF, 0x8DAE,
  0x858E, 0x858E, 0x858D, 0x858D, 0x858D, 0x8DAD, 0x8DAE, 0x95EE, 0x9E0F, 0x95EE, 0xAE31, 0xF7DD,
  0x9E4F, 0x7D6B, 0x6CE9, 0x6CC9, 0x856C, 0xAE90, 0xBEF2, 0xB691, 0xB671, 0xCEF5, 0xEFDA, 0xFFFC,
  0xF7FB, 0xFFFB, 0xEF98, 0xD714, 0xCEF1, 0xCEF0, 0xC6EF, 0xCEEE, 0xCEED, 0xD72D, 0xDF4D, 0xDF4D,
  0xDF6D, 0xDF6E, 0xDF6D, 0xDF4D, 0xDF4C, 0xDF6D, 0xDF6D, 0xDF6D, 0xDF8D, 0xDF4C, 0xDF4C, 0xDF4C,
  0xDF6D, 0xDF6D, 0xE76D, 0xE78E, 0xE78E, 0xE7AE, 0xE78E, 0xEF8F, 0xEFB0, 0xF7B0, 0xF7D1, 0xF7D1,
  0xFFF2, 0xFFD3, 0xF7D5, 0xFFF9, 0xFFFB, 0xFFFB, 0xFFF7, 0xEFB2, 0xE751, 0xDF30, 0xD730, 0xD70F,
  0xD731, 0xE773, 0xF7B6, 0xFFF9, 0xFFFA, 0xFFFB, 0xF7D9, 0xDF55, 0xD712, 0xCF11, 0xCEEF, 0xC6CE,
  0xB68D, 0xAE4C, 0xA62B, 0x9DEA, 0x9DCA, 0x958A, 0x8D69, 0x8D49, 0x8529, 0x8529, 0x8D49, 0x8D69,
  0x8D2A, 0xA56E, 0xD674, 0xDE76, 0xD635, 0xE697, 0xEEF9, 0xEED8, 0xE697, 0xD635, 0xDE57, 0xEED9,
  0xEEF9, 0xEED9, 0xEF1A, 0xF73B, 0xF75B, 0xF75B, 0xF73B, 0xEF1A, 0xEEFA, 0xEEF9, 0xEEFA, 0xEEFA,
  0xEF1A, 0xF73B, 0xF73B, 0xF75B, 0xF77C, 0xFF9C, 0xEF1B, 0xE6B9, 0xEF1B, 0xEF1B, 0xDEB9, 0xE6B8,
  0xEEF9, 0xEEF9, 0xE6B8, 0xE6B8, 0xE6B8, 0xE6F9, 0xF71A, 0xBCAF, 0x9B28, 0xAB89, 0xAB89, 0xB3A9,
  0xB3AA, 0xB3AA, 0xBBCB, 0xC3EB, 0xC42B, 0xCC6C, 0xCC6C, 0xD48D, 0xD4AD, 0xD4CD, 0xDCCE, 0xDCEE,
  0xD48D, 0xD48D, 0xCC6D, 0xC44C, 0xB3CB, 0xA369, 0xA349, 0x9B4A, 0x82E8, 0x7A88, 0x7288, 0x6227,
  0x93EE, 0xBD54, 0x940E, 0x93CD, 0x9B8B, 0xA38A, 0xA38A, 0x936A, 0xA42E, 0xA44F, 0x9C0E, 0xA44F,
  0xA44F, 0xA42F, 0x9BED, 0x93AD, 0x72EA, 0x51E5, 0x59E5, 0x4963, 0x4122, 0x4942, 0x4122, 0x4963,
  0x5162, 0x61C4, 0x9AE8, 0xA329, 0xA329, 0x9AC7, 0xBBEC, 0xD4CF, 0xCC6D, 0xB3AC, 0xA38C, 0xA3AD,
  0xBC50, 0xC4D2, 0xB44F, 0xA3EE, 0x9B8C, 0x8B0A, 0x82C8, 0x82A8, 0x7267, 0x6206, 0x59C5, 0x4184,
  0x3144, 0x20E3, 0x18E3, 0x18C3, 0x18C3, 0x18C3, 0x2104, 0x2104, 0x18C3, 0x2104, 0x2124, 0x2124,
  0x2124, 0x39E7, 0x5B2B, 0x5329, 0x5329, 0x63AA, 0x7CAD, 0x95AF, 0x9DEF, 0x95CF, 0x95CF, 0x95CF,
  0x8DAE, 0x8D8E, 0x8D8E, 0x858D, 0x858D, 0x858D, 0x8D8D, 0x8DAE, 0x9E2F, 0x9E0E, 0xAE72, 0xF7DD,
  0x7D6B, 0x6CE9, 0x6CC9, 0x7D2B, 0x95EE, 0xAE91, 0xAE91, 0xAE51, 0xBEB4, 0xE7B9, 0xFFFC, 0xFFFC,
  0xF7FB, 0xE7B8, 0xD714, 0xC6D2, 0xBEAF, 0xBECE, 0xC6ED, 0xC6ED, 0xCEEC, 0xCF0C, 0xD72C, 0xD72D,
  0xDF4D, 0xDF4D, 0xDF4D, 0xDF4C, 0xDF4C, 0xDF6D, 0xDF4D, 0xDF6D, 0xDF6D, 0xDF6D, 0xDF4C, 0xDF4D,
  0xDF6D, 0xDF8D, 0xE76D, 0xE76E, 0xEF8E, 0xEFAF, 0xEF8F, 0xEFAF, 0xF7B0, 0xF7D1, 0xF7D1, 0xFFD2,
  0xFFF2, 0xFFF3, 0xFFD5, 0xFFDA, 0xFFFD, 0xFFFC, 0xFFF7, 0xEFB2, 0xEF71, 0xE771, 0xDF30, 0xD70F,
  0xDF30, 0xE752, 0xEF94, 0xF7D7, 0xFFF9, 0xFFFB, 0xFFFB, 0xEFD9, 0xDF55, 0xCF12, 0xCED0, 0xC6AE,
  0xB66D, 0xAE4C, 0xAE2C, 0xA60B, 0xA60B, 0xAE0B, 0xB62B, 0xB64C, 0xAE0B, 0xA5EB, 0x9DEB, 0x9DCB,
  0x9DCB, 0xA5AC, 0xCE31, 0xDE95, 0xD655, 0xDE96, 0xEEF8, 0xEEF8, 0xEEB8, 0xDE56, 0xDE36, 0xE698,
  0xEED9, 0xEED9, 0xE6B8, 0xEEF9, 0xF75B, 0xFF5B, 0xF75B, 0xF75B, 0xF73B, 0xF73B, 0xEF1B, 0xEF3B,
  0xF75B, 0xF73B, 0xF73B, 0xF75C, 0xF77C, 0xFF9C, 0xF77C, 0xD678, 0xE6DA, 0xEEFA, 0xDE98, 0xE6B8,
  0xEEF9, 0xE6B8, 0xE697, 0xE697, 0xE6B7, 0xE6F9, 0xF73A, 0xB48E, 0x8AC7, 0xA328, 0xA348, 0xAB69,
  0xAB69, 0xAB69, 0xB3AA, 0xB3AA, 0xBBEB, 0xC42B, 0xC42B, 0xCC4C, 0xD48D, 0xD48D, 0xD48C, 0xD4AD,
  0xD4AD, 0xD48D, 0xCC6C, 0xC42C, 0xBBEB, 0xAB8A, 0xA349, 0x9B29, 0x8AC8, 0x7287, 0x6A47, 0x6A88,
  0xB4D2, 0xC5B5, 0x940E, 0x93CD, 0x938B, 0xABEC, 0xA3EC, 0xB490, 0xA470, 0x8BAD, 0x940F, 0x72EA,
  0x834B, 0x9BED, 0x936C, 0x9BED, 0x8B4B, 0x5A06, 0x6247, 0x6AA8, 0x49A5, 0x59E6, 0x6248, 0x5A06,
  0x6A67, 0x82C8, 0x9AE8, 0xBBEB, 0xD46E, 0xA308, 0xA2E7, 0xC3EB, 0xE50E, 0xF591, 0xED92, 0xE552,
  0xDD12, 0xCCB0, 0xB40D, 0xABCD, 0xA3AC, 0x8B0A, 0x7AA8, 0x7A87, 0x7267, 0x6206, 0x51A5, 0x49A5,
  0x3965, 0x3144, 0x2945, 0x2904, 0x20E3, 0x20E3, 0x20E4, 0x2104, 0x2124, 0x20E4, 0x2104, 0x2124,
  0x2125, 0x29A6, 0x52E9, 0x6BCB, 0x6C2B, 0x7C8C, 0x9DAE, 0x9DEF, 0x9E0F, 0x95EF, 0x95CF, 0x95CF,
  0x8DAE, 0x8DAE, 0x8DAE, 0x8DAE, 0x858E, 0x858D, 0x8D8E, 0x8DAE, 0x95EE, 0x9E2E, 0xB692, 0xF7DD,
  0x64C9, 0x64A8, 0x750A, 0x8DCD, 0x95EE, 0x9E30, 0xA651, 0xBEB3, 0xDF78, 0xF7FB, 0xFFFB, 0xFFFB,
  0xE7B8, 0xCF14, 0xBEB1, 0xB66F, 0xB68E, 0xBEAD, 0xBEAC, 0xC6CC, 0xC6EC, 0xCF0C, 0xD72C, 0xD74D,
  0xD74C, 0xD72C, 0xDF4C, 0xDF4C, 0xDF4C, 0xDF4D, 0xDF4C, 0xDF6D, 0xDF4D, 0xE78D, 0xDF6D, 0xDF6D,
  0xDF6D, 0xDF8D, 0xE78D, 0xE78E, 0xEFAE, 0xEF8E, 0xEFAF, 0xF7D0, 0xF7D1, 0xF7D1, 0xFFF2, 0xFFD2,
  0xFFD3, 0xFFF3, 0xFFF5, 0xFFD9, 0xFFFA, 0xFFF9, 0xFFF5, 0xEFB2, 0xEF71, 0xE771, 0xDF50, 0xD70E,
  0xDF0F, 0xE751, 0xEF93, 0xEF94, 0xF7D7, 0xFFF9, 0xFFFA, 0xFFFB, 0xEFD8, 0xD733, 0xCEF0, 0xC6CE,
  0xB66D, 0xAE4C, 0xAE4C, 0xAE2B, 0xAE2B, 0xBE4C, 0xD6CE, 0xDF2F, 0xDF0F, 0xCEAE, 0xB64C, 0xAE2C,
  0xAE4D, 0xAE0D, 0xC630, 0xDE75, 0xDE75, 0xDE96, 0xEEF8, 0xEED8, 0xEEB8, 0xDE77, 0xDE36, 0xDE77,
  0xEED9, 0xEED9, 0xE698, 0xE698, 0xEEF9, 0xF73A, 0xF75B, 0xF75B, 0xF75B, 0xF75B, 0xF73B, 0xF73B,
  0xF75B, 0xF75B, 0xF75C, 0xFF7C, 0xFF7C, 0xFFBD, 0xE6FA, 0xB574, 0xDE78, 0xE6D9, 0xDE98, 0xE698,
  0xE6B8, 0xDE97, 0xDE76, 0xDE76, 0xE697, 0xEEF9, 0xF71A, 0xA42D, 0x8286, 0x9B08, 0x9B07, 0xA308,
  0xA308, 0xAB48, 0xAB49, 0xB369, 0xB3AA, 0xBBEA, 0xBBEA, 0xBBEA, 0xC42B, 0xC42B, 0xCC2B, 0xD46C,
  0xD48D, 0xD48C, 0xCC4C, 0xC42C, 0xC44C, 0xBBEB, 0xAB6A, 0x9B09, 0x8AC8, 0x7266, 0x6226, 0x832B,
  0xBD53, 0xC5B5, 0xBD33, 0xAC70, 0xA3ED, 0xAC0C, 0xB48F, 0xB4D1, 0x7B6C, 0x732B, 0x62A9, 0x6AA9,
  0x832A, 0x8B29, 0x9329, 0x9B6A, 0x82C7, 0x8B08, 0xA3ED, 0xB44E, 0x82E9, 0x6A47, 0x6A47, 0x59E6,
  0x832A, 0xAC2E, 0xC4AE, 0xDD30, 0xE530, 0xB3AA, 0x9AA6, 0xBB89, 0xD44C, 0xDCAE, 0xE530, 0xE531,
  0xDCD0, 0xD4AF, 0xB40D, 0xABCC, 0xA38C, 0x932A, 0x82E9, 0x7AA8, 0x7267, 0x5A26, 0x5206, 0x51E6,
  0x41C6, 0x3965, 0x3165, 0x3986, 0x3165, 0x3145, 0x20E3, 0x2104, 0x2925, 0x2104, 0x2104, 0x2104,
  0x2945, 0x31A6, 0x4267, 0x63AA, 0x7CAC, 0x8D0D, 0xA5EF, 0xA62F, 0x9E0F, 0x9E0F, 0x9DEF, 0x95EE,
  0x95EE, 0x95CE, 0x8DAE, 0x8DAE, 0x85AE, 0x858E, 0x8DAE, 0x8DCE, 0x95EE, 0x9E0E, 0xB672, 0xF7DD,
  0x64A8, 0x64C9, 0x858C, 0x95EE, 0x95EE, 0x9E30, 0xB692, 0xCF36, 0xF7FB, 0xFFFB, 0xF7FB, 0xE7B8,
  0xCEF4, 0xB6B1, 0xAE4E, 0xA62C, 0xB68C, 0xB6AC, 0xBEAC, 0xC6EC, 0xC70C, 0xCF2C, 0xD72C, 0xD74D,
  0xD72C, 0xD74C, 0xDF4C, 0xDF4C, 0xDF4C, 0xDF4C, 0xDF6D, 0xDF6D, 0xDF4D, 0xE78D, 0xDF8D, 0xDF6D,
  0xDF6D, 0xDF8D, 0xE78D, 0xEF8E, 0xEF8F, 0xEFAF, 0xF7D0, 0xF7D1, 0xF7D1, 0xF7D2, 0xFFF2, 0xFFD2,
  0xFFD3, 0xFFF3, 0xFFD3, 0xFFD4, 0xFFD5, 0xFFD5, 0xF7D3, 0xEFB1, 0xEF91, 0xE770, 0xE770, 0xDF2F,
  0xDF4F, 0xDF4F, 0xDF51, 0xE752, 0xEF74, 0xF7D7, 0xFFF9, 0xFFFB, 0xFFFA, 0xE776, 0xCEF1, 0xC6CF,
  0xB68E, 0xAE4C, 0xAE2C, 0xAE2C, 0xB66C, 0xC6AD, 0xDF2F, 0xEF4F, 0xE750, 0xD70F, 0xC66D, 0xB62C,
  0xB64C, 0xB62D, 0xC630, 0xDE75, 0xDE75, 0xDE76, 0xEED8, 0xEEF9, 0xEED8, 0xE697, 0xDE36, 0xDE57,
  0xE6B8, 0xEED9, 0xE6B8, 0xDE77, 0xDE98, 0xEF1A, 0xF73B, 0xF75B, 0xF75B, 0xFF7C, 0xFF7C, 0xFF5C,
  0xFF7C, 0xFF7C, 0xFF7C, 0xFF9C, 0xFF9D, 0xFF9C, 0xDEB9, 0xC5B5, 0xCE16, 0xDE98, 0xDE78, 0xDE98,
  0xDE76, 0xDE55, 0xDE55, 0xDE56, 0xE697, 0xEEF8, 0xEED8, 0x9BEC, 0x7A66, 0x92C7, 0x92E7, 0x92E7,
  0x9B08, 0xA328, 0xAB28, 0xA328, 0xAB69, 0xB389, 0xB3A9, 0xB3A9, 0xBBEA, 0xBBEA, 0xC3EA, 0xC40B,
  0xCC4C, 0xD46C, 0xCC4C, 0xCC4C, 0xC42C, 0xBBEB, 0xAB8A, 0xA349, 0x8AC8, 0x7A87, 0x7AC9, 0x9C0E,
  0xBD53, 0xBD73, 0xC594, 0xBCD1, 0x938C, 0xAC2D, 0xB46E, 0xB4B1, 0x8BAD, 0x49E6, 0x3964, 0x49C5,
  0x59E5, 0x7245, 0x9348, 0xB42B, 0x9B69, 0x9B89, 0xA38A, 0xA38A, 0xABAB, 0x932A, 0x7267, 0x7287,
  0x8B4B, 0x9BED, 0xC4D0, 0xD510, 0xD4EF, 0xC44C, 0x92A6, 0xAB28, 0xC3CA, 0xCC2C, 0xDC6D, 0xDC8E,
  0xD48E, 0xCC8F, 0xB40D, 0xA3CC, 0x9B6B, 0x8B09, 0x82E9, 0x7AA8, 0x6226, 0x5A06, 0x5227, 0x5227,
  0x4A07, 0x3985, 0x3965, 0x3986, 0x3985, 0x3965, 0x3144, 0x20E3, 0x2104, 0x2104, 0x2104, 0x2104,
  0x2125, 0x29A5, 0x4AA8, 0x6BEB, 0x7C8C, 0x956E, 0xA62F, 0xA62F, 0xA60E, 0x9DEE, 0x9DEE, 0x9DEE,
  0x95EE, 0x95EE, 0x95CE, 0x95CE, 0x8DAD, 0x8D8D, 0x8DAD, 0x8DAD, 0x9DEE, 0x9DEE, 0xB672, 0xF7DD,
  0x5CA8, 0x752A, 0x8DCD, 0x8DCE, 0x8DCE, 0xA631, 0xC6F4, 0xE7B9, 0xFFFC, 0xFFFB, 0xEFD9, 0xCF15,
  0xAE70, 0xA62E, 0xA60C, 0xA62C, 0xB68C, 0xB68B, 0xBEAB, 0xC6EB, 0xCF0C, 0xCF2C, 0xCF2C, 0xD72D,
  0xDF4D, 0xDF4C, 0xDF4C, 0xDF4D, 0xDF4D, 0xDF6D, 0xDF6D, 0xDF8D, 0xDF8D, 0xDF8D, 0xE78D, 0xE78D,
  0xDF6D, 0xE78E, 0xE7AE, 0xEF8E, 0xEFAF, 0xEFB0, 0xF7D1, 0xFFD1, 0xFFD2, 0xF7F2, 0xFFD2, 0xFFD2,
  0xFFD3, 0xFFD3, 0xFFD3, 0xFFD3, 0xFFD3, 0xFFD3, 0xF7D2, 0xF7B1, 0xEFB0, 0xE78F, 0xE76F, 0xDF4F,
  0xDF4E, 0xDF4E, 0xDF2F, 0xDF30, 0xDF51, 0xE774, 0xF7D8, 0xFFFA, 0xFFFB, 0xEFB8, 0xD733, 0xCEF0,
  0xC6CF, 0xBE8E, 0xAE4C, 0xAE2B, 0xB68C, 0xC6CD, 0xDF2E, 0xEF4F, 0xE74F, 0xDF0F, 0xBE8D, 0xAE0B,
  0xA60B, 0xA5EC, 0xBE30, 0xDE95, 0xDE75, 0xDE76, 0xE697, 0xEEF8, 0xEED8, 0xE6B8, 0xDE57, 0xDE77,
  0xE698, 0xEED9, 0xE6B8, 0xDE77, 0xD657, 0xE6B8, 0xF73A, 0xF75B, 0xF77C, 0xFF7C, 0xF77C, 0xF75C,
  0xFF5C, 0xFF7C, 0xFF7C, 0xFF7C, 0xFF9D, 0xEF1A, 0xDE98, 0xE6D9, 0xE6D9, 0xCE37, 0xC5D5, 0xCE15,
  0xCE15, 0xD614, 0xD635, 0xD635, 0xE697, 0xEEF8, 0xE676, 0x938B, 0x7246, 0x8286, 0x82C7, 0x8AC7,
  0x92E7, 0x9B08, 0x9B08, 0x9B07, 0xA328, 0xAB69, 0xAB69, 0xAB69, 0xB3A9, 0xBBAA, 0xB3A9, 0xBBA9,
  0xBBCA, 0xC3EB, 0xCC2B, 0xCC4C, 0xC42B, 0xBC0B, 0xB3CA, 0xAB6A, 0x8AE8, 0x7AA7, 0x8B4B, 0xC573,
  0xBD73, 0xACD1, 0xB512, 0xBCF2, 0x9BCD, 0xAC2D, 0xAC4E, 0x9C2F, 0x7B2B, 0x3964, 0x30E2, 0x30C1,
  0x4942, 0xABEB, 0xE5B1, 0xFEB5, 0xEE33, 0xEDF2, 0xC4AD, 0xABEA, 0x9B69, 0x9B69, 0x9B6A, 0x9309,
  0x9BAC, 0x9BED, 0xA3EE, 0xBCB0, 0xC48F, 0xBC2D, 0x8AA7, 0x8A66, 0xB369, 0xBBAA, 0xCC0C, 0xCC0C,
  0xC3EC, 0xBBCC, 0xA36B, 0x9B8B, 0x934A, 0x82C8, 0x82C8, 0x6A46, 0x6206, 0x6A89, 0x6AEA, 0x4A07,
  0x41C6, 0x41A6, 0x41C6, 0x41A5, 0x3985, 0x3965, 0x3985, 0x2924, 0x20E4, 0x2925, 0x2125, 0x2125,
  0x2945, 0x2965, 0x52A8, 0x8C8D, 0x9D4F, 0xADF0, 0xB630, 0xB630, 0xB651, 0xBE92, 0xB651, 0xAE30,
  0xA5EF, 0x9DAF, 0x9D8E, 0x9DAE, 0x9DAF, 0xA5CF, 0xAE10, 0xBE72, 0xCEB4, 0xDF15, 0xE757, 0xFFFD,
  0x6CE9, 0x7D8B, 0x85AD, 0x858D, 0x95EF, 0xB693, 0xDF78, 0xF7FA, 0xFFFC, 0xF7BA, 0xCF15, 0xAE71,
  0x95ED, 0x95EC, 0x9E0C, 0xA64C, 0xB68C, 0xBEAB, 0xBECB, 0xC6EB, 0xCF0C, 0xCF0C, 0xCF2C, 0xD74C,
  0xDF4D, 0xDF4C, 0xDF4C, 0xDF6D, 0xDF6D, 0xE78D, 0xE78D, 0xE78E, 0xE78E, 0xE78E, 0xE78E, 0xE78E,
  0xE78E, 0xE7AE, 0xE7AE, 0xEFAF, 0xF7D0, 0xF7B0, 0xF7D1, 0xFFD2, 0xFFD2, 0xFFF2, 0xFFF2, 0xFFD2,
  0xFFD2, 0xFFD2, 0xFFD3, 0xFFD3, 0xFFD2, 0xFFD2, 0xF7D1, 0xEFB1, 0xEFB0, 0xE7AF, 0xE78E, 0xDF4D,
  0xDF4D, 0xD74D, 0xD72E, 0xCF0E, 0xD70F, 0xDF32, 0xE775, 0xF7D8, 0xFFFB, 0xFFFA, 0xEF96, 0xD711,
  0xC6F0, 0xC6CF, 0xB68D, 0xAE4B, 0xB66B, 0xBEAC, 0xD6EE, 0xE72F, 0xE72F, 0xD6CD, 0xBE6C, 0xA5EB,
  0x9DCB, 0x9DAA, 0xB60F, 0xD675, 0xDE75, 0xDE56, 0xE696, 0xEED8, 0xEED8, 0xE6B8, 0xE677, 0xDE77,
  0xE698, 0xEED9, 0xEED9, 0xDE98, 0xD657, 0xDE57, 0xEED9, 0xF73B, 0xF75B, 0xF75B, 0xF75B, 0xF75C,
  0xF75B, 0xFF7C, 0xFF7C, 0xFF7C, 0xF75C, 0xE6B9, 0xDE98, 0xEF1A, 0xF77C, 0xE6D9, 0xBD94, 0xBD93,
  0xC5D4, 0xCDF4, 0xCDF4, 0xD635, 0xE6B7, 0xEED8, 0xCDD3, 0x7AC7, 0x7226, 0x7A66, 0x7A86, 0x8286,
  0x82A6, 0x8AC7, 0x92E7, 0x92E8, 0x9AE8, 0x9B08, 0xA328, 0xA308, 0xA328, 0xAB28, 0xAB48, 0xB369,
  0xB389, 0xB369, 0xBBCA, 0xC3EB, 0xBBCA, 0xBBEB, 0xBBEB, 0xB3AA, 0x9329, 0x7AA7, 0x9C0D, 0xCD94,
  0xB532, 0x9C2F, 0x9C2F, 0xB4B1, 0xAC6F, 0xB46F, 0xA40E, 0x8B8D, 0x6ACA, 0x4184, 0x51C4, 0x59E4,
  0x7266, 0xA3AB, 0xA3CA, 0xAC2C, 0xDDD2, 0xF695, 0xFEB5, 0xFED6, 0xDDD1, 0xC4CE, 0xB42C, 0x9348,
  0xAC0C, 0x8B6B, 0x832B, 0xA40E, 0x93AC, 0xAC0E, 0xA3AC, 0x7225, 0x9AE7, 0xB369, 0xC3AA, 0xC3AA,
  0xB36A, 0xA329, 0x92E8, 0x9309, 0x8B09, 0x82C8, 0x7287, 0x6226, 0x6A68, 0x7B0B, 0x6B0B, 0x49E6,
  0x4185, 0x41C6, 0x4A07, 0x41A5, 0x4185, 0x3964, 0x3965, 0x3165, 0x2904, 0x2945, 0x2945, 0x2945,
  0x3166, 0x39A6, 0x732A, 0xCE34, 0xDE95, 0xDE94, 0xDED4, 0xCE93, 0xC633, 0xD6F6, 0xD6B6, 0xE738,
  0xE717, 0xD694, 0xD694, 0xDED5, 0xE737, 0xEF37, 0xF757, 0xF758, 0xFF58, 0xFF38, 0xFF38, 0xFFDD,
  0x7D6B, 0x7D8B, 0x754B, 0x85CE, 0xA651, 0xCF16, 0xF7DA, 0xFFFB, 0xF7DA, 0xCF15, 0xAE51, 0x95EE,
  0x8DCC, 0x8DCB, 0x9E0B, 0xAE6C, 0xB6AC, 0xBEEB, 0xBEEB, 0xC6EC, 0xCF0C, 0xCF0C, 0xD74C, 0xD74D,
  0xDF6D, 0xDF4D, 0xDF6D, 0xDF8D, 0xE78E, 0xE78E, 0xE7AE, 0xE78E, 0xEF8E, 0xEF8F, 0xEF8F, 0xE78E,
  0xE78E, 0xEFAF, 0xEFCF, 0xEFB0, 0xF7D0, 0xF7D1, 0xFFD2, 0xFFD2, 0xFFF2, 0xFFF2, 0xFFD2, 0xFFD2,
  0xFFD2, 0xFFD2, 0xFFD3, 0xFFD3, 0xFFD3, 0xFFD2, 0xF7B1, 0xEFB0, 0xEFAF, 0xE78E, 0xE76E, 0xDF4D,
  0xDF4D, 0xD74D, 0xCF0D, 0xC6ED, 0xC6CE, 0xCEEF, 0xD712, 0xE796, 0xF7FA, 0xFFFB, 0xF7F9, 0xDF74,
  0xD732, 0xCF30, 0xC6EE, 0xBEAD, 0xB66B, 0xB66B, 0xBE8C, 0xCECD, 0xD6AD, 0xC68C, 0xB62B, 0x9DCB,
  0x958A, 0x958A, 0xADAE, 0xD674, 0xDE76, 0xDE55, 0xDE96, 0xEED7, 0xEED8, 0xE6B8, 0xE697, 0xDE77,
  0xE697, 0xEED8, 0xEEF9, 0xE6B8, 0xDE57, 0xDE57, 0xE698, 0xEEFA, 0xF73B, 0xF73B, 0xF75B, 0xF75B,
  0xF75B, 0xFF7C, 0xF77C, 0xFF7C, 0xEF1B, 0xDE99, 0xE6FA, 0xF73B, 0xF75B, 0xF77C, 0xE6D9, 0xBD94,
  0xBD73, 0xC5B3, 0xCDD4, 0xD635, 0xDE96, 0xDE96, 0x940C, 0x61E4, 0x7226, 0x7245, 0x7245, 0x7245,
  0x7A66, 0x8286, 0x8AA7, 0x8AA6, 0x8AA7, 0x8AC7, 0x92C7, 0x92C7, 0x92C7, 0x9AE7, 0xA308, 0xA328,
  0xAB48, 0xAB48, 0xAB68, 0xB389, 0xAB68, 0xAB48, 0xB3AA, 0xB3AA, 0x9B69, 0x8B29, 0xA46F, 0xB512,
  0xB512, 0xA470, 0xACB1, 0xAC90, 0xACB0, 0xB4D1, 0xB4B1, 0x93EE, 0x6AEA, 0x5A27, 0x7AC8, 0x8B08,
  0x9329, 0xBC2D, 0xBC2D, 0xA3AA, 0xABCB, 0xA3CB, 0xBC4D, 0xDD91, 0xDDB2, 0xFE95, 0xFEB5, 0xCD0E,
  0x9BA9, 0x6A25, 0x7AEA, 0x7ACA, 0x6247, 0xA42F, 0xC553, 0x82E9, 0x7A46, 0xA308, 0xB369, 0xB349,
  0xA308, 0x92A8, 0x8AA8, 0x8AE8, 0x82C8, 0x7287, 0x6A47, 0x6A67, 0x730A, 0x732B, 0x62A9, 0x49E6,
  0x49C6, 0x49C5, 0x49E6, 0x49C6, 0x4985, 0x4165, 0x3144, 0x2944, 0x2924, 0x2924, 0x2944, 0x3145,
  0x4186, 0x5A06, 0x7B29, 0xBCF0, 0xD592, 0xD5D3, 0xD5F3, 0x9C6E, 0x6B2A, 0x632B, 0x7BAD, 0x8C0E,
  0xB4F1, 0xFEF7, 0xFF17, 0xFF17, 0xFEF7, 0xF6D6, 0xF6B5, 0xF6B5, 0xF695, 0xEE54, 0xEE96, 0xFFBD,
  0x7DAC, 0x754B, 0x754C, 0x8DCE, 0xAE52, 0xE778, 0xFFFC, 0xF7FB, 0xD757, 0xAE71, 0x960F, 0x8DCD,
  0x85CC, 0x95EB, 0x9E0B, 0xAE8C, 0xBEEC, 0xBECB, 0xC6EB, 0xCF0C, 0xCF0C, 0xCF0C, 0xD72C, 0xDF4D,
  0xDF6D, 0xE76E, 0xEF8E, 0xEF8E, 0xE78F, 0xE78F, 0xE7AF, 0xEFAF, 0xEF8F, 0xEF8F, 0xEFAF, 0xEFAF,
  0xEFAF, 0xEFB0, 0xF7D0, 0xF7D1, 0xF7D1, 0xF7D1, 0xFFD2, 0xFFD2, 0xFFD2, 0xFFD2, 0xFFD3, 0xFFD3,
  0xFFD3, 0xFFD3, 0xFFD3, 0xFFD3, 0xFFD3, 0xFFD2, 0xF7B1, 0xEFB0, 0xEF8F, 0xE78E, 0xE76E, 0xDF6E,
  0xDF4D, 0xD72D, 0xC70C, 0xBECD, 0xBEAD, 0xBECE, 0xC6F0, 0xD733, 0xEFB7, 0xF7FA, 0xFFFB, 0xEFB7,
  0xDF53, 0xD731, 0xCF0F, 0xC6EE, 0xBE8C, 0xB66B, 0xB66B, 0xB64B, 0xBE4B, 0xB64B, 0xA5EA, 0x9589,
  0x8D89, 0x9588, 0xA58B, 0xCE52, 0xDE95, 0xDE55, 0xDE76, 0xE6B7, 0xEED8, 0xE6D8, 0xE697, 0xDE56,
  0xDE77, 0xEED8, 0xEEF9, 0xEED9, 0xE698, 0xDE77, 0xE698, 0xEEF9, 0xEF1A, 0xF73A, 0xF75B, 0xF75B,
  0xF75B, 0xF75B, 0xF77C, 0xF75C, 0xE6D9, 0xE6B9, 0xEF3B, 0xF73B, 0xF75B, 0xF75C, 0xFF7C, 0xE6D8,
  0xBD73, 0xBD93, 0xCDD4, 0xCE14, 0xD635, 0xB551, 0x62C6, 0x5A24, 0x6245, 0x6265, 0x6245, 0x6A44,
  0x6A44, 0x6A24, 0x6A44, 0x7244, 0x7265, 0x7A85, 0x8286, 0x82A6, 0x8AC6, 0x92C7, 0x9307, 0x9AE7,
  0x9B08, 0xA348, 0xA328, 0xA328, 0xA348, 0xA348, 0xAB49, 0xA369, 0x9B49, 0x934A, 0xB4D1, 0xB512,
  0x940E, 0xACD1, 0xC594, 0x940E, 0x9C0E, 0xAC90, 0xB512, 0x93CE, 0x5A88, 0x5A68, 0x7AE8, 0xA38A,
  0xABCB, 0xCCD0, 0xEDB3, 0xDD52, 0xCCAF, 0xC46E, 0xB40C, 0xB3EC, 0xA3CB, 0xC4CF, 0xDD91, 0xE5B1,
  0xCD2F, 0x6A45, 0x59C5, 0x6A88, 0x6288, 0x9C4F, 0xACB1, 0x93CD, 0x7266, 0x8AA6, 0xA308, 0xAB29,
  0x9B08, 0x8AA8, 0x82A8, 0x82A8, 0x7AC9, 0x7288, 0x6227, 0x6AA9, 0x8BAD, 0x7B4C, 0x62A9, 0x49C6,
  0x49C6, 0x49C5, 0x5206, 0x5A06, 0x4985, 0x4185, 0x3123, 0x2903, 0x2945, 0x2904, 0x3123, 0x49A5,
  0x6227, 0x7AA8, 0x934A, 0xA3CB, 0xAC0C, 0xAC0D, 0x834B, 0x5A89, 0x528A, 0x528B, 0x5AAA, 0x6AC9,
  0x9BCC, 0xE5B2, 0xE5D2, 0xE5D3, 0xEDF3, 0xEDF3, 0xEDF2, 0xEDF2, 0xE5B1, 0xDD70, 0xDDF3, 0xFF9D,
  0x756C, 0x752B, 0x85AD, 0xA630, 0xC6B4, 0xF7BA, 0xFFFC, 0xE7BA, 0xB6B3, 0x960F, 0x8DEE, 0x85AD,
  0x85AB, 0x95EB, 0xA64B, 0xB6AC, 0xB6CB, 0xBEEB, 0xC70C, 0xCF0C, 0xCF2C, 0xD72C, 0xDF4D, 0xE78E,
  0xE78F, 0xEFB0, 0xF7B0, 0xF7B0, 0xEFB0, 0xEFB0, 0xEFB0, 0xEFAF, 0xEFAF, 0xEFAF, 0xEFCF, 0xEFD0,
  0xF7B1, 0xF7D1, 0xF7D1, 0xFFD1, 0xF7D2, 0xFFF2, 0xFFD2, 0xFFD2, 0xFFD2, 0xFFD2, 0xFFD3, 0xFFD3,
  0xFFD3, 0xFFD2, 0xFFD3, 0xFFD3, 0xFFD2, 0xFFD2, 0xF7B1, 0xEFB0, 0xEFAF, 0xE78F, 0xE76E, 0xDF6D,
  0xDF4D, 0xD72D, 0xC6EC, 0xBECD, 0xB6AD, 0xB6AE, 0xB68F, 0xBED1, 0xDF55, 0xF7F9, 0xFFFB, 0xF7D9,
  0xE775, 0xDF52, 0xCF2F, 0xCEEE, 0xBE8C, 0xB64B, 0xA62A, 0xA62A, 0xA60A, 0xA5E9, 0x9DA8, 0x8D88,
  0x8D87, 0x9DE7, 0xADE9, 0xC60F, 0xDE75, 0xDE56, 0xDE55, 0xE696, 0xEED8, 0xEED8, 0xE6B7, 0xDE56,
  0xDE77, 0xE6D8, 0xEED9, 0xEED8, 0xE698, 0xE698, 0xE6B8, 0xEEF9, 0xF73A, 0xF73B, 0xF75B, 0xF75B,
  0xF75B, 0xF75B, 0xF77C, 0xEF3B, 0xE6B9, 0xEF1B, 0xEF3B, 0xF73B, 0xF75C, 0xFF7C, 0xFF5C, 0xFF7B,
  0xE6D8, 0xBD73, 0xBD93, 0xC5B3, 0xB550, 0x9CEE, 0xA56F, 0xAD8F, 0xAD6F, 0xA56E, 0xA52E, 0x9CCD,
  0x8C4B, 0x83C9, 0x7327, 0x6AE6, 0x6AA5, 0x6A64, 0x6A64, 0x6A64, 0x6A44, 0x7265, 0x7A85, 0x82A6,
  0x92C7, 0x9B08, 0x9AE7, 0x9AE7, 0x9B07, 0x9B07, 0xA328, 0xA349, 0x9308, 0x8B29, 0xAC90, 0xB4F2,
  0x9C4F, 0xACF1, 0xA490, 0x9C4F, 0xA490, 0xA490, 0xA490, 0x838C, 0x5A48, 0x49E6, 0x6A67, 0xABEC,
  0xBC2D, 0xBC4D, 0xCCF0, 0xCD10, 0xD551, 0xDD72, 0xCCF0, 0xCCD0, 0xD511, 0xD531, 0xC4AF, 0xB44C,
  0xAC2C, 0x82C7, 0x4102, 0x4143, 0x5A47, 0x7B4B, 0x83AD, 0xB4D1, 0x82C8, 0x7A45, 0x92E8, 0x9B08,
  0x9308, 0x8AE8, 0x82E9, 0x82C9, 0x830A, 0x834B, 0x6AA9, 0x730A, 0x8BAD, 0x836D, 0x6AAA, 0x49A5,
  0x3944, 0x51C6, 0x6247, 0x6206, 0x4964, 0x4185, 0x2903, 0x2904, 0x2924, 0x2944, 0x3964, 0x5A06,
  0x7A88, 0x9B4A, 0xA38A, 0xABCA, 0xABEC, 0x8B2A, 0x49C7, 0x4208, 0x4A6A, 0x528B, 0x5ACB, 0x7B2A,
  0xBCAE, 0xD50F, 0xDD2F, 0xDD2F, 0xDD2F, 0xDD30, 0xE530, 0xDD10, 0xD510, 0xD4EF, 0xD592, 0xFF9D,
  0x756C, 0x754C, 0x8DCE, 0xAE51, 0xDF57, 0xFFFC, 0xF7FB, 0xCF37, 0xA631, 0x8DEE, 0x7D8C, 0x756B,
  0x7D8A, 0x9E0C, 0xAE6C, 0xB68B, 0xBECB, 0xC6EC, 0xC70C, 0xCF0C, 0xD72C, 0xD74D, 0xE78E, 0xE78F,
  0xEFB0, 0xF7D1, 0xF7D2, 0xF7D2, 0xF7D2, 0xF7D1, 0xF7D1, 0xF7B0, 0xF7B0, 0xF7B0, 0xF7D0, 0xF7D1,
  0xFFD1, 0xFFD1, 0xFFD2, 0xFFD2, 0xFFD2, 0xFFF2, 0xFFD2, 0xFFD3, 0xFFD3, 0xFFD3, 0xFFD3, 0xFFD3,
  0xFFD3, 0xFFD2, 0xFFD3, 0xFFD3, 0xFFF2, 0xFFD2, 0xF7D1, 0xEFB0, 0xEFAF, 0xE78F, 0xE76E, 0xDF6E,
  0xDF6E, 0xD74D, 0xC70C, 0xBECC, 0xB68D, 0xAE6D, 0xA66E, 0xAE90, 0xC6D3, 0xEF98, 0xFFFB, 0xFFFA,
  0xEFB6, 0xDF53, 0xD730, 0xC6EE, 0xBEAD, 0xB66B, 0xAE2A, 0xA62A, 0x9DE9, 0x95A8, 0x9587, 0x95A8,
  0x9DE7, 0xAE27, 0xAE08, 0xB5EC, 0xD674, 0xD635, 0xD635, 0xDE76, 0xE6B7, 0xEED8, 0xE6B7, 0xDE56,
  0xDE56, 0xE697, 0xEED8, 0xEED8, 0xE6B8, 0xE697, 0xE6B8, 0xF719, 0xF73A, 0xFF5B, 0xF75B, 0xF75B,
  0xF75B, 0xFF7C, 0xFF7C, 0xE6DA, 0xE6B9, 0xF73B, 0xEF3B, 0xF75B, 0xF77C, 0xFF7C, 0xFF7C, 0xF77C,
  0xF75B, 0xD677, 0xAD31, 0xAD30, 0xA56F, 0xB651, 0xBED2, 0xBEB2, 0xC6B2, 0xC6B2, 0xC6B2, 0xC6D3,
  0xCF14, 0xDF35, 0xDF15, 0xD694, 0xC611, 0xAD6F, 0x9CCC, 0x8C2A, 0x7B68, 0x6B06, 0x62A5, 0x6A44,
  0x7245, 0x7A86, 0x82A6, 0x8AC6, 0x8AC7, 0x8AC7, 0x92E7, 0x9B08, 0x92E8, 0x8AE9, 0xA44F, 0xB4F2,
  0xA490, 0xACD1, 0x9C6F, 0x9C4F, 0xA490, 0x940E, 0x940E, 0x838D, 0x5A89, 0x5A27, 0x6A46, 0xB40C,
  0xD4EF, 0xC46E, 0xB44E, 0xBCAF, 0xCCF0, 0xD532, 0xEE16, 0xE5F5, 0xD572, 0xD572, 0xD532, 0xB42D,
  0x9349, 0x8AE8, 0x61E5, 0x4102, 0x4184, 0x4184, 0x6AEA, 0xAC90, 0x8B2A, 0x9308, 0xA36A, 0xA38B,
  0x9349, 0x8309, 0x8B4B, 0x82EA, 0x832B, 0x838C, 0x838C, 0x8BCD, 0x8BCE, 0x834B, 0x72A9, 0x4985,
  0x4144, 0x51C5, 0x6A06, 0x61E6, 0x51A5, 0x3965, 0x28E3, 0x2904, 0x2904, 0x2924, 0x49C5, 0x7287,
  0x92E8, 0xAB6A, 0xB3AA, 0xB3EB, 0xABEC, 0x6A48, 0x3986, 0x4209, 0x4A49, 0x4A6A, 0x5A89, 0xA3ED,
  0xCCEF, 0xCCCE, 0xD4EE, 0xD4EE, 0xD50F, 0xD4EE, 0xD4EF, 0xD4EF, 0xD4EF, 0xD4CE, 0xD551, 0xFF9D,
  0x7D6C, 0x7D6C, 0x95EF, 0xBEB3, 0xEFBA, 0xFFFC, 0xEFB9, 0xB6B3, 0x8DEF, 0x7D6C, 0x752B, 0x752B,
  0x85AB, 0x9E2C, 0xAE8C, 0xB6AB, 0xBEEB, 0xC70C, 0xCF0C, 0xCF0C, 0xD72C, 0xDF4D, 0xE78E, 0xEFAF,
  0xF7D0, 0xFFD2, 0xFFD2, 0xFFF2, 0xFFF2, 0xFFF2, 0xFFF2, 0xF7D2, 0xF7D1, 0xF7D1, 0xF7D2, 0xFFD1,
  0xFFF2, 0xFFF2, 0xFFF2, 0xFFF2, 0xFFD2, 0xFFD2, 0xFFD2, 0xFFD3, 0xFFD2, 0xFFD3, 0xFFD3, 0xFFD3,
  0xFFD3, 0xFFD2, 0xFFD3, 0xFFD3, 0xFFF2, 0xFFD2, 0xF7F2, 0xEFD0, 0xEFAF, 0xE78E, 0xE78F, 0xE76F,
  0xDF6E, 0xD74D, 0xC70C, 0xBECC, 0xB68D, 0xA64D, 0x9E2D, 0x9E4F, 0xAE71, 0xD735, 0xF7FA, 0xFFFB,
  0xEFB8, 0xDF54, 0xD711, 0xCEEE, 0xBECD, 0xB68C, 0xAE4A, 0xA62A, 0x9DE9, 0x95A8, 0x8D67, 0x9DC7,
  0xA607, 0xAE27, 0xA5E8, 0x9D6A, 0xCE32, 0xDE56, 0xD635, 0xDE55, 0xE697, 0xE6B7, 0xE697, 0xDE56,
  0xDE56, 0xE677, 0xEED8, 0xEEF8, 0xEED8, 0xE697, 0xE6B8, 0xEEF9, 0xF73A, 0xF75B, 0xF73B, 0xF73B,
  0xF77C, 0xFF7C, 0xF75B, 0xE6DA, 0xEF1A, 0xF75B, 0xF75C, 0xF75C, 0xF75C, 0xF77C, 0xFF7C, 0xFF7C,
  0xEF1A, 0xEF1A, 0xCE35, 0xADD1, 0xB631, 0xB690, 0xAEB0, 0xB6B1, 0xB691, 0xB692, 0xB6B2, 0xBED2,
  0xCF34, 0xDF76, 0xE797, 0xE7B7, 0xDF96, 0xD755, 0xCF14, 0xC6F4, 0xBEB3, 0xB651, 0xA5AF, 0x94CC,
  0x8C0A, 0x7B68, 0x6AC5, 0x6A64, 0x6A44, 0x7A85, 0x82A6, 0x8AC7, 0x82A7, 0x82E8, 0x9C2E, 0xACD1,
  0xACB1, 0xACD1, 0xACF1, 0xB512, 0x9C4F, 0x9C4F, 0x9C50, 0x838D, 0x5A69, 0x6AAA, 0x7AE9, 0xB40C,
  0xD4EF, 0xBC6D, 0xAC0C, 0xBC8E, 0xB46F, 0xAC2E, 0xC4F1, 0xCD73, 0xCD52, 0xBCD0, 0xC4F0, 0xBC8F,
  0xABEC, 0xA3AB, 0x8B0A, 0x59C5, 0x4164, 0x49C6, 0x730B, 0x9BED, 0x8B4A, 0xA38B, 0x9B6A, 0xA3CC,
  0xA3CC, 0x934B, 0x9BCE, 0x93AD, 0x8B6C, 0x940F, 0xA4B1, 0xA491, 0x8BAD, 0x830A, 0x82C9, 0x51A4,
  0x4943, 0x61C5, 0x7226, 0x61E6, 0x4984, 0x3103, 0x28E3, 0x2903, 0x2924, 0x3944, 0x59E5, 0x8AE9,
  0xA34A, 0xAB8A, 0xB3CA, 0xBC0C, 0xA38B, 0x51C6, 0x39A7, 0x4208, 0x4A08, 0x4A28, 0x6AA9, 0xBC6D,
  0xCCEE, 0xD4EF, 0xD4EE, 0xD4EE, 0xD4EE, 0xD4EE, 0xD4EE, 0xD4EE, 0xD4CE, 0xCCAD, 0xD530, 0xFF9C,
  0x7D6C, 0x858D, 0x9E31, 0xCF16, 0xF7FB, 0xFFFB, 0xD757, 0xA651, 0x7DAD, 0x6D0B, 0x6CEA, 0x6D2A,
  0x7D8B, 0x960B, 0xAE8C, 0xB6CC, 0xBEEC, 0xC70C, 0xC70C, 0xCF2C, 0xD74C, 0xDF6D, 0xE7AF, 0xF7D0,
  0xFFD2, 0xFFD2, 0xFFD2, 0xFFD3, 0xFFD3, 0xFFF3, 0xFFF2, 0xFFD2, 0xFFD2, 0xFFD2, 0xFFD2, 0xFFF2,
  0xFFD2, 0xFFD2, 0xFFF2, 0xFFD3, 0xFFD3, 0xFFD3, 0xFFD3, 0xFFF3, 0xFFF3, 0xFFF3, 0xFFD3, 0xFFF3,
  0xFFF3, 0xFFF3, 0xFFD3, 0xFFD3, 0xFFD2, 0xFFD2, 0xF7F2, 0xF7D0, 0xEFAF, 0xEFD0, 0xBE6C, 0x7CA5,
  0xBEAB, 0xD76E, 0xC6EC, 0xBEAC, 0xAE8D, 0x962C, 0x8E0D, 0x8DEE, 0x95EE, 0xB6D3, 0xE7D9, 0xFFFB,
  0xF7D9, 0xE775, 0xD731, 0xCEEF, 0xC6CD, 0xBEAC, 0xB66B, 0xA64A, 0x9E09, 0x95C8, 0x95A7, 0x9DE7,
  0xA5E7, 0x9DE8, 0x95A8, 0x8509, 0xBDD1, 0xDE76, 0xD635, 0xD635, 0xDE76, 0xE697, 0xE697, 0xDE76,
  0xDE56, 0xDE56, 0xEED8, 0xEEF9, 0xE6D8, 0xE6B7, 0xE6B8, 0xEED8, 0xF71A, 0xF73B, 0xF73B, 0xF75B,
  0xF77B, 0xFF7C, 0xF71B, 0xE6DA, 0xF73B, 0xF75B, 0xF73B, 0xF75B, 0xF75B, 0xF77C, 0xFF7C, 0xF75B,
  0xE6FA, 0xEF1A, 0xEF5A, 0xD6D7, 0xB612, 0xAE50, 0xAE90, 0xAE91, 0xAE71, 0xB6B2, 0xB6D3, 0xBEF3,
  0xCF34, 0xD775, 0xDF96, 0xDF96, 0xD755, 0xC734, 0xBEF3, 0xBEF3, 0xB6D3, 0xB6D3, 0xBED3, 0xBEF3,
  0xBEB3, 0xBE72, 0xADD0, 0x94EC, 0x73C8, 0x62E5, 0x6A85, 0x7285, 0x7265, 0x72A7, 0x93ED, 0xA490,
  0xB512, 0xCDD5, 0xA4B0, 0xA490, 0xB4F2, 0xB533, 0x9C50, 0x732B, 0x6ACA, 0x7B0B, 0x8B4A, 0xB44D,
  0xD510, 0xDD30, 0xC48E, 0xB44D, 0x8B09, 0x8B2A, 0x9BCC, 0xAC6F, 0xBCD0, 0xA40D, 0xBC8F, 0xB46F,
  0x9B8B, 0x9B6B, 0x7A88, 0x51A5, 0x41A5, 0x5A68, 0x6AA9, 0x9BED, 0x9B8B, 0x9B6B, 0x9B8B, 0xA3AC,
  0xA40E, 0x938D, 0x9BEF, 0xA42F, 0x93EE, 0x9C91, 0x9C91, 0xA471, 0x8B8D, 0x8B4A, 0x7A86, 0x59A3,
  0x5963, 0x6A04, 0x7266, 0x59E5, 0x28E2, 0x20A2, 0x28E3, 0x28E3, 0x2903, 0x51E6, 0x7267, 0x9B29,
  0xAB8A, 0xB3AA, 0xBBEB, 0xBC2C, 0x82E8, 0x3944, 0x3165, 0x3186, 0x49E7, 0x51E7, 0x8B4A, 0xC48D,
  0xD4AE, 0xD4CE, 0xDCCE, 0xD4CE, 0xD4AE, 0xD4AE, 0xD4AE, 0xCC8D, 0xCCAE, 0xCC8D, 0xD531, 0xFF9C,
  0x7D6C, 0x85AE, 0xA652, 0xDF98, 0xFFFC, 0xF7DA, 0xBEB3, 0x8DEF, 0x758D, 0x64EB, 0x64CA, 0x650A,
  0x756A, 0x95EB, 0xAE6C, 0xB6AC, 0xBECC, 0xC6EB, 0xCF0C, 0xD72C, 0xD74D, 0xE76E, 0xEFAF, 0xF7D1,
  0xFFD2, 0xFFD3, 0xFFD3, 0xFFD3, 0xFFD3, 0xFFF3, 0xFFD2, 0xFFD2, 0xFFD3, 0xFFD3, 0xFFF3, 0xFFF3,
  0xFFD3, 0xFFD3, 0xFFD3, 0xFFD3, 0xFFD3, 0xFFD3, 0xFFF3, 0xE751, 0xBE4C, 0xE791, 0xFFF4, 0xFFD3,
  0xFFD3, 0xFFD3, 0xFFD3, 0xFFD3, 0xFFD2, 0xFFD2, 0xF7D1, 0xF7F1, 0xEFF0, 0xBE8D, 0x5BE4, 0x4B40,
  0xB66B, 0xCF4E, 0xBECB, 0xB68C, 0xA64C, 0x8DEC, 0x8DED, 0x85CE, 0x85CE, 0x9E71, 0xD777, 0xFFFB,
  0xFFFB, 0xE796, 0xD731, 0xCEEF, 0xBECD, 0xBEAD, 0xB68B, 0xAE4A, 0xA62A, 0x9DE9, 0x9DE9, 0x95C8,
  0x95C8, 0x8D89, 0x8549, 0x850A, 0xA58E, 0xD655, 0xD635, 0xD635, 0xDE76, 0xE696, 0xE697, 0xDE76,
  0xD635, 0xDE56, 0xEEB8, 0xEED8, 0xE6D8, 0xE6B7, 0xE6B8, 0xEED8, 0xF73A, 0xF73B, 0xF73B, 0xF75B,
  0xF75B, 0xF77C, 0xEF1A, 0xEEFA, 0xF75B, 0xF73B, 0xF75B, 0xF75B, 0xF75C, 0xFF7C, 0xFF9C, 0xEF1B,
  0xE6FA, 0xEF3B, 0xF75B, 0xF75B, 0xD6B7, 0xAE11, 0xAE51, 0xAE71, 0xAE92, 0xB6D3, 0xBEF3, 0xBEF3,
  0xC714, 0xC714, 0xCF55, 0xCF54, 0xC713, 0xBED3, 0xB6D2, 0xAEB2, 0xB6B2, 0xB6B2, 0xAE91, 0xAE91,
  0xAEB2, 0xAED2, 0xB6D3, 0xB6B2, 0xAE72, 0xA5D0, 0x94AC, 0x6B47, 0x5A85, 0x5A45, 0x836B, 0x9C4F,
  0xBD33, 0xD616, 0xC5B4, 0xACD1, 0xBD33, 0xBD53, 0xA4B1, 0x838C, 0x7B4C, 0x838D, 0x72A8, 0xA3CC,
  0xC4AF, 0xC48E, 0xB42C, 0x9B8A, 0x8B29, 0x8309, 0x8309, 0x936B, 0xAC2E, 0xB44F, 0xB44E, 0xA3ED,
  0x936B, 0x7AA8, 0x6A47, 0x6206, 0x51E6, 0x49E6, 0x72EA, 0x8BAC, 0x93AC, 0x9B8C, 0x9BAC, 0xAC2E,
  0xA3EE, 0x830B, 0x8BAE, 0x940F, 0x9C50, 0xA4D2, 0x9C91, 0x8BCE, 0x8B4C, 0x82C8, 0x7225, 0x69C4,
  0x61A4, 0x82A7, 0x7AA7, 0x4122, 0x1881, 0x18C2, 0x20E3, 0x2903, 0x4164, 0x6A26, 0x8AE7, 0xAB8A,
  0xB3AA, 0xBBEB, 0xBC0A, 0xB3CB, 0x6A46, 0x3964, 0x39C6, 0x4A28, 0x5A48, 0x6AA8, 0xABCB, 0xCC8D,
  0xCC8C, 0xD4AD, 0xD48D, 0xD4AD, 0xD4AD, 0xCC8D, 0xCC6D, 0xCC8D, 0xCCAD, 0xCC6D, 0xCD10, 0xFF9C,
  0x7D6D, 0x8DCE, 0xB6B4, 0xEFDA, 0xFFFC, 0xE799, 0xAE51, 0x7DAD, 0x6D2C, 0x64CA, 0x5CAA, 0x64E9,
  0x756A, 0x95EB, 0xAE4C, 0xB6AC, 0xBECC, 0xBEEB, 0xCF0C, 0xD72C, 0xDF4D, 0xE76E, 0xEF8F, 0xF7D1,
  0xFFD2, 0xFFD3, 0xFFD3, 0xFFD3, 0xFFD3, 0xFFD3, 0xFFF3, 0xF7F2, 0xF7D3, 0xFFD3, 0xFFD3, 0xFFF3,
  0xFFD3, 0xFFD3, 0xFFD3, 0xFFD3, 0xFFD3, 0xFFD3, 0xFFF4, 0xB5EB, 0x4B20, 0x7C66, 0xC6AF, 0xF7F3,
  0xFFF4, 0xFFF3, 0xFFF3, 0xFFF3, 0xFFF3, 0xFFF3, 0xF7D2, 0xDF30, 0x9DAA, 0x53A3, 0x3B42, 0x8D68,
  0xCF4E, 0xC6EC, 0xBECB, 0xB68C, 0x9E2B, 0x85CB, 0x85AC, 0x85AD, 0x85AE, 0x8E0F, 0xBEF4, 0xF7BA,
  0xFFFB, 0xEF97, 0xCF32, 0xC6F0, 0xBECE, 0xBEAD, 0xB68C, 0xB68B, 0xAE2A, 0xA60A, 0x9DEA, 0x8D8A,
  0x8569, 0x8549, 0x7D29, 0x7D0A, 0x8D0C, 0xC633, 0xDE55, 0xD635, 0xDE55, 0xDE76, 0xE697, 0xE696,
  0xDE56, 0xD635, 0xE697, 0xEED8, 0xE6B8, 0xE6B7, 0xE697, 0xEED8, 0xF73A, 0xF73B, 0xF73B, 0xF73B,
  0xF75B, 0xF75B, 0xEEFA, 0xF73B, 0xF75B, 0xF75B, 0xF75C, 0xF75C, 0xF75C, 0xFF9C, 0xFF7C, 0xEEFA,
  0xF73B, 0xF75C, 0xF75C, 0xF75C, 0xE73A, 0xBE74, 0xAE31, 0xAE51, 0xAE92, 0xB6D3, 0xBF14, 0xBF14,
  0xBEF3, 0xBEF3, 0xC713, 0xBEF3, 0xB6D2, 0xB6B2, 0xAE92, 0xA671, 0xAE91, 0xAE92, 0xA671, 0xA651,
  0xA691, 0xA691, 0xA671, 0xA651, 0x9E30, 0x9E50, 0xA651, 0x8D2D, 0x8CAC, 0x83CB, 0x8BCD, 0x942E,
  0xA470, 0xACD1, 0xD616, 0xBD53, 0xBD53, 0xB512, 0x9C4F, 0x942F, 0x838D, 0x730B, 0x7B0A, 0x936B,
  0x934A, 0x9BAB, 0x9BAC, 0x936A, 0x9BAC, 0x938B, 0x936B, 0x8B4A, 0x9BAC, 0xAC2E, 0xA3CC, 0x938B,
  0x82E9, 0x7288, 0x832A, 0x6AA9, 0x5207, 0x6269, 0x8B8D, 0x8BAD, 0x93CD, 0x93AC, 0xAC4F, 0x9BCD,
  0x93CD, 0x9C2F, 0xA471, 0x8BCE, 0xA491, 0xACD2, 0x9450, 0x838D, 0x832A, 0x7246, 0x7A25, 0x71C4,
  0x7205, 0x9309, 0x59A5, 0x1881, 0x18A2, 0x18C3, 0x2923, 0x4163, 0x6225, 0x8AC8, 0xA369, 0xB38A,
  0xBBCA, 0xBBCA, 0xBBEA, 0xA38A, 0x59A5, 0x3103, 0x39A5, 0x4A28, 0x6AA9, 0x8B6B, 0xBBEB, 0xCC4C,
  0xCC4C, 0xCC6C, 0xCC6C, 0xCC6C, 0xCC6D, 0xCC6C, 0xCC6C, 0xCC6D, 0xCC6D, 0xC42B, 0xCCCF, 0xFF9C,
  0x7D6D, 0x95F0, 0xCF16, 0xF7FB, 0xFFFB, 0xD737, 0x9E10, 0x756D, 0x64EA, 0x5CA9, 0x5C89, 0x64C9,
  0x6D29, 0x8DCB, 0xA62C, 0xB68C, 0xB6CC, 0xBEEB, 0xCF0C, 0xD72C, 0xDF4D, 0xE78E, 0xE78F, 0xF7D1,
  0xFFD2, 0xFFF3, 0xFFD3, 0xFFD3, 0xFFD3, 0xFFF4, 0xCEEE, 0x84C6, 0xCE8D, 0xFFF3, 0xFFD3, 0xFFD3,
  0xFFD3, 0xFFD3, 0xFFD3, 0xFFD3, 0xFFD3, 0xFFD3, 0xFFF4, 0xE751, 0x7C86, 0x4321, 0x5383, 0x7CC7,
  0xA5EB, 0xC6AE, 0xCEEF, 0xCEEF, 0xC6AE, 0xB60C, 0x8CE8, 0x5BC4, 0x4322, 0x4362, 0x8D89, 0xD76F,
  0xCF2D, 0xBEEC, 0xB6CC, 0xAE6C, 0x960B, 0x85AB, 0x7DAC, 0x7D8C, 0x7D8D, 0x85EF, 0xAE93, 0xE798,
  0xF7FB, 0xF7D8, 0xD733, 0xC6F0, 0xBECE, 0xBEAD, 0xB68C, 0xB66C, 0xAE4B, 0x9E0B, 0x95CA, 0x856A,
  0x7D4A, 0x752A, 0x752A, 0x7D0A, 0x7CCA, 0xADB0, 0xD675, 0xD635, 0xDE55, 0xDE56, 0xE697, 0xE697,
  0xDE76, 0xDE56, 0xDE76, 0xE6B8, 0xE6B8, 0xE697, 0xE698, 0xE6B8, 0xF71A, 0xF73B, 0xF73B, 0xF73B,
  0xF75B, 0xF73B, 0xEF1A, 0xF73B, 0xF75B, 0xF75B, 0xF75C, 0xF75C, 0xFF5C, 0xFF9D, 0xF75B, 0xEEFA,
  0xF75B, 0xF75B, 0xF75C, 0xF75C, 0xEF3A, 0xDEF8, 0xBE53, 0xA632, 0xAE92, 0xB6D3, 0xBEF4, 0xBED3,
  0xB6D3, 0xBEF3, 0xBEF3, 0xB6D3, 0xAEB2, 0xAE71, 0xA670, 0xA670, 0xA671, 0xA671, 0xA651, 0x9E50,
  0x9E50, 0x9E30, 0x9E10, 0x9610, 0x960F, 0x960F, 0x960F, 0x95CF, 0x8D4D, 0x848C, 0x8C2D, 0x8C0E,
  0x9C2E, 0xA490, 0xC574, 0xC594, 0xB532, 0xACD1, 0xA4B1, 0x9C70, 0x83AD, 0x7B4B, 0x836C, 0x834A,
  0x7AE9, 0x830A, 0x8B2B, 0x7AC9, 0x7AE9, 0x832A, 0x832A, 0x9BAC, 0xA3ED, 0xAC0E, 0x9BAC, 0x7AE9,
  0x7B2A, 0x836C, 0x7B6C, 0x838C, 0x5A48, 0x6ACA, 0x8BAE, 0x8B8D, 0x9C0E, 0x93CD, 0xA42F, 0x9C0E,
  0xA470, 0xAC91, 0x9C70, 0x8BCE, 0xA491, 0xACF3, 0x9C50, 0x8BCE, 0x832A, 0x8AC8, 0xA349, 0x9308,
  0x8AC8, 0x6A26, 0x28A2, 0x10A2, 0x18C3, 0x20E3, 0x4184, 0x6246, 0x8AE8, 0xA369, 0xAB69, 0xAB69,
  0xB389, 0xB389, 0xB3A9, 0x9B69, 0x59C5, 0x4165, 0x5228, 0x5268, 0x5A47, 0x82A8, 0xBBEB, 0xC42B,
  0xC42B, 0xCC4C, 0xCC4C, 0xC42C, 0xC42C, 0xC42C, 0xC44C, 0xC44C, 0xC42C, 0xC40B, 0xC4AF, 0xFF7C,
  0x858E, 0xA672, 0xDF78, 0xFFFC, 0xF7DA, 0xC6D4, 0x8DEF, 0x6D2C, 0x5CCA, 0x5489, 0x5489, 0x64E9,
  0x754A, 0x95CB, 0xA64C, 0xB6AD, 0xBEED, 0xC70C, 0xCF0B, 0xCF2C, 0xD74C, 0xE76D, 0xE78E, 0xEFB0,
  0xF7D2, 0xFFD2, 0xFFD2, 0xFFF3, 0xFFF3, 0xC6AE, 0x6404, 0x5361, 0xCEAE, 0xFFF3, 0xFFD3, 0xFFD3,
  0xFFD3, 0xFFD3, 0xFFD3, 0xFFD3, 0xFFD3, 0xFFD3, 0xFFD3, 0xFFF4, 0xE792, 0x9D8A, 0x5BE4, 0x3B22,
  0x4342, 0x4BA4, 0x4BA4, 0x4BA4, 0x4B83, 0x4342, 0x3B02, 0x4B63, 0x6C86, 0xAE4C, 0xD76F, 0xD74E,
  0xCF0D, 0xBECC, 0xA66B, 0x9E0B, 0x8DCB, 0x7DAB, 0x758B, 0x756C, 0x756D, 0x85CE, 0xA672, 0xDF98,
  0xF7FB, 0xF7D9, 0xDF55, 0xC6F1, 0xBECF, 0xBEAD, 0xB68C, 0xB66C, 0xAE2B, 0x9DCB, 0x8D6A, 0x7D4A,
  0x752A, 0x750A, 0x6D0A, 0x74EA, 0x74A9, 0x952D, 0xCE54, 0xD635, 0xD635, 0xD635, 0xDE76, 0xE696,
  0xE696, 0xDE76, 0xDE56, 0xE697, 0xE698, 0xE697, 0xE697, 0xDE97, 0xEEF9, 0xFF5B, 0xF75B, 0xF75B,
  0xF75B, 0xF75B, 0xEF1A, 0xF73B, 0xF75B, 0xF75B, 0xF73B, 0xF73B, 0xFF7C, 0xFF9C, 0xEF1A, 0xEF1A,
  0xEF1B, 0xF75B, 0xF75C, 0xF75C, 0xEF1A, 0xEF1A, 0xDEF8, 0xB634, 0xB673, 0xB6B3, 0xB6D3, 0xB6D3,
  0xB6D3, 0xB6F3, 0xB6D3, 0xB6B2, 0xAE91, 0xA650, 0xA650, 0x9E50, 0x9E50, 0x9E50, 0x9E30, 0x9E30,
  0x962F, 0x960F, 0x960F, 0x960F, 0x960F, 0x960F, 0x9E2F, 0xA650, 0x95CE, 0x6C2A, 0x73EB, 0x83ED,
  0x940E, 0x9C4F, 0xBD53, 0xCDD5, 0xC594, 0xBD74, 0xB4F2, 0xACF2, 0x9C70, 0x942F, 0x8B8C, 0x7AE9,
  0x7B0A, 0x7B0B, 0x72AA, 0x6A89, 0x6AA9, 0x7AEA, 0x832A, 0xA3ED, 0xAC4E, 0xA3CD, 0x938C, 0x834B,
  0x7B2B, 0x942F, 0x9C70, 0x8BCE, 0x72EB, 0x7B4C, 0x9C30, 0x8BAD, 0xA44F, 0xAC90, 0x9C4F, 0xA44F,
  0x9C0F, 0xA470, 0x9C70, 0x8BEE, 0x9C50, 0xA491, 0x9C71, 0x83AC, 0x8B4A, 0x92E9, 0xA329, 0x8AC7,
  0x7267, 0x3103, 0x1881, 0x18C2, 0x18C2, 0x3102, 0x59E4, 0x8AE8, 0x9B28, 0xAB69, 0xAB49, 0xAB49,
  0xB369, 0xB369, 0xB389, 0x9B09, 0x4965, 0x3124, 0x3144, 0x3144, 0x4184, 0x8287, 0xB3AA, 0xBBEA,
  0xBBEA, 0xBBEA, 0xBBEA, 0xBBEA, 0xBBEA, 0xBBEA, 0xBBEA, 0xBBEB, 0xBBEB, 0xBBCA, 0xC48E, 0xFF7C,
  0x8DCF, 0xBED4, 0xEFDA, 0xFFFC, 0xEFBA, 0xB693, 0x85AE, 0x6D0B, 0x5CCA, 0x5489, 0x5489, 0x64E9,
  0x756A, 0x95CB, 0xAE6C, 0x9DCA, 0x74A5, 0x9DC8, 0xC70D, 0xD74D, 0xDF6E, 0xE78E, 0xE78F, 0xEFD0,
  0xFFF2, 0xFFF3, 0xF7D3, 0xD710, 0x9569, 0x53A3, 0x4B62, 0xA5CC, 0xF7D3, 0xF7D3, 0xFFD3, 0xFFD3,
  0xFFD3, 0xFFD3, 0xFFD3, 0xFFD3, 0xFFD3, 0xFFD3, 0xFFD3, 0xFFD3, 0xFFF4, 0xFFF4, 0xDF32, 0xADEC,
  0x8509, 0x7487, 0x6426, 0x6406, 0x6C46, 0x74A7, 0x956A, 0xB68E, 0xD750, 0xDF70, 0xD74E, 0xCEED,
  0xC6AD, 0xB68C, 0x9E2B, 0x95EB, 0x8DCC, 0x758B, 0x6D6B, 0x756C, 0x756D, 0x7DAE, 0x9E51, 0xD757,
  0xEFFA, 0xF7FA, 0xDF76, 0xCF11, 0xC6EF, 0xBEAE, 0xB66D, 0xAE4C, 0x9DEB, 0x8D8A, 0x854A, 0x7529,
  0x6D09, 0x6CC9, 0x6CC9, 0x6CC9, 0x64A8, 0x7CAB, 0xC633, 0xD635, 0xD5F4, 0xD5F4, 0xD635, 0xDE76,
  0xE696, 0xDE76, 0xDE76, 0xDE77, 0xE677, 0xE698, 0xE677, 0xDE97, 0xEEF9, 0xFF5B, 0xFF5B, 0xFF7B,
  0xFF7B, 0xF75B, 0xF73B, 0xF73B, 0xF75B, 0xF75B, 0xF71B, 0xF73B, 0xFF9C, 0xFF7C, 0xE6FA, 0xEF3B,
  0xEF1B, 0xF75B, 0xF75C, 0xF75C, 0xE6FA, 0xE71A, 0xEF5B, 0xD697, 0xD6F6, 0xCEF6, 0xB673, 0xB6B2,
  0xB6B2, 0xB6B2, 0xB6D2, 0xB6B2, 0xA670, 0xA650, 0x9E50, 0x9E30, 0x9E50, 0x9E30, 0x962F, 0x962F,
  0x960F, 0x95EF, 0x95EF, 0x960F, 0x960F, 0x9E50, 0xA671, 0xAE91, 0xA630, 0x748B, 0x6B89, 0x83CC,
  0x8BCD, 0x8BCD, 0xACB0, 0xC5B4, 0xC594, 0xACF1, 0xBD33, 0xBD53, 0xACD1, 0xB4F2, 0x93CD, 0x8B8C,
  0x832A, 0x8B6C, 0x72CA, 0x72CA, 0x6A89, 0x72CA, 0x832B, 0x93AD, 0x93AD, 0x8B8C, 0x832B, 0x838D,
  0x8BCE, 0x940F, 0xACF2, 0x940F, 0x838D, 0x7B4C, 0x9C50, 0x9C0F, 0x93EE, 0xACD1, 0x8BCD, 0x940E,
  0x93CE, 0x9C50, 0x9C50, 0x8BCE, 0x8BEE, 0xA491, 0x8BCE, 0x834B, 0x934B, 0x9B29, 0x9AE8, 0x9309,
  0x4184, 0x1861, 0x18A2, 0x18C2, 0x28E3, 0x51A5, 0x7AA7, 0x92E8, 0x92C7, 0x9B08, 0xA308, 0xA328,
  0xAB29, 0xAB49, 0xAB48, 0x8AC8, 0x4944, 0x3123, 0x3144, 0x3164, 0x3964, 0x7A67, 0xAB49, 0xB389,
  0xB389, 0xB389, 0xB389, 0xB3A9, 0xB3A9, 0xB3AA, 0xB389, 0xB389, 0xAB89, 0xAB69, 0xB42D, 0xF75C,
  0x9610, 0xC6F5, 0xF7FB, 0xFFFC, 0xE799, 0xAE72, 0x7D6D, 0x650B, 0x5CCA, 0x5489, 0x54A9, 0x650A,
  0x756A, 0x95EB, 0xAE8D, 0x8D48, 0x32A0, 0x4321, 0x6C66, 0x95A9, 0xB64B, 0xBE8D, 0xC6AD, 0xC6CE,
  0xBE8D, 0xA5CB, 0x84E8, 0x5BE3, 0x3B21, 0x53A3, 0xADEC, 0xF7F3, 0xFFF3, 0xFFD2, 0xFFD3, 0xFFD3,
  0xFFD3, 0xFFD3, 0xFFD3, 0xFFD3, 0xFFD3, 0xFFD3, 0xFFD3, 0xFFD3, 0xF7D3, 0xFFD3, 0xFFF4, 0xFFF4,
  0xF7F3, 0xEF92, 0xE751, 0xE751, 0xE771, 0xE791, 0xEFD1, 0xE790, 0xDF4F, 0xD72E, 0xC6ED, 0xBECD,
  0xAE6C, 0xA64B, 0x8E0B, 0x8DEC, 0x7D8B, 0x756B, 0x6D6B, 0x6D4C, 0x6D6C, 0x7DAE, 0x9630, 0xC715,
  0xEFFA, 0xF7FA, 0xE797, 0xD733, 0xC6F0, 0xBEAE, 0xB66D, 0xAE4C, 0x9DEB, 0x8D6A, 0x7D09, 0x6CE9,
  0x6CC9, 0x64A8, 0x64A8, 0x64A8, 0x64A8, 0x6C69, 0xB5D1, 0xD655, 0xD5F4, 0xD5F4, 0xD635, 0xDE76,
  0xE696, 0xDE76, 0xDE76, 0xDE77, 0xDE77, 0xE697, 0xE677, 0xDE97, 0xE6D8, 0xF73A, 0xFF5B, 0xFF7B,
  0xFF7C, 0xF75B, 0xF73B, 0xF73B, 0xF73B, 0xF73B, 0xEF1B, 0xF73B, 0xFF9C, 0xF73B, 0xE6B9, 0xEF1A,
  0xEF1B, 0xF73B, 0xF77C, 0xEF3B, 0xE6FA, 0xEF3B, 0xEF5B, 0xE6D9, 0xDEB7, 0xEF7A, 0xC675, 0xB633,
  0xAE72, 0xAE92, 0xB6B2, 0xAEB1, 0xA670, 0xA650, 0x9E50, 0x9E2F, 0x9E50, 0x9E30, 0x960F, 0x960F,
  0x95EF, 0x95EF, 0x960F, 0x9E0F, 0x9E4F, 0xAEB1, 0xC713, 0xD754, 0xBEB2, 0x956E, 0x73EA, 0x7BAB,
  0x93ED, 0x93ED, 0x9C4F, 0xCDB5, 0xC594, 0xC594, 0xC594, 0xBD73, 0xBD73, 0xA490, 0x8BAD, 0x8BAC,
  0x836C, 0x834B, 0x730A, 0x834C, 0x6268, 0x6AA9, 0x72EA, 0x838D, 0x8BCE, 0x8BCD, 0x8BCE, 0x8BCE,
  0x9C70, 0x8C0F, 0xB534, 0xA491, 0x8BCE, 0x940F, 0x838D, 0x8BCD, 0x8B8D, 0x9BEE, 0x93CD, 0x93EE,
  0x9C0F, 0xA491, 0x9C50, 0x940F, 0x9C70, 0x9C50, 0x8BCE, 0x830A, 0x9B2A, 0xAB8A, 0xA36A, 0x6A27,
  0x20A1, 0x20C2, 0x18C2, 0x20C3, 0x3923, 0x6A46, 0x8AE8, 0x92C7, 0x92C7, 0x92C7, 0x9AE8, 0x92E8,
  0x9AE8, 0x9AE8, 0x9AE7, 0x82A7, 0x4164, 0x3143, 0x2944, 0x3144, 0x3944, 0x7246, 0x9B28, 0xA328,
  0xA328, 0xA328, 0xA348, 0xA348, 0xA328, 0xA348, 0xA348, 0xA328, 0xA328, 0x9AE7, 0xABAB, 0xF75C,
  0x9DF0, 0xCEF5, 0xF7FB, 0xFFFC, 0xDF78, 0x9E10, 0x7D6D, 0x650B, 0x5CC9, 0x5489, 0x54A9, 0x650A,
  0x756A, 0x95EC, 0xAE4C, 0xAE8D, 0x8508, 0x4342, 0x32C0, 0x32C0, 0x4321, 0x4B62, 0x53A3, 0x4BA3,
  0x4362, 0x3B21, 0x4321, 0x4B82, 0x7CC8, 0xC6CF, 0xF7F3, 0xFFF2, 0xFFD2, 0xFFD3, 0xFFD3, 0xFFD3,
  0xFFD3, 0xFFD3, 0xFFD3, 0xFFD3, 0xFFD3, 0xFFD3, 0xFFD3, 0xFFF3, 0xFFF3, 0xF7D3, 0xF7D3, 0xFFD3,
  0xFFF3, 0xFFF3, 0xFFF3, 0xF7D2, 0xEFB1, 0xEF90, 0xE76F, 0xDF4E, 0xD70E, 0xCEED, 0xBEAC, 0xAE8C,
  0xA64C, 0x962B, 0x85EB, 0x7DAB, 0x7D6B, 0x6D4B, 0x654B, 0x652C, 0x6D6C, 0x758D, 0x8DEF, 0xBEF5,
  0xEFDA, 0xF7FA, 0xE7B8, 0xD734, 0xC6F1, 0xBEAF, 0xB66D, 0xA62C, 0x9DEB, 0x8D8B, 0x7D2A, 0x6CE9,
  0x64A8, 0x6488, 0x6488, 0x6488, 0x64A8, 0x6C68, 0x9D4E, 0xD655, 0xD615, 0xCDF4, 0xD615, 0xDE56,
  0xDE76, 0xDE76, 0xDE77, 0xE677, 0xE677, 0xDE77, 0xE697, 0xDE97, 0xE6B7, 0xF73A, 0xFF5B, 0xFF7B,
  0xFF7C, 0xF75B, 0xEF3B, 0xF73B, 0xF73B, 0xEF1A, 0xEF1A, 0xF75B, 0xFF7C, 0xE6D9, 0xE6D9, 0xEF1A,
  0xEF1A, 0xF73B, 0xF75C, 0xEF3B, 0xE71A, 0xEF3B, 0xF75B, 0xE6FA, 0xD678, 0xF75B, 0xEF3A, 0xDF19,
  0xBE74, 0xA651, 0xA670, 0xA670, 0xA650, 0xA691, 0x9E30, 0x960F, 0x960F, 0x960F, 0x960F, 0x960F,
  0x960F, 0x960F, 0x9E0F, 0x9E2F, 0xA64F, 0xBEF2, 0xD774, 0xDF75, 0xC6F2, 0xAE50, 0x952D, 0x840A,
  0x942D, 0x9C0D, 0x93ED, 0xB4F1, 0xB512, 0xC594, 0xCDD5, 0xBD73, 0xC594, 0xA470, 0x838C, 0x834B,
  0x834B, 0x72EA, 0x7B2B, 0x836C, 0x72EA, 0x7B2C, 0x838D, 0x836D, 0x940F, 0x9C70, 0x9C70, 0x8BCE,
  0x9C51, 0xA4B2, 0xBD54, 0xB513, 0x9C50, 0x942F, 0x83AD, 0x9C50, 0x838C, 0x836C, 0x93AD, 0x940E,
  0x834C, 0x8BCE, 0x9C2F, 0x940F, 0x8BEE, 0x940F, 0x7B2C, 0x6227, 0x7A87, 0xABAB, 0x7287, 0x28A2,
  0x20C3, 0x28E3, 0x20E3, 0x2903, 0x49A4, 0x7266, 0x82C7, 0x8AA6, 0x8286, 0x8A86, 0x8AA6, 0x8A86,
  0x8A86, 0x8A86, 0x8A86, 0x7A87, 0x4184, 0x3144, 0x2944, 0x2944, 0x3123, 0x6225, 0x92C6, 0x92E6,
  0x92E7, 0x92E7, 0x92E7, 0x92E7, 0x92C7, 0x92E7, 0x92E7, 0x92E7, 0x92E7, 0x8AA6, 0x9B8A, 0xF75C,
  0x9DF0, 0xCF16, 0xFFFB, 0xFFFB, 0xD757, 0x9610, 0x756C, 0x5CEA, 0x54A9, 0x5489, 0x5489, 0x64E9,
  0x7D6A, 0x960C, 0xA66C, 0xAE8C, 0xB6AD, 0x9E0B, 0x74C7, 0x53C3, 0x4341, 0x3B41, 0x4362, 0x4362,
  0x4BA3, 0x6445, 0x8D49, 0xBE8D, 0xE7B1, 0xFFF2, 0xF7D1, 0xF7D1, 0xF7D2, 0xFFD2, 0xFFD2, 0xFFD3,
  0xFFD2, 0xFFD3, 0xFFD3, 0xFFD3, 0xFFD3, 0xFFD3, 0xFFD3, 0xFFF3, 0xFFD3, 0xFFD4, 0xFFD3, 0xFFD3,
  0xFFD3, 0xF7D2, 0xF7D2, 0xEF91, 0xE770, 0xE750, 0xDF4F, 0xD70E, 0xCEEE, 0xC6AD, 0xB68C, 0xA66C,
  0x9E4C, 0x8E0B, 0x7DCB, 0x758B, 0x754B, 0x652B, 0x652B, 0x652C, 0x6D6D, 0x758E, 0x8DF0, 0xBEF4,
  0xEFBA, 0xF7FB, 0xEFD9, 0xD734, 0xCEF1, 0xC6D0, 0xB68E, 0xA62C, 0x9DEB, 0x8D8A, 0x7D29, 0x6CC8,
  0x6488, 0x6488, 0x6487, 0x5C67, 0x6488, 0x6C89, 0x84AB, 0xC5F3, 0xD635, 0xCDF4, 0xCDF4, 0xD615,
  0xDE76, 0xE696, 0xE696, 0xDE76, 0xE697, 0xE677, 0xE676, 0xE696, 0xE697, 0xEF19, 0xFF5B, 0xFF7B,
  0xFF7B, 0xF73B, 0xEF1A, 0xEF1A, 0xEF1A, 0xEF1A, 0xF73B, 0xFF7C, 0xF73B, 0xE698, 0xE6FA, 0xEF1A,
  0xEF1A, 0xF73B, 0xF75B, 0xEEFA, 0xEF1A, 0xF75B, 0xEF3B, 0xEF3B, 0xEF1B, 0xF77C, 0xEF3B, 0xEF5B,
  0xD6D8, 0x9DF1, 0x962F, 0x9E30, 0x9E30, 0x9E30, 0x960F, 0x95EF, 0x95EF, 0x95EF, 0x960F, 0x960F,
  0x960F, 0x9E2F, 0x9E2F, 0xA62F, 0xA64F, 0xB6B1, 0xCF13, 0xD754, 0xC6F2, 0xBEB1, 0xA5EE, 0x8C8A,
  0x942C, 0xA46F, 0x9C2E, 0x9C4E, 0xACF1, 0xC5B4, 0xD616, 0xC5B4, 0xBD33, 0xA470, 0x93EE, 0x838C,
  0x7B2B, 0x730A, 0x732B, 0x8BCE, 0x8BEE, 0x7B4C, 0x838D, 0x7B4B, 0x940F, 0xA491, 0x9C71, 0xA491,
  0x9C71, 0xACF3, 0xB513, 0x9C70, 0xA4B1, 0x942F, 0x93EE, 0x940F, 0x8B8D, 0x834C, 0x93CE, 0x836C,
  0x6ACA, 0x838D, 0x9C2F, 0x940F, 0x838D, 0x838D, 0x730B, 0x3964, 0x4163, 0x5A26, 0x28E2, 0x18A2,
  0x18E3, 0x20E3, 0x28E3, 0x3944, 0x6247, 0x7A87, 0x7A87, 0x8266, 0x7A66, 0x7A45, 0x7A66, 0x7A66,
  0x7A66, 0x7A66, 0x7A66, 0x7267, 0x4184, 0x2923, 0x2944, 0x2944, 0x2923, 0x51A4, 0x8286, 0x8286,
  0x8286, 0x8286, 0x8286, 0x8286, 0x8286, 0x8286, 0x8286, 0x8286, 0x8286, 0x8266, 0x936A, 0xF75C,
  0x9DF0, 0xD737, 0xFFFB, 0xFFFB, 0xD757, 0x95EF, 0x6D2B, 0x5CEA, 0x54A9, 0x5489, 0x5CA9, 0x64EA,
  0x7D6B, 0x95EC, 0xA64C, 0xAE6C, 0xAE8C, 0xC70E, 0xCF2E, 0xBECD, 0xB66C, 0xAE4B, 0xAE4B, 0xB66B,
  0xC6CD, 0xD74F, 0xE7B1, 0xEFD2, 0xF7B1, 0xF7B0, 0xF7B1, 0xF7D1, 0xF7D2, 0xF7D2, 0xFFD2, 0xFFD2,
  0xFFD2, 0xFFD3, 0xFFD3, 0xFFD3, 0xFFD3, 0xFFD3, 0xFFD3, 0xFFD4, 0xFFD4, 0xFFD4, 0xFFD3, 0xFFD3,
  0xFFD3, 0xF7D3, 0xF7B2, 0xEF91, 0xE770, 0xE750, 0xDF4F, 0xCF0E, 0xCEEE, 0xBEAC, 0xAE6C, 0x9E4C,
  0x962C, 0x8DEC, 0x7D8B, 0x754B, 0x652A, 0x654B, 0x652B, 0x652C, 0x6D6D, 0x75AE, 0x8DF0, 0xB6D4,
  0xE7BA, 0xF7FB, 0xF7D9, 0xDF55, 0xD733, 0xCF31, 0xBECF, 0xAE4D, 0xA60C, 0x858A, 0x74E9, 0x6CC8,
  0x64A8, 0x6488, 0x5C67, 0x5C67, 0x64A8, 0x6CA9, 0x7C89, 0xB590, 0xD634, 0xCDF4, 0xCDF4, 0xCDF4,
  0xDE56, 0xE696, 0xE696, 0xDE76, 0xDE76, 0xDE76, 0xDE56, 0xDE76, 0xE697, 0xEEF9, 0xF75B, 0xF77B,
  0xFF7B, 0xF73A, 0xEF1A, 0xEEFA, 0xEEFA, 0xEF1A, 0xF75B, 0xFF7C, 0xEEFA, 0xE678, 0xEEFA, 0xEF1A,
  0xEF1A, 0xF73B, 0xF73B, 0xEEDA, 0xEF3B, 0xF75C, 0xEF3B, 0xF75C, 0xFF7C, 0xEF1B, 0xF75C, 0xEF3B,
  0xDEB8, 0xADF2, 0x95AF, 0x95EF, 0x95EF, 0x95EF, 0x8DCE, 0x8DCE, 0x8DEE, 0x95EF, 0x960F, 0x9E50,
  0xAEB2, 0xB6B1, 0xA650, 0xA62F, 0x9E2F, 0xA64F, 0xAE90, 0xB6B1, 0xB6B1, 0xB670, 0xA62F, 0x94EC,
  0x8C0B, 0xA44E, 0x9BEC, 0x93ED, 0xBD12, 0xC593, 0xD616, 0xCDF5, 0xBD73, 0xB4F1, 0xACB1, 0x93EE,
  0x7B6C, 0x7B2B, 0x6ACA, 0x83AD, 0x942F, 0x8BEE, 0x83AD, 0x8BCE, 0x942F, 0xA491, 0xACD2, 0xB534,
  0xC596, 0xB513, 0xA4B2, 0x9C50, 0x9430, 0x940F, 0x93EE, 0x836C, 0x8BCD, 0x836C, 0x93CE, 0x8BAD,
  0x7B4C, 0x8BCE, 0x8BCE, 0x8BAE, 0x730B, 0x7B2B, 0x62A9, 0x20E2, 0x1881, 0x1881, 0x18C2, 0x18C2,
  0x18C3, 0x28E3, 0x3944, 0x49A5, 0x6247, 0x7A87, 0x7A87, 0x7266, 0x7246, 0x7246, 0x6A25, 0x6A05,
  0x6A25, 0x6A25, 0x6A26, 0x6A46, 0x3983, 0x2923, 0x2964, 0x2945, 0x3144, 0x3944, 0x6206, 0x7246,
  0x7245, 0x7246, 0x7246, 0x7A46, 0x7245, 0x7245, 0x7245, 0x7245, 0x7246, 0x7225, 0x8B29, 0xF75B,
  0xAE31, 0xDF78, 0xFFFB, 0xF7FB, 0xD736, 0x95EF, 0x6D2B, 0x5CEA, 0x54A9, 0x54A9, 0x5CCA, 0x64EA,
  0x756B, 0x8DCB, 0x9DEB, 0xA64C, 0xAE8C, 0xB6AC, 0xC6ED, 0xCF0D, 0xCF4D, 0xD76E, 0xD76E, 0xDF6E,
  0xE78F, 0xE78F, 0xEF8F, 0xEF6F, 0xEF90, 0xEF90, 0xEFB0, 0xF7B1, 0xF7B1, 0xF7D2, 0xF7D2, 0xFFD2,
  0xFFD2, 0xFFD3, 0xFFD3, 0xFFD3, 0xFFD3, 0xFFD3, 0xFFD3, 0xFFD3, 0xFFD4, 0xFFD4, 0xF7B3, 0xF7B3,
  0xFFD3, 0xF7B3, 0xF7B2, 0xEF91, 0xEF71, 0xE750, 0xD72F, 0xCF0E, 0xC6EE, 0xBE8D, 0xAE6D, 0x9E2C,
  0x8DEC, 0x85AC, 0x7D8B, 0x6D4A, 0x650A, 0x652B, 0x654C, 0x652C, 0x6D4D, 0x758E, 0x8DF0, 0xB6D5,
  0xE7BA, 0xF7FB, 0xF7D9, 0xE796, 0xDF74, 0xDF52, 0xCEF0, 0xB68E, 0x9E0C, 0x8549, 0x74E8, 0x6CE8,
  0x64C8, 0x5C87, 0x5C67, 0x6467, 0x64C7, 0x74E8, 0x84E9, 0xA56E, 0xCE13, 0xCE14, 0xCE14, 0xCE14,
  0xD635, 0xDE76, 0xE696, 0xDE76, 0xDE76, 0xDE76, 0xDE76, 0xDE76, 0xDE76, 0xE6B7, 0xF73A, 0xF75B,
  0xF75B, 0xEF1A, 0xEEFA, 0xEEFA, 0xEEFA, 0xF71A, 0xFF5B, 0xFF7C, 0xE698, 0xDE78, 0xEEFA, 0xEF1A,
  0xEF1A, 0xF73B, 0xF71B, 0xEEFA, 0xF73B, 0xF75C, 0xEF3B, 0xF75B, 0xEEFA, 0xEF3B, 0xF77C, 0xE6FA,
  0xDEB8, 0xD6B7, 0xB654, 0xA5F1, 0x95AF, 0x858E, 0x85AE, 0x8DAE, 0x8DCE, 0x8DEF, 0x95EF, 0xAEB2,
  0xD795, 0xCF74, 0xAE70, 0x9E0F, 0x9E2F, 0x9E2E, 0x9E2E, 0x9E2E, 0xA64F, 0x9E2E, 0xA62F, 0x9D8E,
  0x948C, 0xA42C, 0x938B, 0x9BEC, 0xB4D0, 0xB4D0, 0xC573, 0xCDD5, 0xBD53, 0xB532, 0xA490, 0x93EE,
  0x8BCD, 0x838C, 0x836C, 0x83AD, 0x942F, 0x940F, 0x9C50, 0x9C70, 0xA4B1, 0xA4D2, 0xA4D2, 0xB533,
  0xB533, 0xA4B1, 0xA4B2, 0x9C50, 0x8BCE, 0x942F, 0x8BAD, 0x7B4C, 0x836C, 0x836D, 0x8BCE, 0x8B8D,
  0x836C, 0x8BAD, 0x8B8D, 0x7B2B, 0x72EA, 0x7B2B, 0x49E7, 0x18A2, 0x18A2, 0x18C3, 0x18C3, 0x18C2,
  0x18C2, 0x3103, 0x49A5, 0x49C5, 0x59E5, 0x7267, 0x7287, 0x7287, 0x7266, 0x6A46, 0x6205, 0x6205,
  0x6225, 0x6A66, 0x6A86, 0x62C6, 0x5AA7, 0x3184, 0x2944, 0x2944, 0x2944, 0x2924, 0x4184, 0x49C4,
  0x51E4, 0x5A05, 0x5A05, 0x5A04, 0x59E4, 0x59E4, 0x59E4, 0x61E4, 0x61E5, 0x61E4, 0x7AE9, 0xF73C,
  0xB693, 0xE798, 0xFFFB, 0xF7DB, 0xCF15, 0x8DCE, 0x6D2B, 0x5CEA, 0x5CA9, 0x54A9, 0x5CCA, 0x64EA,
  0x756B, 0x8DCB, 0x95EB, 0xA62C, 0xAE8D, 0xB6CD, 0xC6CD, 0xC70C, 0xC70C, 0xC6EC, 0xCF0D, 0xCF0D,
  0xD72E, 0xDF4F, 0xE76F, 0xE78F, 0xEF90, 0xEF90, 0xEFB0, 0xEFB1, 0xF7B1, 0xF7D1, 0xF7D2, 0xF7D2,
  0xFFD2, 0xFFD3, 0xFFD3, 0xFFD3, 0xFFD3, 0xFFD3, 0xFFD3, 0xFFD3, 0xFFD4, 0xFFD4, 0xF7B3, 0xF7B3,
  0xF7D3, 0xF7B2, 0xF7B2, 0xEF91, 0xE770, 0xDF2F, 0xD70F, 0xCF0E, 0xC6CE, 0xB68D, 0xA64C, 0x960C,
  0x85AB, 0x7D8B, 0x758B, 0x6D4B, 0x650B, 0x650B, 0x652B, 0x652C, 0x654C, 0x758E, 0x8E10, 0xBEF5,
  0xE7BA, 0xF7FB, 0xF7DA, 0xE797, 0xE775, 0xDF53, 0xD711, 0xB68E, 0x9DCB, 0x8549, 0x7508, 0x6CC8,
  0x64A7, 0x6487, 0x6487, 0x64A7, 0x6CE7, 0x7D28, 0x8D69, 0x9D4C, 0xC5D1, 0xD614, 0xCE14, 0xCE14,
  0xCDF4, 0xDE55, 0xE696, 0xE697, 0xDE96, 0xDE56, 0xDE56, 0xDE56, 0xDE56, 0xE697, 0xEEF9, 0xF73A,
  0xF75B, 0xEF1A, 0xEED9, 0xEEFA, 0xEEFA, 0xF73A, 0xFF5B, 0xF73B, 0xDE77, 0xE6B9, 0xEF1A, 0xEEFA,
  0xEF1A, 0xF73B, 0xF71B, 0xEF1A, 0xF75B, 0xF75B, 0xF73B, 0xE6FA, 0xE6D9, 0xFF7C, 0xF73B, 0xE6DA,
  0xDEB9, 0xDED9, 0xEF5A, 0xE739, 0xCED6, 0xAE33, 0x95B0, 0x8D8F, 0x8DAE, 0x8DCF, 0x95EF, 0xA671,
  0xC714, 0xBF13, 0xA650, 0x9E0E, 0x960E, 0x960E, 0x960E, 0x95ED, 0x960E, 0x962E, 0x962E, 0x958E,
  0x94CC, 0xA46D, 0xA3CB, 0x9BAB, 0x9BEC, 0xA3ED, 0xAC6E, 0xC511, 0xC532, 0xACB0, 0xA470, 0x942F,
  0x9C2F, 0x942F, 0x8BEE, 0x83AD, 0x942F, 0x940F, 0xA4B1, 0xB4F2, 0xB533, 0xA4B1, 0xA4D2, 0x9C50,
  0x9C70, 0xACF2, 0xACF3, 0x9430, 0x838D, 0x838D, 0x7B2B, 0x838D, 0x838D, 0x7B4C, 0x730B, 0x7B0B,
  0x834C, 0x834B, 0x9C2F, 0x7B4B, 0x72EA, 0x6AAA, 0x3104, 0x18A2, 0x18A3, 0x20E4, 0x20E3, 0x18E3,
  0x2903, 0x41A5, 0x51C5, 0x59E5, 0x6226, 0x6A67, 0x7267, 0x6266, 0x5A45, 0x5A85, 0x6B07, 0x840A,
  0x94CC, 0xA54E, 0xA58E, 0xADEF, 0xB651, 0x7C4B, 0x3A24, 0x31E3, 0x3204, 0x3204, 0x5B28, 0x6348,
  0x5B27, 0x740B, 0x6BC9, 0x6348, 0x5B07, 0x52C6, 0x52A6, 0x5266, 0x5245, 0x49E4, 0x62E8, 0xEF5C,
  0xBEB4, 0xE798, 0xFFFB, 0xF7DB, 0xC6F5, 0x8DCF, 0x6D4C, 0x5CEA, 0x5CA9, 0x5CA9, 0x5CA9, 0x64EA,
  0x6D4A, 0x85AB, 0x95EB, 0x9E2C, 0xAE6D, 0xBECD, 0xBEED, 0xC6ED, 0xC6ED, 0xC6ED, 0xCF0D, 0xCF0D,
  0xCF2E, 0xD72E, 0xE74F, 0xE76F, 0xE76F, 0xEF90, 0xEFB0, 0xEFB0, 0xEFB0, 0xF7B1, 0xF7B1, 0xF7D2,
  0xFFD2, 0xFFD2, 0xFFD3, 0xFFD3, 0xFFD3, 0xFFD3, 0xFFD3, 0xF7B3, 0xF7B3, 0xF7B3, 0xF7B3, 0xF7B3,
  0xF7B3, 0xF7D3, 0xF7D3, 0xEFB2, 0xE770, 0xE72F, 0xD70F, 0xC6EE, 0xBEAD, 0xAE4C, 0x9E0B, 0x8DEC,
  0x7DAC, 0x7D8B, 0x754B, 0x650B, 0x650B, 0x650B, 0x650B, 0x652C, 0x6D4D, 0x75AE, 0x8E10, 0xB6D5,
  0xE7BA, 0xF7FB, 0xF7DA, 0xE798, 0xDF75, 0xDF53, 0xC6F0, 0xAE4E, 0x95AB, 0x856A, 0x7D29, 0x6CC7,
  0x5C87, 0x64A7, 0x64A7, 0x6CC7, 0x7528, 0x95CA, 0xA62C, 0xB5ED, 0xBDF0, 0xCE34, 0xCE14, 0xCE14,
  0xCDD3, 0xD615, 0xE696, 0xE6B7, 0xE696, 0xDE76, 0xDE56, 0xD655, 0xDE56, 0xDE77, 0xEED9, 0xF73A,
  0xF75B, 0xEF1A, 0xEED9, 0xEED9, 0xEEF9, 0xF73A, 0xFF7B, 0xEF1A, 0xDE77, 0xE6D9, 0xEF1A, 0xEEFA,
  0xEEFA, 0xF71B, 0xF73B, 0xF73B, 0xF75B, 0xF75B, 0xEF1A, 0xDE98, 0xF75B, 0xFF9C, 0xEF3B, 0xE6DA,
  0xE6DA, 0xE6FA, 0xF75B, 0xF77B, 0xF77B, 0xEF5B, 0xDF18, 0xBE95, 0x95B0, 0x8DAE, 0x8DCE, 0x95EE,
  0x9E0F, 0x9E0F, 0x960F, 0x960E, 0x95EE, 0x8DCD, 0x8DED, 0x8DED, 0x95EE, 0x960E, 0x960E, 0x9DCE,
  0x952D, 0x940B, 0xA3CB, 0x9B6A, 0x9B6A, 0xA38B, 0x9B8B, 0x9BAC, 0xB4D0, 0xAC90, 0xA44F, 0xA470,
  0xA470, 0x9C50, 0xA490, 0x9C50, 0xA491, 0xB512, 0xACF2, 0xA4B1, 0xA491, 0xA491, 0xA4B1, 0x942F,
  0xACF2, 0xB533, 0x9C70, 0x83CE, 0x83AE, 0x8BCE, 0x836C, 0x83AD, 0x8BAD, 0x836C, 0x8BAD, 0x8B8D,
  0x93CE, 0x834B, 0x834B, 0x7B2B, 0x834C, 0x5A07, 0x20A2, 0x18A2, 0x18A3, 0x20E4, 0x20E4, 0x2124,
  0x2944, 0x49C5, 0x6226, 0x6226, 0x6246, 0x6246, 0x6245, 0x6B07, 0x7C0A, 0x9D4E, 0xAE11, 0xAE51,
  0xB691, 0xB691, 0xB690, 0xB6B0, 0xBED1, 0xBED1, 0xA5EF, 0x9D8E, 0x9DAE, 0x9DCF, 0xA5D0, 0x9DB0,
  0x95AF, 0x8D8F, 0x854E, 0x7D2E, 0x74ED, 0x74CD, 0x74AD, 0x748D, 0x6C4C, 0x63CA, 0x744D, 0xEF9C,
  0xC6D4, 0xE798, 0xFFFB, 0xF7DA, 0xCF15, 0x8DCF, 0x754C, 0x64EA, 0x5CC9, 0x5CC9, 0x5CC9, 0x650A,
  0x6D4A, 0x85AB, 0x960C, 0x9E2C, 0xAE6D, 0xBECD, 0xBECD, 0xC6CD, 0xC6EE, 0xC70E, 0xCF0D, 0xCF0D,
  0xCF2E, 0xD72E, 0xDF4F, 0xE74F, 0xE770, 0xEF90, 0xEF90, 0xEFB0, 0xEFB1, 0xEFB1, 0xF7B1, 0xF7B2,
  0xF7B2, 0xFFD2, 0xFFD3, 0xFFD3, 0xFFD3, 0xFFD3, 0xFFD3, 0xFFD3, 0xF7D3, 0xFFD3, 0xFFD3, 0xF7B3,
  0xF7F4, 0xDF51, 0xD6F0, 0xEFB1, 0xE770, 0xDF2F, 0xD70F, 0xC6EE, 0xB6AD, 0xAE4C, 0x9E0C, 0x8DEC,
  0x7DAC, 0x756B, 0x6D2A, 0x64EA, 0x64EB, 0x650B, 0x5D0B, 0x650C, 0x6D6D, 0x75AE, 0x9631, 0xBEF5,
  0xE7BA, 0xFFFC, 0xEFDA, 0xDF77, 0xD755, 0xCF33, 0xBEB0, 0xA60D, 0x95AB, 0x856A, 0x7D29, 0x6CC8,
  0x5C87, 0x5C87, 0x6487, 0x64C7, 0x8589, 0xAE6C, 0xC6EE, 0xC6AE, 0xC62F, 0xCE33, 0xCE14, 0xCDF4,
  0xCDD3, 0xCDF4, 0xDE56, 0xE697, 0xE697, 0xDE96, 0xDE56, 0xD655, 0xDE36, 0xDE77, 0xEED8, 0xF73A,
  0xF75B, 0xEF1A, 0xE6D9, 0xE6D9, 0xEEF9, 0xF73A, 0xFF7B, 0xEEF9, 0xDE97, 0xEED9, 0xEEFA, 0xEED9,
  0xEEFA, 0xEF1A, 0xEF1A, 0xF73B, 0xF75B, 0xF75B, 0xE6D9, 0xE6B9, 0xFF9C, 0xFF7C, 0xEF3B, 0xE6DA,
  0xE6FA, 0xEF1A, 0xEF5B, 0xF77C, 0xF75B, 0xF75B, 0xF75B, 0xEF5A, 0xCE96, 0x95B0, 0x8DCF, 0x85CE,
  0x85CE, 0x8DCE, 0x8DCE, 0x8DEE, 0x8DEE, 0x8DCD, 0x8DED, 0x960E, 0x95EE, 0x8DEE, 0x960E, 0x9E0F,
  0xA5AF, 0x8BE9, 0x9B69, 0xA38A, 0x9309, 0x8AC8, 0x8B08, 0x8B09, 0xA3EC, 0xAC2E, 0x9BCC, 0xA3ED,
  0xA42E, 0x9C2E, 0xA44F, 0xA450, 0xB4F2, 0xA4B1, 0xACB1, 0x940E, 0x942F, 0x942F, 0x9C50, 0xACD2,
  0xBD74, 0xA491, 0x8BCE, 0x942F, 0x83AD, 0x838D, 0x8BEE, 0x838D, 0x838D, 0x8BAD, 0x9C2F, 0x93EE,
  0x93AD, 0x7B0B, 0x7AEA, 0x832B, 0x72A9, 0x3965, 0x20C2, 0x18A2, 0x18E3, 0x2104, 0x20E4, 0x2944,
  0x3164, 0x3163, 0x51E5, 0x6247, 0x5A46, 0x5AC6, 0x8C6C, 0xADD0, 0xAE52, 0xAE71, 0xAE71, 0xAE50,
  0xAE50, 0xAE70, 0xAE90, 0xB6B0, 0xBED0, 0xBEB0, 0xBEB0, 0xB6B0, 0xB690, 0xAE70, 0xA630, 0x8DAE,
  0x858E, 0x7D4D, 0x752D, 0x750D, 0x6CEC, 0x6CEC, 0x64EC, 0x6CED, 0x6CEC, 0x64CC, 0x8530, 0xEFBD,
  0xBED4, 0xE798, 0xFFFB, 0xF7DA, 0xCF15, 0x95EF, 0x756C, 0x650A, 0x5CEA, 0x5CE9, 0x5CEA, 0x650A,
  0x6D4A, 0x7DAB, 0x960C, 0x9E0C, 0xAE6D, 0xB6AD, 0xBECE, 0xC6EE, 0xC6EE, 0xC70E, 0xCF0E, 0xCF0E,
  0xD74E, 0xD72F, 0xD74F, 0xDF4F, 0xE770, 0xE76F, 0xEF90, 0xEF90, 0xEFB1, 0xEFB1, 0xF7B1, 0xF7B1,
  0xF7B2, 0xFFD2, 0xFFD2, 0xFFD2, 0xFFD2, 0xFFD2, 0xFFD3, 0xFFD3, 0xFFD3, 0xFFD3, 0xFFB3, 0xFFF4,
  0xD752, 0x7466, 0x7425, 0xDF50, 0xE770, 0xD72F, 0xCF0F, 0xC6EE, 0xB6CE, 0xAE6C, 0x9E2C, 0x8DEC,
  0x7DAC, 0x6D6B, 0x652A, 0x650A, 0x5D0B, 0x5D0B, 0x5D0B, 0x652C, 0x6D6D, 0x75AE, 0x9651, 0xC736,
  0xEFDB, 0xFFFC, 0xEFDB, 0xDF57, 0xCF34, 0xC6F2, 0xB68F, 0x9E0D, 0x9DEC, 0x95AB, 0x8549, 0x74E8,
  0x64A7, 0x6487, 0x6487, 0x6CC7, 0x7D49, 0xAE4C, 0xCF0F, 0xC6CE, 0xB60E, 0xC611, 0xCE14, 0xCDF4,
  0xCDF4, 0xC5D3, 0xCE14, 0xDE76, 0xE6B7, 0xE697, 0xDE76, 0xDE56, 0xDE56, 0xDE56, 0xE6B8, 0xF73A,
  0xF73A, 0xEF1A, 0xE6D9, 0xEED9, 0xEF1A, 0xF73A, 0xF75B, 0xE6D9, 0xE698, 0xEEF9, 0xEEFA, 0xE6D9,
  0xEEFA, 0xF73B, 0xF73B, 0xF73B, 0xF77B, 0xEF3A, 0xD677, 0xF75B, 0xFF9D, 0xF75B, 0xEEFA, 0xE6DA,
  0xE6FA, 0xEF1A, 0xF75C, 0xFF7C, 0xFF7C, 0xFF7C, 0xEF3B, 0xDE99, 0xD6B8, 0xA612, 0x858E, 0x85CE,
  0x85AD, 0x85AD, 0x85AE, 0x8DAE, 0x8DCE, 0x85CD, 0x960F, 0x960F, 0x8DEE, 0x8E0E, 0x962F, 0x9E0F,
  0xA5AE, 0x8BE9, 0x9B69, 0xA36A, 0x9308, 0x8AA7, 0x8AE8, 0x8AE8, 0x9329, 0x8B09, 0x8B09, 0x9329,
  0x8B2A, 0x938B, 0x9BCC, 0xA40E, 0xAC6F, 0x9C2E, 0xA46F, 0xA490, 0x9C4F, 0x8BEE, 0x8BCE, 0x9C70,
  0xA491, 0x9C70, 0xA491, 0xA491, 0x9C50, 0x838C, 0x8BCE, 0x940F, 0x940F, 0x93CE, 0x93EE, 0x93EE,
  0x93AD, 0x832B, 0x8B6C, 0x834B, 0x49A5, 0x18A2, 0x18E3, 0x18C3, 0x20E3, 0x2103, 0x2103, 0x2123,
  0x31C5, 0x52A7, 0x52A6, 0x4AA6, 0x6368, 0x8D0E, 0xA631, 0xA671, 0xA650, 0x9E50, 0xA650, 0xAE50,
  0xAE50, 0xB690, 0xB6B0, 0xBED0, 0xBED0, 0xBEB0, 0xB6B0, 0xB690, 0xAE90, 0xA650, 0x95EF, 0x85AE,
  0x7D4D, 0x750C, 0x750C, 0x6D0D, 0x6CEC, 0x64CC, 0x5CCC, 0x5CCC, 0x5CCC, 0x5C8B, 0x7D0F, 0xE7BC,
  0xBEB3, 0xE798, 0xF7DB, 0xF7FA, 0xD756, 0x9E30, 0x7D8D, 0x652A, 0x650A, 0x650A, 0x652A, 0x6D2A,
  0x6D4A, 0x7D8B, 0x960C, 0x9E2C, 0xAE4C, 0xB68D, 0xBECE, 0xC6EE, 0xC6EE, 0xC70E, 0xC70E, 0xCF2E,
  0xD74F, 0xD72F, 0xD74F, 0xDF50, 0xDF70, 0xE76F, 0xE770, 0xEF70, 0xEF90, 0xF7B1, 0xF7B1, 0xF7B1,
  0xF7B2, 0xF7B2, 0xF7B2, 0xF7D2, 0xFFD2, 0xFFD2, 0xFFD2, 0xFFD3, 0xFFD3, 0xFFD3, 0xFFF4, 0xDF72,
  0x7489, 0x4322, 0x9549, 0xDF91, 0xDF50, 0xD72F, 0xC70F, 0xBEEE, 0xB6AE, 0xA66C, 0x960C, 0x85EC,
  0x75AC, 0x6D6B, 0x6D2A, 0x5D0A, 0x5CEB, 0x5CEB, 0x5D0C, 0x5D2C, 0x6D6D, 0x7DCF, 0xA672, 0xC757,
  0xEFBB, 0xFFFC, 0xEFDA, 0xD757, 0xC714, 0xB6D1, 0xA64F, 0x9DED, 0x9DEC, 0x95EB, 0x856A, 0x74E8,
  0x64A7, 0x6487, 0x6487, 0x6CA7, 0x7D08, 0x95AA, 0xAE4C, 0xAE0C, 0x956B, 0xAD8F, 0xCE14, 0xCDF4,
  0xCDF4, 0xC5D3, 0xC5D3, 0xD635, 0xDE96, 0xE697, 0xE696, 0xDE76, 0xDE56, 0xD636, 0xE697, 0xF73A,
  0xF73A, 0xEF1A, 0xE6D9, 0xEEF9, 0xEF1A, 0xF73A, 0xF73A, 0xE6B8, 0xE6D9, 0xEEFA, 0xEF1A, 0xE6B9,
  0xEEFA, 0xEF1B, 0xF73B, 0xF75B, 0xF77C, 0xDE98, 0xDE98, 0xFF9C, 0xFF9D, 0xF75B, 0xEEFA, 0xE6DA,
  0xE6DA, 0xEF1B, 0xFF7C, 0xFF7C, 0xFF7C, 0xEF1B, 0xDEB9, 0xDE78, 0xDE98, 0xC675, 0x9DD0, 0x95AF,
  0x8DAF, 0x858E, 0x856E, 0x7D8E, 0x85AD, 0x85AD, 0x85AD, 0x8DCE, 0x8DEF, 0x960F, 0x960E, 0x960F,
  0x9DAE, 0x8BEA, 0x9328, 0xA369, 0xA369, 0x9308, 0x8AA7, 0x8AC7, 0x8287, 0x8AC7, 0x92E8, 0x9308,
  0x8AE7, 0x8AE7, 0x8AC7, 0x82A7, 0x8308, 0x938B, 0x93AC, 0x8BAC, 0x93EE, 0x940E, 0x9C2F, 0x9C50,
  0x8BEE, 0x8BEE, 0x942F, 0x944F, 0x942F, 0x83AD, 0x940F, 0x9C0F, 0xA470, 0x93EE, 0x836C, 0x7B2B,
  0x832B, 0x832B, 0x832A, 0x72A9, 0x3944, 0x18A2, 0x18E3, 0x18E3, 0x18E3, 0x2103, 0x2103, 0x2144,
  0x29C5, 0x5BAA, 0x7CED, 0x854E, 0x95CF, 0x9E30, 0x9610, 0x9E30, 0x9E30, 0x9E30, 0xA650, 0xAE70,
  0xAE70, 0xB690, 0xBED0, 0xBED0, 0xBED0, 0xBED1, 0xBEF1, 0xB6B1, 0xAE90, 0xA650, 0x95EF, 0x7D8D,
  0x752D, 0x6D0C, 0x6CEC, 0x64EC, 0x64EC, 0x5CCC, 0x5CAB, 0x5C8B, 0x5CAC, 0x5C8B, 0x750F, 0xE7BC,
  0xB672, 0xDF78, 0xF7DA, 0xF7DA, 0xDF77, 0xAE72, 0x85CE, 0x756B, 0x6D4B, 0x6D2A, 0x6D4B, 0x6D4B,
  0x756B, 0x85CC, 0x960C, 0x9E4D, 0xAE6C, 0xB68D, 0xB6AE, 0xBEEE, 0xC70E, 0xC70E, 0xC70E, 0xC70F,
  0xCF0F, 0xCF0F, 0xD74F, 0xDF70, 0x8D28, 0x7CA6, 0xC6EF, 0xEFB1, 0xEF70, 0xEF90, 0xEFB1, 0xF7B1,
  0xF7B1, 0xF7D2, 0xF7D2, 0xF7D2, 0xF7D2, 0xFFD2, 0xF7D2, 0xF7D2, 0xF7F3, 0xFFF4, 0xCEF0, 0x74A8,
  0x4364, 0x84E9, 0xD751, 0xDF71, 0xD730, 0xCF0F, 0xC6EE, 0xBECE, 0xB68E, 0xA64C, 0x95EC, 0x85CC,
  0x75AC, 0x6D6B, 0x652B, 0x5CEA, 0x5CCA, 0x5CCB, 0x5CEC, 0x5D0C, 0x6D6D, 0x85CF, 0xA693, 0xCF78,
  0xF7DC, 0xFFFC, 0xEFBA, 0xCF36, 0xBEF3, 0xAEB1, 0x9E2E, 0x95ED, 0x95CC, 0x8DAA, 0x8569, 0x74E8,
  0x6CC7, 0x6CC8, 0x6CC8, 0x6CC7, 0x6CE7, 0x74E7, 0x7D08, 0x8549, 0x7CE9, 0x8D0B, 0xC5F3, 0xCDF3,
  0xCDF3, 0xC5D3, 0xC5B3, 0xCDF4, 0xDE55, 0xE696, 0xE697, 0xE697, 0xDE77, 0xDE57, 0xDE56, 0xEEF9,
  0xF73A, 0xF71A, 0xE6D9, 0xEED9, 0xEF1A, 0xF73A, 0xEEF9, 0xE698, 0xEEF9, 0xEEFA, 0xEEFA, 0xE6B8,
  0xEED9, 0xF73B, 0xFF5B, 0xFF7C, 0xF73B, 0xD657, 0xF75B, 0xFF9C, 0xFF9C, 0xF75B, 0xEEFA, 0xE6DA,
  0xEF1B, 0xFF7C, 0xFF7C, 0xFF7C, 0xF73B, 0xDE98, 0xD657, 0xD678, 0xDEB8, 0xE71A, 0xE739, 0xDF18,
  0xDF18, 0xCED7, 0xBE75, 0x9DF2, 0x856E, 0x858D, 0x85AD, 0x85CE, 0x8DCE, 0x8DCE, 0x8DEE, 0x95EE,
  0x9D8E, 0x8BEA, 0x9B69, 0xA348, 0xA369, 0xA349, 0x8AA7, 0x8AA6, 0x8286, 0x92E7, 0x9B08, 0x9B07,
  0x9B07, 0x92E7, 0x8A86, 0x8266, 0x7A66, 0x8287, 0x8AE8, 0x8B09, 0x938B, 0x9BAC, 0x9BCD, 0x8B8D,
  0x8B8D, 0x7B2B, 0x834B, 0x834C, 0x93CE, 0x940E, 0x9C0F, 0x93CE, 0x93CD, 0x9BCD, 0x93AC, 0x8B4B,
  0x8309, 0x830A, 0x8B4B, 0x6227, 0x20C2, 0x18C2, 0x18E3, 0x18E3, 0x1903, 0x2103, 0x2124, 0x2985,
  0x3225, 0x642B, 0x8DCF, 0x9610, 0x9610, 0x9610, 0x9630, 0x9E50, 0xA650, 0xA650, 0xAE90, 0xB690,
  0xAE90, 0xB6B0, 0xBED0, 0xC6F1, 0xC711, 0xC712, 0xC6F2, 0xB691, 0xAE91, 0x9E30, 0x8DEF, 0x7D6E,
  0x754D, 0x6D0D, 0x6CED, 0x64CC, 0x5CCC, 0x5CCC, 0x5CAC, 0x5C8B, 0x5C8B, 0x546B, 0x750F, 0xE7BC,
  0xAE52, 0xDF57, 0xF7DA, 0xF7FB, 0xDF98, 0xB692, 0x960F, 0x85CD, 0x756B, 0x6D4B, 0x756B, 0x756B,
  0x756B, 0x85AC, 0x8DEC, 0xAE8E, 0xBECE, 0xB6AE, 0xB6AE, 0xBECE, 0xBF0E, 0xC70E, 0xC70E, 0xC70E,
  0xCF0F, 0xCF2F, 0xD74F, 0xD770, 0x7C87, 0x32A0, 0x6405, 0xB64D, 0xE791, 0xEFD2, 0xEFB1, 0xEFB1,
  0xF7B2, 0xF7B2, 0xF7B1, 0xF7D1, 0xF7D2, 0xF7F2, 0xF7F2, 0xF7F3, 0xE772, 0xA5CC, 0x5C06, 0x4383,
  0x7D29, 0xD751, 0xDF91, 0xD750, 0xD730, 0xCEEF, 0xBECE, 0xB6AE, 0xAE8E, 0xA64D, 0x95EC, 0x85CC,
  0x7DAC, 0x6D8C, 0x652B, 0x5CEA, 0x5CCA, 0x54AB, 0x54CB, 0x652C, 0x6D6E, 0x85F0, 0xAEB4, 0xDF99,
  0xF7DC, 0xF7FC, 0xDF99, 0xC715, 0xB6D3, 0xA690, 0x9E2E, 0x8DCC, 0x8D8B, 0x8569, 0x8569, 0x7D29,
  0x7D29, 0x7529, 0x7509, 0x6CE8, 0x6CC7, 0x64C7, 0x64C7, 0x6CC8, 0x6CC8, 0x6C68, 0xA56F, 0xCDF3,
  0xC5D3, 0xC5D3, 0xC5B3, 0xC5D3, 0xD614, 0xDE76, 0xE6B7, 0xDE97, 0xDE56, 0xDE77, 0xDE56, 0xEED8,
  0xF73A, 0xF73A, 0xEED9, 0xE6D9, 0xEEF9, 0xF71A, 0xEED9, 0xE698, 0xEED9, 0xEF1A, 0xEEFA, 0xE6B9,
  0xEED9, 0xF73B, 0xFF7C, 0xFF7C, 0xE6D9, 0xE6D9, 0xFF9C, 0xFF9C, 0xFF9C, 0xEF3B, 0xE6FA, 0xEEFA,
  0xF75C, 0xFF7C, 0xFF7C, 0xF75B, 0xE6B9, 0xDE78, 0xDE78, 0xE6D9, 0xF75B, 0xF75C, 0xF75B, 0xF73B,
  0xEF3A, 0xF73B, 0xEF5A, 0xDF19, 0xBE54, 0x95AF, 0x858E, 0x85CE, 0x85CD, 0x85CE, 0x85CE, 0x95EE,
  0x954D, 0x93C9, 0xAB8A, 0xA369, 0x9B08, 0xA348, 0xA328, 0x8AA6, 0x8285, 0x92E7, 0x9B07, 0x9B07,
  0x9AE7, 0x92C6, 0x8AA6, 0x8286, 0x8266, 0x8245, 0x8266, 0x8AC7, 0x8AE8, 0x934A, 0x9B8B, 0x8B2A,
  0x8B2A, 0x832A, 0x8B2A, 0x8B4B, 0x830A, 0x832A, 0x830A, 0x8B6B, 0x93AC, 0x936B, 0x9B8B, 0x9B6B,
  0x8B2A, 0x8B09, 0x7B09, 0x4184, 0x18C2, 0x18E3, 0x18E3, 0x2103, 0x2144, 0x2164, 0x31C5, 0x3226,
  0x3AC7, 0x6C8B, 0x8DCF, 0x95EF, 0x960F, 0x960F, 0x9630, 0x9E50, 0xA670, 0xAE70, 0xAE90, 0xB6B0,
  0xB690, 0xBEB0, 0xC6F1, 0xCF32, 0xD752, 0xCF32, 0xBED1, 0xB691, 0xA650, 0x960F, 0x8DCF, 0x7D8E,
  0x752D, 0x6D0D, 0x6D0D, 0x64CC, 0x5CCC, 0x64AC, 0x64AC, 0x5C8C, 0x5C8C, 0x544B, 0x74EF, 0xE7BD,
  0xA610, 0xD736, 0xF7FA, 0xFFFB, 0xEFDA, 0xCF15, 0xA650, 0x960E, 0x85CC, 0x85CC, 0x7DAC, 0x7D8B,
  0x7D6B, 0x7D8B, 0x8DCC, 0xA66E, 0xC6F0, 0xBEEF, 0xB6CE, 0xBECE, 0xBEEE, 0xC6EE, 0xC70E, 0xC70E,
  0xCF2F, 0xCF2F, 0xD72F, 0xD750, 0xCEF0, 0x74A7, 0x3B01, 0x4B63, 0x7CE8, 0xB64E, 0xD730, 0xE7B2,
  0xEFD2, 0xEFD2, 0xEFD2, 0xF7D2, 0xEFF3, 0xDFB2, 0xC6EF, 0xA5CC, 0x7467, 0x4B84, 0x5BE5, 0x95CB,
  0xDF72, 0xE791, 0xD750, 0xD730, 0xCF0F, 0xC6CF, 0xBEEF, 0xB6CF, 0xAE8E, 0xA64D, 0x960D, 0x85CD,
  0x7DAC, 0x75AC, 0x652B, 0x5CEB, 0x54CB, 0x5CCB, 0x5CEB, 0x652C, 0x756E, 0x9631, 0xBF16, 0xE7BA,
  0xFFFC, 0xEFDB, 0xD757, 0xBEF4, 0xAEB1, 0x9E4F, 0x960E, 0x95CC, 0x8DAB, 0x8569, 0x8549, 0x8569,
  0x856A, 0x856A, 0x7D4A, 0x74E8, 0x64A7, 0x64A7, 0x64A8, 0x64C8, 0x64A8, 0x6447, 0x7C8A, 0xBDD2,
  0xC5D3, 0xC5D3, 0xC5F3, 0xC5B3, 0xCDD3, 0xDE55, 0xE697, 0xDE76, 0xDE76, 0xDE76, 0xDE76, 0xE6B7,
  0xF73A, 0xF73A, 0xEEF9, 0xE6D9, 0xEEF9, 0xEF1A, 0xE6B8, 0xE698, 0xE6B9, 0xEEFA, 0xEEFA, 0xE6B9,
  0xEEF9, 0xF73B, 0xFF7C, 0xF73B, 0xE6D9, 0xFF7C, 0xFF9C, 0xFF9C, 0xFF7C, 0xEF1A, 0xE6FA, 0xF73B,
  0xFF7C, 0xF73B, 0xEF3B, 0xE6D9, 0xDE78, 0xDE98, 0xEF1A, 0xF75B, 0xF75B, 0xF75C, 0xF73B, 0xEEF9,
  0xE6B8, 0xE6B9, 0xE6B8, 0xDEB8, 0xDED8, 0xC695, 0x958F, 0x85AE, 0x85AE, 0x85AE, 0x858E, 0x9DCF,
  0xA54E, 0x93A9, 0xA369, 0xA369, 0xA328, 0x92C6, 0xA328, 0xAB48, 0x9AE7, 0x9AE6, 0x9AE7, 0xA328,
  0xAB48, 0xA307, 0x92A6, 0x8A85, 0x8265, 0x8265, 0x8266, 0x8A86, 0x8AC6, 0x8AC7, 0x8AA7, 0x8AC7,
  0x82C7, 0x8AE8, 0x8AE8, 0x8AE8, 0x8AE8, 0x8AE8, 0x8AE8, 0x9329, 0x9329, 0x9309, 0x9B4A, 0x9B4A,
  0x9B4A, 0x932A, 0x6267, 0x28E2, 0x20E3, 0x2103, 0x2124, 0x2124, 0x2164, 0x31E5, 0x42A8, 0x4B28,
  0x5C09, 0x750B, 0x8DCE, 0x8DEF, 0x8DEF, 0x8DEF, 0x8E0F, 0x9630, 0xA670, 0xAE90, 0xB6B0, 0xBED0,
  0xBED0, 0xC6F1, 0xD752, 0xDF52, 0xDF52, 0xCF32, 0xBED1, 0xAE70, 0x9E0F, 0x8DEF, 0x85CF, 0x756E,
  0x752D, 0x6D2D, 0x6D0D, 0x64EC, 0x64CC, 0x648C, 0x6CAD, 0x750F, 0x7D2F, 0x7D0E, 0x9551, 0xF7BD,
  0x9E10, 0xC6F5, 0xF7DA, 0xFFFC, 0xF7DA, 0xDF77, 0xBEB2, 0xA66F, 0x962D, 0x8E0D, 0x8DED, 0x85CC,
  0x7D8B, 0x7D8B, 0x85AC, 0x9E2D, 0xBED0, 0xB6CF, 0xB6AE, 0xB6AE, 0xBECE, 0xBECE, 0xC6EF, 0xC70E,
  0xCF0F, 0xCF2F, 0xCF2F, 0xCF30, 0xD751, 0xCF31, 0x95AB, 0x5C05, 0x4342, 0x4B43, 0x6405, 0x7CC8,
  0x956A, 0x9DAB, 0xA5CC, 0x9D8B, 0x8D09, 0x7487, 0x5BC4, 0x4B63, 0x5BE4, 0x7D09, 0xBEAF, 0xE7B2,
  0xE791, 0xDF50, 0xD730, 0xCF10, 0xCF10, 0xC6EF, 0xC6CF, 0xBED0, 0xB68F, 0xA64E, 0x962D, 0x85CD,
  0x75AC, 0x6D8C, 0x652B, 0x5CEB, 0x5CEC, 0x5CEB, 0x5D0C, 0x6D6D, 0x7DCF, 0xA673, 0xD799, 0xF7FC,
  0xF7FC, 0xEFDA, 0xD736, 0xBEF4, 0xA691, 0x9E2F, 0x960E, 0x95ED, 0x95CB, 0x95AA, 0x95AA, 0x95CB,
  0x8DEB, 0x858A, 0x7529, 0x6CE8, 0x64A8, 0x64A7, 0x6CC8, 0x6CC8, 0x6CA8, 0x6488, 0x6428, 0x9D2E,
  0xC5F3, 0xC5D3, 0xC5D3, 0xC5B3, 0xC5B3, 0xCDF4, 0xDE76, 0xDE76, 0xDE76, 0xDE76, 0xDE97, 0xDE97,
  0xEF19, 0xF739, 0xEEF9, 0xE6B8, 0xEED9, 0xEEF9, 0xE698, 0xE698, 0xEED9, 0xEF1A, 0xEEFA, 0xE6B8,
  0xEED9, 0xF73B, 0xFF7C, 0xEEFA, 0xEF1A, 0xFF7B, 0xFF9C, 0xFF7C, 0xF73B, 0xE6DA, 0xEEFA, 0xFF5C,
  0xF75C, 0xEF1A, 0xE6B9, 0xDE58, 0xDE98, 0xF73B, 0xF75B, 0xF73B, 0xF75B, 0xF75B, 0xEEFA, 0xDE98,
  0xDE57, 0xDE57, 0xD636, 0xCE15, 0xCE15, 0xD697, 0xB633, 0x8D6E, 0x8DAE, 0x8DAE, 0xA5F1, 0xC694,
  0xACEE, 0x9368, 0xA349, 0xA348, 0xA369, 0xA328, 0xA327, 0xB388, 0xBBC9, 0xBBA9, 0xAB47, 0xB368,
  0xBBA9, 0xB3A9, 0xAB48, 0x9B07, 0x92C6, 0x8A86, 0x8265, 0x8266, 0x8AA6, 0x92C7, 0x92C7, 0x92E7,
  0x9B08, 0x9B08, 0x9AE8, 0x92E8, 0x92C7, 0x9AE8, 0x9B28, 0xA329, 0xA329, 0xA349, 0xA349, 0x9B49,
  0x9B29, 0x8B09, 0x5205, 0x2102, 0x2103, 0x2964, 0x31A5, 0x31A5, 0x29A5, 0x3225, 0x4B07, 0x6C2A,
  0x854D, 0x85AD, 0x8DCE, 0x8DEE, 0x8DCE, 0x8DCF, 0x8DEF, 0x9630, 0xA670, 0xB691, 0xBED0, 0xC6F1,
  0xC711, 0xCF12, 0xD732, 0xD733, 0xD733, 0xCEF3, 0xB6B1, 0xA650, 0x95EF, 0x8DCF, 0x7D8E, 0x756E,
  0x754E, 0x754E, 0x6D0D, 0x6CCD, 0x852F, 0xADF3, 0xC696, 0xCEF8, 0xD719, 0xD6F8, 0xDF19, 0xFFDE,
  0x9E10, 0xBE93, 0xEFB9, 0xFFFC, 0xF7FB, 0xE798, 0xCF34, 0xB6D1, 0xA68F, 0x9E4E, 0x962E, 0x8DED,
  0x85AC, 0x7D8B, 0x7D8B, 0x95ED, 0x9E2E, 0x9E2D, 0x9E2D, 0xA64D, 0xAE8E, 0xBECE, 0xBECE, 0xC6EE,
  0xC70F, 0xCF2F, 0xCF30, 0xCF30, 0xCF30, 0xD751, 0xDF92, 0xC6F0, 0x9DAB, 0x7466, 0x5384, 0x4B22,
  0x4B63, 0x4BA4, 0x4BA4, 0x4BA4, 0x4BA3, 0x5BC4, 0x6C67, 0x956A, 0xBEAF, 0xE7B2, 0xE7B2, 0xE771,
  0xDF51, 0xDF31, 0xD731, 0xCF10, 0xC710, 0xC6F0, 0xBEAF, 0xB68F, 0xAE6E, 0x9E4E, 0x960D, 0x85AC,
  0x756C, 0x6D6C, 0x652C, 0x5D0C, 0x5D0C, 0x5D0C, 0x654D, 0x6D8E, 0x8E10, 0xB6D5, 0xE7DA, 0xF7FC,
  0xF7FC, 0xE799, 0xCF16, 0xBED3, 0xA671, 0x960E, 0x95ED, 0x960D, 0x95CC, 0x9DEB, 0xAE4D, 0xAE6E,
  0x960C, 0x7D49, 0x6CE8, 0x64A7, 0x64A7, 0x6CA7, 0x6CE8, 0x6CE8, 0x6CC8, 0x64A8, 0x5C27, 0x6C4A,
  0xB5D2, 0xC5F3, 0xC5D3, 0xC5D3, 0xC5B3, 0xC5B3, 0xD635, 0xDE76, 0xDE76, 0xDE76, 0xDE77, 0xDE97,
  0xEEF8, 0xF719, 0xEEF9, 0xE6B9, 0xEED9, 0xEED9, 0xE698, 0xE698, 0xEEF9, 0xF71A, 0xEEFA, 0xDE98,
  0xE6D9, 0xF75B, 0xFF5B, 0xE6D9, 0xE6D9, 0xF75B, 0xFF9C, 0xF75B, 0xEF1A, 0xEEFA, 0xF71B, 0xFF5C,
  0xEF1A, 0xDE98, 0xDE78, 0xDE78, 0xF73B, 0xF77C, 0xEF1A, 0xEF1A, 0xFF7C, 0xF73B, 0xE6D9, 0xDE77,
  0xD636, 0xD636, 0xCDF5, 0xC5D5, 0xCDD5, 0xCE35, 0xC675, 0x9DD0, 0x8DAE, 0x8DAF, 0xD717, 0xF79A,
  0xBD30, 0x8B29, 0x9307, 0xA328, 0xAB48, 0xAB69, 0xAB48, 0xB389, 0xBBC9, 0xC3E9, 0xC40A, 0xCC0A,
  0xC3EA, 0xC3EA, 0xB3A9, 0xAB68, 0xAB48, 0xA307, 0x92C7, 0x92A6, 0x92A6, 0x92C6, 0x9AE7, 0x9AE7,
  0x9B08, 0xA328, 0x9B08, 0xA328, 0xA328, 0xA348, 0xA369, 0xAB69, 0xAB69, 0xAB69, 0xA369, 0xA349,
  0x9309, 0x82C8, 0x49C4, 0x2122, 0x2183, 0x31E5, 0x4286, 0x3A46, 0x3225, 0x42E7, 0x5BC9, 0x74CC,
  0x8DCE, 0x8DEE, 0x8DEE, 0x8DEE, 0x85CE, 0x85CE, 0x85EE, 0x962F, 0xAE71, 0xB6B1, 0xC6F0, 0xCF31,
  0xCF12, 0xD713, 0xDF35, 0xE756, 0xDF57, 0xDF37, 0xCF16, 0xAE33, 0x8DB0, 0x85AF, 0x7D8E, 0x7D6E,
  0x752E, 0x750E, 0x8D91, 0xB675, 0xDF3A, 0xEF7B, 0xEF5B, 0xE6FA, 0xD699, 0xDE99, 0xEF3B, 0xFFDE,
  0x9E0F, 0xBEB3, 0xE799, 0xFFFC, 0xFFFC, 0xEFD9, 0xD756, 0xC712, 0xBEF0, 0xAED0, 0xA66F, 0x960D,
  0x85CC, 0x7DAC, 0x7D8C, 0x85AC, 0x8DED, 0x8DEC, 0x960C, 0x9E2D, 0xA66E, 0xB6AF, 0xBECF, 0xBEEF,
  0xC6EF, 0xC710, 0xCF10, 0xC6F0, 0xCF30, 0xD730, 0xD751, 0xD771, 0xDF92, 0xD751, 0xC6CF, 0xB64E,
  0xAE0C, 0x9DEB, 0x9DEB, 0xA60C, 0xB66D, 0xC6CF, 0xDF51, 0xE7B2, 0xEFD2, 0xE791, 0xDF51, 0xDF31,
  0xD730, 0xCF10, 0xCEF1, 0xC6F0, 0xC711, 0xBEF0, 0xB6B0, 0xAE8F, 0xA64F, 0x962E, 0x8DED, 0x7DAD,
  0x758D, 0x756D, 0x652C, 0x5CEB, 0x5CEC, 0x5CEC, 0x654D, 0x7DAF, 0x9651, 0xC736, 0xE7DA, 0xEFDB,
  0xEFDA, 0xD757, 0xC735, 0xB6B3, 0xA650, 0x960D, 0x95EC, 0x95EC, 0x95EC, 0x9E0C, 0xAE6E, 0xAE6E,
  0x8DAB, 0x6CE8, 0x6487, 0x6487, 0x6487, 0x74E8, 0x8D69, 0x8DAA, 0x7D29, 0x64A8, 0x5C28, 0x5BE8,
  0x8CED, 0xBE13, 0xBDB2, 0xC5D3, 0xC5D3, 0xC5B3, 0xC5D3, 0xD655, 0xDE56, 0xDE76, 0xDE76, 0xDE97,
  0xE6B8, 0xF6F9, 0xEEF9, 0xEED9, 0xEED9, 0xEED9, 0xE698, 0xE698, 0xEEF9, 0xEEF9, 0xEEF9, 0xDE97,
  0xEEF9, 0xFF7B, 0xF71A, 0xE6B9, 0xE6B9, 0xF73B, 0xF75B, 0xF73B, 0xEF1A, 0xEF1A, 0xF73B, 0xF73A,
  0xE6B8, 0xD657, 0xDE98, 0xF75B, 0xF79C, 0xEF3B, 0xEF1A, 0xFF7C, 0xFF7C, 0xEF1A, 0xDE98, 0xDE57,
  0xD636, 0xCDF5, 0xC5D5, 0xCDD5, 0xC5D5, 0xCE36, 0xD697, 0xC6B6, 0x9DB0, 0xA5D1, 0xEF7A, 0xFF9B,
  0xFF3A, 0xDDF5, 0xAC2D, 0x9B28, 0xA328, 0xB389, 0xB369, 0xB388, 0xC3EA, 0xC3EA, 0xCC0A, 0xCC2A,
  0xCC0A, 0xCC0A, 0xBBA8, 0xBBA8, 0xB388, 0xAB68, 0xAB68, 0xA328, 0x9AE7, 0x9AE7, 0xA348, 0xAB48,
  0xAB68, 0xAB48, 0xAB48, 0xB389, 0xB389, 0xB3A9, 0xB3CA, 0xB3CA, 0xB3CA, 0xAB8A, 0xA389, 0xA369,
  0x8AE8, 0x72A8, 0x7BAC, 0x42A7, 0x2A24, 0x4B28, 0x4B48, 0x3285, 0x3AE6, 0x5C0A, 0x6CCB, 0x856D,
  0x960F, 0x960F, 0x8E0E, 0x8DCE, 0x85CE, 0x85CE, 0x8DEE, 0x9E30, 0xA651, 0xB671, 0xC6D2, 0xDF55,
  0xE777, 0xEF98, 0xEF9A, 0xF79C, 0xEF7B, 0xEF7B, 0xEF9B, 0xDF5A, 0xB675, 0x8DB1, 0x854F, 0x854F,
  0x9591, 0xBE96, 0xDF5A, 0xEF7B, 0xEF5B, 0xE6FA, 0xDED9, 0xDE99, 0xDE98, 0xE6DA, 0xEF5B, 0xFFDE,
  0xA650, 0xB692, 0xDF57, 0xF7DB, 0xFFFC, 0xF7FB, 0xDF97, 0xC733, 0xBF11, 0xB6D0, 0xA66F, 0x960E,
  0x85CD, 0x7DAC, 0x7D8C, 0x7D8B, 0x85CC, 0x8DED, 0x8DED, 0x960E, 0xA64E, 0xAE8F, 0xB6AE, 0xBECF,
  0xBECF, 0xC6F0, 0xCF10, 0xC6F0, 0xCF10, 0xCF30, 0xD750, 0xD751, 0xDF51, 0xDF71, 0xE792, 0xEFB2,
  0xEFB2, 0xEFD2, 0xEFB2, 0xEFB2, 0xEFB2, 0xE7B2, 0xE792, 0xE771, 0xE771, 0xDF71, 0xDF50, 0xD730,
  0xCF30, 0xCF10, 0xC6F0, 0xC6F1, 0xBEF1, 0xBED0, 0xB6CF, 0xAEAF, 0x9E4E, 0x960D, 0x8DEE, 0x7DAE,
  0x758D, 0x6D6D, 0x650C, 0x5D0C, 0x5D0C, 0x652C, 0x758E, 0x8E11, 0xAED4, 0xDF98, 0xEFDA, 0xEFDB,
  0xE7DA, 0xCF36, 0xBEF4, 0xAE91, 0x9E2F, 0x95ED, 0x8DAC, 0x8DAB, 0x8DAB, 0x960C, 0x9E0C, 0x8DAB,
  0x74E8, 0x6466, 0x5C46, 0x5C46, 0x6487, 0x8549, 0xA62C, 0xAE6C, 0x8D8A, 0x6488, 0x5427, 0x5408,
  0x5C09, 0xA590, 0xBDD2, 0xBDB2, 0xBDD3, 0xC5B3, 0xC5B3, 0xCDF4, 0xD635, 0xDE56, 0xDE76, 0xDE76,
  0xE697, 0xEEF9, 0xEEF9, 0xE6B9, 0xE6B8, 0xEED9, 0xE698, 0xE698, 0xEED9, 0xEEF9, 0xE6D9, 0xDE77,
  0xEEF9, 0xF75B, 0xE6B9, 0xDE78, 0xE6B9, 0xF73B, 0xF73B, 0xEF3A, 0xF73B, 0xF75B, 0xF73A, 0xE6B9,
  0xD677, 0xE6B9, 0xF75B, 0xFF9C, 0xEF3B, 0xE6D9, 0xEF3B, 0xFF9C, 0xF75B, 0xE6D9, 0xE698, 0xDE57,
  0xD636, 0xD616, 0xDE77, 0xDE98, 0xE6D9, 0xEEF9, 0xE6D9, 0xDED8, 0xB5F3, 0xBE34, 0xF79B, 0xF77A,
  0xFF7A, 0xFF9B, 0xFF7A, 0xDE14, 0xB42C, 0xA348, 0xAB68, 0xB368, 0xC3C9, 0xCC2B, 0xCC4A, 0xCC2A,
  0xD42B, 0xD42A, 0xC3E9, 0xBBC9, 0xBB88, 0xB388, 0xAB68, 0xAB47, 0xAB68, 0xAB48, 0xAB68, 0xAB68,
  0xAB88, 0xB3A9, 0xBBEA, 0xBC0A, 0xBC0A, 0xBBEA, 0xBBEA, 0xB3AA, 0xB3A9, 0xAB89, 0xA369, 0x9B29,
  0x82C8, 0x6246, 0x9CD0, 0xADF4, 0x644B, 0x646B, 0x5C09, 0x4BA8, 0x5C4A, 0x752C, 0x858C, 0x960E,
  0x9E4F, 0x9E70, 0x9E4F, 0x8DEF, 0x85CE, 0x85AE, 0x8DF0, 0xA652, 0xBEB4, 0xD717, 0xE779, 0xEF7A,
  0xEF7B, 0xEF5B, 0xEF3B, 0xEF3B, 0xE71B, 0xEF3B, 0xEF3B, 0xEF5B, 0xEF7B, 0xD6F9, 0xBE76, 0xC696,
  0xE73A, 0xEF5B, 0xE71A, 0xE6FA, 0xE6FB, 0xE6DA, 0xDEB9, 0xDEB8, 0xE6F9, 0xEF3A, 0xF75B, 0xFFDE,
  0xA650, 0xB692, 0xD736, 0xEFB9, 0xFFFC, 0xFFFC, 0xEFD9, 0xCF75, 0xC712, 0xB6D0, 0xA66F, 0x960D,
  0x85CC, 0x7DCC, 0x75AC, 0x758B, 0x7DAC, 0x7DAC, 0x85ED, 0x960E, 0x9E2E, 0xA66F, 0xAE8F, 0xB6D0,
  0xBED0, 0xBED0, 0xC6F0, 0xC6EF, 0xC6F0, 0xCF30, 0xCF30, 0xCF30, 0xD710, 0xDF51, 0xDF71, 0xDF71,
  0xE771, 0xE771, 0xE771, 0xE771, 0xDF71, 0xE771, 0xE771, 0xE751, 0xDF51, 0xDF51, 0xD730, 0xCF30,
  0xCF10, 0xCF10, 0xC6F0, 0xBEF0, 0xB6D0, 0xB6D0, 0xAEAF, 0xA68F, 0x9E2E, 0x8E0E, 0x85EE, 0x7DCE,
  0x756D, 0x652C, 0x5D0C, 0x652C, 0x652C, 0x6D6E, 0x85F0, 0x9E72, 0xC736, 0xE7B9, 0xEFDA, 0xF7DB,
  0xDF98, 0xBEF5, 0xAEB2, 0xA650, 0x95EE, 0x8DAC, 0x7D4B, 0x7D2A, 0x7D4A, 0x856A, 0x856A, 0x74E9,
  0x6467, 0x5C46, 0x5C46, 0x5C46, 0x5C66, 0x7508, 0x9E0B, 0xA64B, 0x8549, 0x5C47, 0x4C07, 0x4C07,
  0x4BC7, 0x7C8C, 0xBDF2, 0xBDB2, 0xBDB2, 0xBDD3, 0xBD93, 0xC5B3, 0xD614, 0xD655, 0xDE56, 0xDE56,
  0xDE97, 0xEED8, 0xEEF9, 0xEED9, 0xE6B9, 0xE6B8, 0xE698, 0xE698, 0xEED9, 0xEED9, 0xE6B9, 0xDE57,
  0xEEF9, 0xFF5B, 0xE698, 0xDE57, 0xEED9, 0xF75B, 0xF75B, 0xEF3A, 0xF73B, 0xF75B, 0xE6D9, 0xDE77,
  0xE6B9, 0xF75B, 0xFF7C, 0xF75B, 0xE6FA, 0xE6D9, 0xF77B, 0xFF7C, 0xEF3A, 0xE6B8, 0xE6B8, 0xE698,
  0xDE98, 0xEF1A, 0xFF7B, 0xFF7B, 0xF75B, 0xEF1A, 0xE6D8, 0xDE97, 0xC5D4, 0xDED7, 0xFF9B, 0xF77A,
  0xF77B, 0xF77A, 0xFF9B, 0xFFBC, 0xFF39, 0xCD50, 0x9B69, 0xAB69, 0xC3CA, 0xCC2B, 0xD46B, 0xD44B,
  0xD44B, 0xCC0A, 0xCC0A, 0xC3E9, 0xC3C9, 0xC3C9, 0xBBA9, 0xB3A9, 0xBBA9, 0xB389, 0xAB68, 0xAB48,
  0xA327, 0xAB48, 0xAB68, 0xB3A9, 0xB3A9, 0xB38A, 0xAB89, 0xA349, 0xA369, 0x9B49, 0x92E9, 0x82A8,
  0x830A, 0xA490, 0xD6B8, 0xD6F8, 0x9DD1, 0x7D6E, 0x750C, 0x6CEB, 0x858D, 0x8DEE, 0x962E, 0x9E4F,
  0xA66F, 0xA690, 0xA66F, 0x960F, 0x8DAE, 0x9DD1, 0xB675, 0xD738, 0xE77A, 0xF79C, 0xEF7C, 0xE73B,
  0xE73B, 0xEF1B, 0xEF1B, 0xEF1A, 0xEF3B, 0xEF3B, 0xE73B, 0xE6DA, 0xE6D9, 0xEF3B, 0xEF3B, 0xEF5B,
  0xEF3B, 0xDED9, 0xDED9, 0xEF1B, 0xE6FA, 0xDEB9, 0xDE98, 0xE6B9, 0xF73A, 0xF71A, 0xF75B, 0xFFDE,
  0xA650, 0xB692, 0xCF35, 0xE7B8, 0xFFFB, 0xF7FC, 0xF7FA, 0xDF77, 0xC713, 0xBEF1, 0xA66F, 0x95ED,
  0x8DED, 0x7DCC, 0x75AC, 0x758C, 0x758C, 0x7D8C, 0x7DAC, 0x85CD, 0x8DED, 0x9E2E, 0xA68F, 0xAEB0,
  0xB6D0, 0xB6CF, 0xBECF, 0xBECF, 0xC6F0, 0xCF10, 0xC710, 0xCF30, 0xD731, 0xDF51, 0xDF71, 0xDF72,
  0xE772, 0xE771, 0xDF71, 0xE771, 0xDF51, 0xDF71, 0xDF71, 0xDF51, 0xDF51, 0xD751, 0xCF30, 0xCF30,
  0xCF10, 0xC6F0, 0xBEF0, 0xB6D0, 0xAEB0, 0xA68F, 0xA64F, 0x9E2F, 0x960F, 0x8DEE, 0x85CE, 0x75AD,
  0x6D6D, 0x5D2C, 0x5D0C, 0x652C, 0x652C, 0x6D8E, 0x9651, 0xB6F5, 0xCF57, 0xE7B9, 0xEFDA, 0xEFDA,
  0xCF57, 0xB6F4, 0xAE91, 0x9E2F, 0x95CE, 0x858C, 0x752A, 0x752A, 0x7529, 0x6CE8, 0x6CE8, 0x64A8,
  0x5C47, 0x5C46, 0x5C46, 0x5C46, 0x5C66, 0x64A7, 0x7508, 0x7508, 0x6CC7, 0x5C27, 0x4BE7, 0x4BE7,
  0x4BC7, 0x5BC8, 0x9D4F, 0xBDF2, 0xBDB2, 0xBDB2, 0xBD92, 0xBD72, 0xC5B3, 0xD635, 0xDE56, 0xDE56,
  0xDE76, 0xEED8, 0xEEF9, 0xEED9, 0xE6B8, 0xE698, 0xE698, 0xE6B8, 0xEED9, 0xEED9, 0xEED8, 0xDE57,
  0xEEF9, 0xF71A, 0xDE77, 0xDE78, 0xF73A, 0xF73B, 0xF75B, 0xEF3A, 0xEF3B, 0xE6D9, 0xD657, 0xDE98,
  0xF75B, 0xFF9C, 0xF75B, 0xEEFA, 0xE6D9, 0xEF1A, 0xFF9C, 0xFF7C, 0xF73A, 0xE6D9, 0xE6D9, 0xE6D9,
  0xEF1A, 0xFF9C, 0xFF9C, 0xFF9C, 0xF75B, 0xEF19, 0xDEB8, 0xCE15, 0xCE36, 0xF75A, 0xFF9B, 0xF79B,
  0xFF7B, 0xFF7B, 0xFF7B, 0xFF7B, 0xFF9B, 0xFFBB, 0xCD72, 0x9B29, 0xBBCA, 0xCC0A, 0xCC4B, 0xD44B,
  0xD44B, 0xD42A, 0xCC0A, 0xC3E9, 0xC3E9, 0xC3E9, 0xC3C9, 0xC3CA, 0xC3EA, 0xC3EA, 0xBBEA, 0xBBC9,
  0xB3A9, 0xB3A9, 0xB3A9, 0xB3A9, 0xB3AA, 0xB3AA, 0xAB8A, 0xAC0D, 0xBCD0, 0xBCF1, 0xC553, 0xCDB5,
  0xDE57, 0xEF1A, 0xE71A, 0xD6F9, 0xA5F2, 0x858E, 0x858E, 0x858E, 0x8DCE, 0x960E, 0x9E4F, 0xA66F,
  0xA690, 0xAE90, 0xA66F, 0x9DEF, 0xB632, 0xCEB7, 0xE73A, 0xE71A, 0xE6FA, 0xE6FA, 0xEF1B, 0xEF1B,
  0xE6FA, 0xEEFA, 0xEF1A, 0xEF1B, 0xEF3C, 0xEF3C, 0xDEDA, 0xDE99, 0xE6FA, 0xEEFA, 0xEF1A, 0xEF3B,
  0xE6FA, 0xDE98, 0xE6FA, 0xE6FA, 0xDEB9, 0xDE98, 0xDE98, 0xEEFA, 0xF75B, 0xF73A, 0xF75B, 0xFFDE,
  0xB6B1, 0xBEB2, 0xC714, 0xDF77, 0xEFDA, 0xF7FB, 0xF7FB, 0xEF99, 0xD735, 0xBF13, 0xA66F, 0x960E,
  0x8DED, 0x7DCC, 0x75AC, 0x758C, 0x758C, 0x758C, 0x7D8C, 0x7DAC, 0x7DAC, 0x8DED, 0x962E, 0xA64E,
  0xA64E, 0xAE6E, 0xAEAF, 0xAEAE, 0xB6CF, 0xBEF0, 0xBECF, 0xC710, 0xD751, 0xD730, 0xD730, 0xDF31,
  0xDF52, 0xDF51, 0xDF51, 0xDF51, 0xDF51, 0xDF51, 0xDF31, 0xD731, 0xD731, 0xCF30, 0xC710, 0xC6F0,
  0xBEF0, 0xBEF0, 0xBED0, 0xB6B0, 0xAE90, 0x9E4F, 0x962F, 0x960E, 0x8DEE, 0x85CE, 0x7DCE, 0x758D,
  0x6D6D, 0x5D4C, 0x652D, 0x654D, 0x6D4D, 0x75AF, 0x9E52, 0xC736, 0xDF98, 0xEFDA, 0xEFFA, 0xDF98,
  0xC715, 0xB6B3, 0xA671, 0x9E0F, 0x8DCD, 0x7D4B, 0x6CE9, 0x750A, 0x6CE9, 0x64A8, 0x6487, 0x6487,
  0x5C47, 0x6467, 0x5C47, 0x5C46, 0x5C66, 0x6466, 0x6487, 0x5C67, 0x5C66, 0x5C27, 0x5428, 0x5407,
  0x53E7, 0x53C7, 0x746A, 0xADB0, 0xBDB2, 0xBDB2, 0xBD92, 0xB572, 0xBD72, 0xCDF4, 0xD635, 0xDE56,
  0xDE56, 0xE6B7, 0xEEF9, 0xEED9, 0xE6B8, 0xE6B8, 0xE698, 0xE698, 0xE6B8, 0xEEF9, 0xEED8, 0xDE56,
  0xF719, 0xE6B8, 0xD636, 0xE6B9, 0xFF7C, 0xF73B, 0xF73B, 0xF73B, 0xE6D9, 0xD657, 0xDE78, 0xF73B,
  0xFF7C, 0xF77C, 0xEF3B, 0xE6B9, 0xE6D9, 0xF77C, 0xFF9C, 0xFF7B, 0xF73B, 0xEEFA, 0xEEF9, 0xEEF9,
  0xFF7B, 0xFFBC, 0xFF9C, 0xFF9C, 0xF75A, 0xEEF9, 0xDE77, 0xC5D5, 0xDE97, 0xFF9B, 0xF79B, 0xF79B,
  0xFF9B, 0xFF9B, 0xFF7B, 0xFF7B, 0xF77B, 0xFF9B, 0xFF39, 0x936A, 0xA348, 0xC40A, 0xC40A, 0xCC0A,
  0xCC2A, 0xD44B, 0xD42A, 0xC3E9, 0xC3C9, 0xC3E9, 0xC3C9, 0xC3EA, 0xC3E9, 0xBBE9, 0xC3EA, 0xBC0A,
  0xBC0A, 0xBBEA, 0xBC0A, 0xBBEA, 0xB3AA, 0xA36A, 0xD593, 0xF71A, 0xF75C, 0xF75C, 0xF77C, 0xF75C,
  0xEF3C, 0xE71B, 0xDEFA, 0xDEFA, 0xA613, 0x858E, 0x85CE, 0x85CE, 0x8DCE, 0x8E0E, 0x962E, 0xA64F,
  0xA66F, 0xA64F, 0xAE30, 0xC695, 0xDED7, 0xDE98, 0xE6FA, 0xEEFA, 0xE6DA, 0xE6DA, 0xE6DA, 0xE6DA,
  0xE6FA, 0xEEFA, 0xE6FA, 0xEF3B, 0xF75C, 0xF73C, 0xDEB9, 0xE6FA, 0xEF1B, 0xEF1B, 0xEF3B, 0xEF5B,
  0xE6B9, 0xE6B9, 0xEEFA, 0xEEFA, 0xE6B9, 0xDE77, 0xE6D9, 0xF73B, 0xF73B, 0xF71A, 0xF75B, 0xFFDE,
  0xBEF2, 0xC6F3, 0xCF15, 0xD756, 0xE7B9, 0xF7FB, 0xF7FB, 0xEFBA, 0xDF57, 0xC714, 0xB6B1, 0x9E2F,
  0x8DED, 0x7DCD, 0x758C, 0x758C, 0x756C, 0x6D6C, 0x756C, 0x758C, 0x7D8C, 0x85ED, 0x8DED, 0x960D,
  0x962E, 0xA64E, 0xA68F, 0xAEAF, 0xAEAF, 0xB68F, 0xB6AF, 0xC6F0, 0xCF11, 0xCF31, 0xCF31, 0xD731,
  0xD731, 0xD732, 0xDF52, 0xDF52, 0xDF52, 0xD751, 0xD751, 0xCF30, 0xC710, 0xBEF0, 0xBF11, 0xBEF0,
  0xB6D0, 0xB6B0, 0xAE90, 0xAE90, 0xA670, 0x9E4F, 0x960F, 0x8E0F, 0x85EE, 0x7DAE, 0x758E, 0x6D8D,
  0x6D6D, 0x656D, 0x6D6E, 0x6D8E, 0x758E, 0x8E11, 0xAED4, 0xCF57, 0xE7D9, 0xEFFA, 0xE7D9, 0xCF36,
  0xB6B4, 0xBF14, 0xBF14, 0x9E0F, 0x858C, 0x752B, 0x6CC9, 0x6CC9, 0x6CC9, 0x6CC9, 0x64A8, 0x64A8,
  0x6467, 0x5C47, 0x5C67, 0x5C67, 0x5C67, 0x5C47, 0x5C67, 0x5C67, 0x5C47, 0x5C48, 0x5C28, 0x5C68,
  0x5C48, 0x5C07, 0x5C08, 0x8D0D, 0xB5D2, 0xBDB2, 0xB572, 0xB551, 0xBD72, 0xC5B3, 0xCDF4, 0xD635,
  0xD656, 0xDE76, 0xEED8, 0xEED8, 0xE6D8, 0xE6B8, 0xE698, 0xE698, 0xE6B8, 0xEED9, 0xE6B8, 0xDE76,
  0xF719, 0xDE57, 0xD616, 0xF73A, 0xFF9C, 0xF75B, 0xEF1A, 0xE6D9, 0xDE78, 0xDE78, 0xEF1B, 0xFF7C,
  0xF77C, 0xF73B, 0xEEFA, 0xE6D9, 0xEF1A, 0xFF9C, 0xFF9C, 0xFF7C, 0xF73B, 0xEF1A, 0xEEFA, 0xF75B,
  0xFFBC, 0xFFBC, 0xFFBC, 0xFF9C, 0xF73B, 0xE6D9, 0xDE77, 0xC5B4, 0xE698, 0xFF9C, 0xFF7B, 0xF79B,
  0xFF9B, 0xFF9B, 0xFF7B, 0xF75A, 0xF75B, 0xFF7B, 0xFF9B, 0x938A, 0x8265, 0xBBCA, 0xC40A, 0xCBEA,
  0xCC0A, 0xD44B, 0xDC6B, 0xD46C, 0xCC2B, 0xC3E9, 0xC3C9, 0xC3E9, 0xC3E9, 0xBBC9, 0xBBEA, 0xC42B,
  0xC42B, 0xBC0A, 0xB3A9, 0xAB68, 0x9B08, 0xA3AB, 0xFF5A, 0xF77C, 0xEF5C, 0xEF3C, 0xEF3C, 0xEF3C,
  0xE73C, 0xE73C, 0xE6FB, 0xDEFA, 0xAE33, 0x858D, 0x85CE, 0x85AE, 0x85CE, 0x8DEE, 0x8E0E, 0x9E2F,
  0xA610, 0xAE11, 0xCEB6, 0xDEF9, 0xDE98, 0xDEB9, 0xE6FB, 0xEF1B, 0xEF1B, 0xE6DA, 0xE6BA, 0xE6D9,
  0xE6DA, 0xEF1A, 0xEF1B, 0xF73B, 0xF77C, 0xF75C, 0xE6DA, 0xE6FB, 0xEF1B, 0xEF1B, 0xEF3B, 0xE6FA,
  0xDEB9, 0xE6FA, 0xEEFA, 0xF73B, 0xE6B9, 0xDE77, 0xEF1A, 0xF73B, 0xF73A, 0xF71A, 0xF73B, 0xFFDE,
  0xBEF2, 0xC713, 0xD735, 0xD756, 0xE798, 0xF7DA, 0xF7FC, 0xF7DB, 0xE7B9, 0xCF55, 0xB6D2, 0x9E4F,
  0x8DEE, 0x85EE, 0x7DCD, 0x7DAD, 0x75AD, 0x758C, 0x758C, 0x756C, 0x758C, 0x7DAD, 0x85CD, 0x85ED,
  0x960E, 0x9E2F, 0x9E2F, 0xA64F, 0xA66F, 0xA66F, 0xB690, 0xBED0, 0xC6F1, 0xC6F0, 0xC711, 0xCF11,
  0xCF11, 0xCF11, 0xCF11, 0xCF11, 0xCF11, 0xC710, 0xC710, 0xC710, 0xBF10, 0xBEF1, 0xB6D0, 0xAE8F,
  0xA66F, 0xA66F, 0xA670, 0xA690, 0xA670, 0x962F, 0x85CE, 0x7DAE, 0x7D8D, 0x756D, 0x6D4D, 0x654D,
  0x6D6E, 0x6D6D, 0x654D, 0x6D6E, 0x85F0, 0xAED4, 0xCF57, 0xDF98, 0xEFFA, 0xE7D9, 0xCF57, 0xBED5,
  0xB6B3, 0xCF75, 0xCF96, 0x9E0F, 0x7D4C, 0x6CE9, 0x64A8, 0x6488, 0x5C68, 0x6488, 0x6488, 0x64A8,
  0x5C67, 0x5426, 0x5426, 0x5C67, 0x5C67, 0x5C67, 0x5C67, 0x5C47, 0x5C47, 0x5407, 0x5428, 0x6468,
  0x6488, 0x6448, 0x5C27, 0x6C29, 0xA570, 0xBDD3, 0xB592, 0xB551, 0xB571, 0xB572, 0xC5B3, 0xCE14,
  0xD635, 0xD656, 0xE6B7, 0xE6B8, 0xE6D8, 0xE6B8, 0xE6B8, 0xE698, 0xE6B8, 0xEED9, 0xDE77, 0xE697,
  0xEEF9, 0xCDF5, 0xDE77, 0xFF7B, 0xFF7B, 0xF75B, 0xE6B9, 0xD657, 0xD678, 0xEEFA, 0xF77C, 0xF77C,
  0xF75C, 0xEF3B, 0xE6D9, 0xE6B9, 0xEF3A, 0xFF9C, 0xFF9C, 0xF77C, 0xF73B, 0xF73B, 0xEF3A, 0xF77B,
  0xFFBC, 0xFFBC, 0xFFDC, 0xFFBC, 0xF75B, 0xEEF9, 0xD657, 0xBD94, 0xD657, 0xFF7B, 0xFF7B, 0xFF9B,
  0xFF9B, 0xFF7B, 0xF73A, 0xEF3A, 0xF77B, 0xFF9C, 0xFF5A, 0x8309, 0x71C3, 0xA328, 0xC40A, 0xCC0A,
  0xD42A, 0xD42A, 0xCC2A, 0xCC2A, 0xCC2A, 0xCC2A, 0xCC2A, 0xC409, 0xC3E9, 0xC3E9, 0xC3EA, 0xBBCA,
  0xBBCA, 0xBBCA, 0xAB88, 0xA328, 0x8245, 0xBCD0, 0xFFBC, 0xEF5C, 0xEF5C, 0xF75C, 0xEF5C, 0xEF5C,
  0xEF3C, 0xE73C, 0xE71B, 0xE71B, 0xB654, 0x858E, 0x85CD, 0x85AE, 0x85AD, 0x85AD, 0x85AD, 0x8DAF,
  0xAE32, 0xD717, 0xE719, 0xD677, 0xD678, 0xE6FA, 0xEEFB, 0xEF1B, 0xEF3C, 0xE6FA, 0xE6B9, 0xE6B9,
  0xE6B9, 0xE6FA, 0xEF3B, 0xF75B, 0xF77C, 0xF75C, 0xE71B, 0xEF1B, 0xEF1B, 0xEF3B, 0xEF3B, 0xDEB9,
  0xDED9, 0xE6FA, 0xEEFA, 0xF73B, 0xDE98, 0xE6D9, 0xF75B, 0xF73B, 0xF73B, 0xEF1A, 0xEF3B, 0xFFDE,
  0xBEF1, 0xC712, 0xD734, 0xD756, 0xE798, 0xEFBA, 0xF7DC, 0xF7DC, 0xEFDA, 0xDF98, 0xBEF3, 0xA650,
  0x8E0F, 0x85EE, 0x7DCD, 0x7DAD, 0x7DAD, 0x75AD, 0x6D6C, 0x654B, 0x6D6C, 0x758C, 0x7DAD, 0x7DCD,
  0x85EE, 0x8DEE, 0x8DEE, 0x960F, 0x962F, 0x9E6F, 0xA670, 0xAE90, 0xB6B0, 0xB6D0, 0xBED0, 0xBF11,
  0xBEF1, 0xBED0, 0xBEF0, 0xBED0, 0xBEF0, 0xBEF0, 0xBEF0, 0xBEF0, 0xBEF0, 0xB6D0, 0xAE90, 0xA64F,
  0x9E2F, 0x9E4F, 0x9E4F, 0x9E50, 0x9E50, 0x8E0F, 0x7D8D, 0x6D8D, 0x6D4C, 0x654C, 0x652C, 0x652D,
  0x656D, 0x6D6D, 0x6D6E, 0x7DAF, 0x9611, 0xBF15, 0xD797, 0xE7B9, 0xEFFA, 0xDF98, 0xBED5, 0xA673,
  0xA693, 0xAEB2, 0xA671, 0x8DAE, 0x752B, 0x64C9, 0x5C68, 0x5C68, 0x5C67, 0x5447, 0x5447, 0x5C48,
  0x5407, 0x4C06, 0x4C06, 0x5426, 0x5C47, 0x5C47, 0x5C27, 0x5407, 0x5406, 0x4BC6, 0x53E7, 0x5C48,
  0x6488, 0x6C88, 0x6468, 0x6408, 0x846B, 0xB592, 0xB592, 0xB551, 0xB551, 0xB551, 0xBD92, 0xC5D3,
  0xD635, 0xD635, 0xDE77, 0xE6B8, 0xE6B8, 0xE6B8, 0xE698, 0xE698, 0xE6B8, 0xEEF9, 0xDE77, 0xEED8,
  0xE6D8, 0xD616, 0xEED9, 0xF75B, 0xF75B, 0xEEF9, 0xDE77, 0xD677, 0xE6DA, 0xF75C, 0xF75B, 0xF73B,
  0xEF1B, 0xEF1A, 0xE6D9, 0xE6D9, 0xF77B, 0xFF9C, 0xFF9C, 0xFF7C, 0xF75B, 0xF75B, 0xF75B, 0xFF9C,
  0xFFBC, 0xFFBC, 0xFFDC, 0xFF9C, 0xF75B, 0xEEF9, 0xD657, 0xEEF9, 0xE6B8, 0xEED9, 0xF73A, 0xF75B,
  0xFF7B, 0xFF7B, 0xEF19, 0xEEF9, 0xF75B, 0xFFBC, 0xEED8, 0x7287, 0x69A4, 0x92A6, 0xBBEA, 0xCC2A,
  0xD44B, 0xD42A, 0xCC2A, 0xCC2A, 0xCC2A, 0xCC09, 0xCC2A, 0xD44B, 0xCC4B, 0xCC2A, 0xC3EA, 0xBBC9,
  0xB389, 0xAB48, 0xA328, 0x8AA7, 0x7246, 0xDE36, 0xFF9D, 0xEF5C, 0xEF5C, 0xEF5C, 0xEF5C, 0xEF5C,
  0xE73C, 0xE73C, 0xE71B, 0xE73B, 0xBE76, 0x8D6F, 0x856E, 0x856D, 0x7D8D, 0x856D, 0x8D6F, 0xB653,
  0xDF18, 0xE719, 0xD698, 0xCE37, 0xDEB8, 0xE6FA, 0xEF1B, 0xEF3B, 0xEF1B, 0xEF3C, 0xE6BA, 0xE6B9,
  0xDEB9, 0xE6DA, 0xF73B, 0xF75C, 0xF75C, 0xF75C, 0xEF3B, 0xEF3B, 0xEF3B, 0xF73B, 0xEEFA, 0xDE99,
  0xE6FA, 0xE6FA, 0xEF1A, 0xF71A, 0xDE78, 0xEF1A, 0xF73A, 0xF73A, 0xF71A, 0xEEF9, 0xEF1A, 0xFFDE,
  0xB6AF, 0xC6F1, 0xCF13, 0xDF56, 0xE7B9, 0xE799, 0xF7BB, 0xF7DC, 0xEFDB, 0xEFDA, 0xCF56, 0xAE92,
  0x9610, 0x85CE, 0x85CE, 0x7DCE, 0x7DAE, 0x758D, 0x6D4C, 0x652C, 0x6D4C, 0x6D6C, 0x6D6C, 0x75AD,
  0x85ED, 0x8DEE, 0x8DEE, 0x8DEE, 0x960F, 0x964F, 0x9E4F, 0xA64F, 0xA670, 0xAE90, 0xAEB0, 0xAEB0,
  0xB6D0, 0xB6B0, 0xB6B0, 0xAEB0, 0xB6B0, 0xB6D0, 0xB6D0, 0xB6B0, 0xAE90, 0xA64F, 0x9E4F, 0x9E4F,
  0x9E2F, 0x9E2F, 0x9E4F, 0x960F, 0x8DEF, 0x85AE, 0x6D6D, 0x6D4C, 0x654C, 0x654D, 0x652D, 0x654D,
  0x6D8E, 0x6D8E, 0x75AF, 0x9652, 0xAED4, 0xC736, 0xDF98, 0xE7B9, 0xE7B9, 0xC716, 0xAE93, 0x9E52,
  0x9631, 0x9630, 0x8DCE, 0x7D6C, 0x6CEA, 0x6489, 0x5428, 0x5427, 0x5447, 0x5427, 0x5407, 0x4C07,
  0x4C06, 0x43E5, 0x4C05, 0x4C06, 0x5426, 0x5C27, 0x5407, 0x53E7, 0x43A5, 0x4365, 0x4386, 0x53E7,
  0x5C68, 0x6488, 0x5C27, 0x5407, 0x5BC8, 0x8CAE, 0xB592, 0xB571, 0xB551, 0xB551, 0xB551, 0xBD72,
  0xC5D4, 0xD635, 0xDE56, 0xE6B7, 0xE6B8, 0xDE97, 0xDE77, 0xDE77, 0xE6B8, 0xE6B8, 0xDE97, 0xEED8,
  0xDE77, 0xD636, 0xF73A, 0xF75A, 0xEEFA, 0xD657, 0xD657, 0xE6F9, 0xF77C, 0xEF3B, 0xEF1B, 0xEEFA,
  0xEEFA, 0xE6FA, 0xDEB9, 0xEEFA, 0xFF9C, 0xFFBC, 0xFF9C, 0xFF7C, 0xF75B, 0xF75B, 0xF75B, 0xFFBC,
  0xFFBC, 0xFFBC, 0xFFBC, 0xFF9C, 0xF77B, 0xEF1A, 0xDE98, 0xF75B, 0xFF7B, 0xE6D9, 0xEEF9, 0xEF1A,
  0xF73A, 0xF77B, 0xF75B, 0xF75A, 0xF75A, 0xFF9C, 0xBD53, 0x59E5, 0x7205, 0x9286, 0xBBCA, 0xCC2A,
  0xD44B, 0xD44B, 0xD42B, 0xCC2A, 0xCC0A, 0xC3E9, 0xCC0A, 0xD44B, 0xCC4B, 0xCC2B, 0xC40A, 0xBBEA,
  0xB389, 0xA328, 0x8AA7, 0x6A04, 0x93AB, 0xFF7B, 0xF77C, 0xF75C, 0xF77C, 0xF77D, 0xEF5C, 0xEF5C,
  0xEF3C, 0xE73C, 0xE71B, 0xE71B, 0xCED8, 0xBE35, 0xBE35, 0x9DB1, 0x852E, 0x8D6F, 0xBE75, 0xE73A,
  0xEF1A, 0xDEB9, 0xCE37, 0xD657, 0xDEB9, 0xE6FA, 0xEF1B, 0xEF3C, 0xEF3B, 0xF75C, 0xEF3B, 0xE6B9,
  0xDE99, 0xE6B9, 0xF73B, 0xF75C, 0xF75C, 0xF75C, 0xEF5B, 0xF75B, 0xF75B, 0xF73B, 0xE6D9, 0xE6D9,
  0xEF1A, 0xEF1A, 0xF73B, 0xE6B9, 0xDE98, 0xF73A, 0xF73A, 0xEF1A, 0xEEF9, 0xEEF9, 0xEF1A, 0xFFDE,
  0xA5ED, 0xAE4F, 0xBE91, 0xC6F3, 0xDF77, 0xE798, 0xEF99, 0xF7BA, 0xEFDA, 0xEFDA, 0xE7B9, 0xC715,
  0xA672, 0x9610, 0x85CE, 0x7DCE, 0x7DAE, 0x75AD, 0x6D4C, 0x652C, 0x6D4C, 0x6D6C, 0x654C, 0x756D,
  0x7DAD, 0x85CD, 0x85AD, 0x85CE, 0x85CE, 0x8E0F, 0x962F, 0x9E2F, 0x9E2F, 0x9E2F, 0x9E4F, 0x9E4F,
  0xA64F, 0xA66F, 0xA68F, 0xA68F, 0xA68F, 0xAEB0, 0xAE90, 0xA64F, 0x9E2F, 0x962F, 0x9E2F, 0x9E2F,
  0xAE91, 0xBEF3, 0xAEB1, 0x8DEE, 0x85CE, 0x758D, 0x6D4D, 0x6D4C, 0x654D, 0x656D, 0x6D6D, 0x6D6E,
  0x6DAE, 0x75AF, 0x8E11, 0xB6F4, 0xCF57, 0xD798, 0xDFB8, 0xDFB9, 0xC6F5, 0xAE53, 0x9E52, 0x9651,
  0x9630, 0x9610, 0x85CE, 0x6D0B, 0x5C89, 0x5447, 0x5427, 0x4C06, 0x4BE6, 0x4BE6, 0x4BE6, 0x43C5,
  0x43C5, 0x4BC5, 0x5406, 0x5426, 0x5406, 0x5407, 0x53E6, 0x43A6, 0x4365, 0x3B65, 0x3B66, 0x4BC7,
  0x5C28, 0x5407, 0x4BC6, 0x4BC7, 0x4BA7, 0x63A9, 0x94EF, 0xB571, 0xAD30, 0xAD51, 0xAD51, 0xB551,
  0xC5B3, 0xD635, 0xD656, 0xDE97, 0xDE97, 0xDE97, 0xDE77, 0xDE77, 0xE6B8, 0xE698, 0xE697, 0xE697,
  0xD615, 0xE6B8, 0xFF5B, 0xF73A, 0xDE78, 0xD657, 0xE6D9, 0xF75B, 0xF75B, 0xEF1B, 0xEEFA, 0xEEFA,
  0xEEFA, 0xE6D9, 0xDE98, 0xEF1A, 0xFF9C, 0xFFBC, 0xFFBC, 0xFF9C, 0xF77B, 0xF75B, 0xF77B, 0xFFBC,
  0xFFBC, 0xFFBC, 0xFFBC, 0xFF9C, 0xFF9C, 0xF73A, 0xE6B8, 0xF73A, 0xFF9C, 0xF75B, 0xE6D9, 0xE6B8,
  0xEED9, 0xEF1A, 0xF73A, 0xF75A, 0xF73A, 0xFF9B, 0xC593, 0x59E5, 0x7226, 0x8266, 0xB389, 0xCC2B,
  0xCC0A, 0xD42B, 0xCC0B, 0xC3EA, 0xC3E9, 0xC3E9, 0xCC0A, 0xC3EA, 0xC40A, 0xC40A, 0xC40A, 0xBBCA,
  0xB389, 0xA308, 0x8266, 0x6A25, 0xD5F4, 0xFFBC, 0xF75C, 0xF77C, 0xF77C, 0xF77C, 0xEF7C, 0xEF5C,
  0xEF5C, 0xEF3C, 0xEF3C, 0xE73B, 0xD6D9, 0xBE36, 0xCE77, 0xBE36, 0xA572, 0xBE55, 0xE73A, 0xEF1A,
  0xE6FA, 0xD678, 0xCE17, 0xD658, 0xE6B9, 0xEF1B, 0xF73B, 0xEF3B, 0xEF3B, 0xEF3B, 0xF75C, 0xEF1B,
  0xDE99, 0xE6B9, 0xEF3B, 0xF75C, 0xF75B, 0xEF5B, 0xF75B, 0xF75B, 0xF75B, 0xEF3B, 0xDEB9, 0xEF1A,
  0xEF3B, 0xEF3B, 0xEF1A, 0xDE77, 0xEED9, 0xF73A, 0xF73A, 0xEEF9, 0xEEF9, 0xEED9, 0xEF1A, 0xFFDE,
  0x854C, 0x95CE, 0x9E0F, 0xAE71, 0xC6D3, 0xD735, 0xDF76, 0xE798, 0xEFD9, 0xEFDA, 0xEFDA, 0xDF98,
  0xC715, 0xA672, 0x85EF, 0x7DAE, 0x7DCE, 0x7DAE, 0x6D6D, 0x654D, 0x654D, 0x652C, 0x654C, 0x6D6D,
  0x756D, 0x758D, 0x7DAD, 0x7DCE, 0x85CE, 0x85CE, 0x85EE, 0x8E0E, 0x964F, 0x960E, 0x960E, 0x960E,
  0x9E2E, 0x9E2E, 0x9E2E, 0x9E4F, 0x9E4F, 0x9E4F, 0x9E4F, 0x962F, 0x8E0E, 0x8E0E, 0x8DEE, 0x962F,
  0xBF34, 0xD7D7, 0xB6F3, 0x7DCE, 0x6D8D, 0x6D8D, 0x6D6D, 0x656D, 0x6D6D, 0x6D6E, 0x6D6E, 0x6D6E,
  0x75AF, 0x8E31, 0xAED4, 0xC736, 0xD777, 0xD798, 0xDFD9, 0xD798, 0xAE73, 0x9611, 0x8E10, 0x8E10,
  0x9610, 0x8E0F, 0x7D6D, 0x5CA9, 0x5448, 0x5427, 0x5427, 0x4BE6, 0x43A5, 0x43C6, 0x43C6, 0x5407,
  0x6C88, 0x6487, 0x6447, 0x5C47, 0x5C27, 0x5406, 0x4BC6, 0x3B65, 0x3B46, 0x3B46, 0x3B46, 0x4367,
  0x4BA7, 0x4366, 0x4365, 0x4366, 0x4B87, 0x5367, 0x63C9, 0x9D0F, 0xAD30, 0xAD30, 0xAD51, 0xAD31,
  0xB572, 0xCDF4, 0xCE35, 0xD676, 0xDE76, 0xDE76, 0xDE77, 0xDE77, 0xE697, 0xE698, 0xDE57, 0xDE77,
  0xDE56, 0xF71A, 0xF73A, 0xE6B8, 0xD657, 0xE6D9, 0xF75B, 0xEF3B, 0xE71A, 0xE6FA, 0xEEFA, 0xEF1A,
  0xEF1A, 0xE6D9, 0xDE98, 0xEF3A, 0xFFBC, 0xFFBC, 0xFFBC, 0xFF9C, 0xF77B, 0xF77B, 0xFF7C, 0xFFBC,
  0xFFBC, 0xFFBC, 0xFF9C, 0xFF9C, 0xFF9C, 0xF75A, 0xDE98, 0xF75A, 0xFFBC, 0xFFBC, 0xF75B, 0xE6D8,
  0xDE98, 0xE6B8, 0xE6D9, 0xE6B8, 0xE6D8, 0xEEF8, 0xF75A, 0xB4F1, 0x6226, 0x7205, 0xA328, 0xCC2B,
  0xD44A, 0xCC0A, 0xCBEA, 0xCBEA, 0xC3EA, 0xC3C9, 0xC3C9, 0xBB88, 0xBBA9, 0xBBC9, 0xBBC9, 0xB389,
  0xA328, 0x92A6, 0x7204, 0x9C2D, 0xFF5B, 0xF75C, 0xF77C, 0xF77C, 0xF77C, 0xF77C, 0xEF7C, 0xEF5C,
  0xEF5C, 0xEF5C, 0xEF5C, 0xE71A, 0xC657, 0xC616, 0xBDF6, 0xBDB5, 0xCE37, 0xE73B, 0xEF1A, 0xE6FA,
  0xE6DA, 0xD658, 0xCE17, 0xD658, 0xE6D9, 0xEF1B, 0xF73B, 0xF75B, 0xEF5B, 0xEF3B, 0xEF3B, 0xF75C,
  0xE6DA, 0xDEB9, 0xEF1B, 0xF75B, 0xF75B, 0xEF5B, 0xEF5B, 0xF75B, 0xF75B, 0xEF1A, 0xE6D9, 0xEF1A,
  0xEF1A, 0xF73B, 0xE6B9, 0xDE78, 0xF73A, 0xF73A, 0xEF1A, 0xEEF9, 0xE6D9, 0xE6D9, 0xEF1A, 0xFFDE,
  0x6D0B, 0x7D6C, 0x85AD, 0x960F, 0xAE71, 0xB6B2, 0xC6F3, 0xCF15, 0xDF97, 0xEFD9, 0xEFD9, 0xEFD9,
  0xDFB8, 0xBEF4, 0x9630, 0x85CE, 0x7DCE, 0x7DCE, 0x758E, 0x6D6D, 0x654D, 0x652C, 0x654C, 0x652C,
  0x6D2C, 0x6D6D, 0x75AE, 0x75AE, 0x7DAE, 0x758D, 0x7D8D, 0x85EE, 0xA6B1, 0x962F, 0x8DCE, 0x8DEE,
  0x960E, 0x960E, 0x960E, 0x9E4F, 0xA690, 0x9E4F, 0x962F, 0x8E0E, 0x7DAE, 0x7DAE, 0x7DCE, 0x85EE,
  0x9E71, 0xAEB2, 0x9630, 0x75AE, 0x6D8D, 0x656C, 0x656C, 0x656D, 0x6D6D, 0x6D6E, 0x6D8E, 0x75AF,
  0x8610, 0xAEB4, 0xCF77, 0xDF98, 0xDF98, 0xDFB8, 0xCF77, 0xAEB4, 0x95F1, 0x85AF, 0x7DAF, 0x7DAE,
  0x8E10, 0x7D8E, 0x64EB, 0x5C69, 0x5427, 0x4C27, 0x4C27, 0x4BE6, 0x43A5, 0x43A5, 0x43C5, 0x6CC8,
  0x9E0C, 0x9DEB, 0x7D08, 0x6487, 0x5C47, 0x5406, 0x43A5, 0x3B45, 0x3B46, 0x3B27, 0x3326, 0x3B26,
  0x3B26, 0x3B26, 0x3B26, 0x3B26, 0x4346, 0x4346, 0x4B26, 0x740B, 0xA530, 0xA530, 0xAD30, 0xAD30,
  0xAD11, 0xBDB3, 0xCDF4, 0xCE15, 0xDE76, 0xDE76, 0xDE56, 0xDE76, 0xDE77, 0xDE77, 0xDE56, 0xE697,
  0xE6B8, 0xF71A, 0xE6D9, 0xDE57, 0xE6D9, 0xF73B, 0xEF1A, 0xE6D9, 0xE6B9, 0xE6DA, 0xE71A, 0xEF1A,
  0xEEFA, 0xE6B9, 0xDE98, 0xF75B, 0xFF9C, 0xFF9C, 0xFF9C, 0xFF7C, 0xF77B, 0xFF7C, 0xFF9C, 0xFFBC,
  0xFFBC, 0xFFBC, 0xFF9C, 0xFF9C, 0xFF9C, 0xF75B, 0xD657, 0xE719, 0xFFDC, 0xFFBC, 0xFFBC, 0xFF7B,
  0xEF1A, 0xE6D9, 0xEED9, 0xEEF9, 0xEEF9, 0xEF19, 0xEF19, 0xFF7A, 0xACAF, 0x6204, 0x8AA6, 0xC3EB,
  0xD44B, 0xCC0A, 0xC40A, 0xCBEA, 0xC3CA, 0xC3CA, 0xC3EA, 0xC3EA, 0xC3EA, 0xBBC9, 0xB389, 0xAB68,
  0xA327, 0x92C6, 0x7A86, 0xD5D5, 0xFF9D, 0xF73C, 0xF75C, 0xF75C, 0xF75C, 0xF77D, 0xF77C, 0xEF5C,
  0xEF3C, 0xEF3C, 0xE71B, 0xCE78, 0xCE57, 0xD698, 0xC637, 0xC637, 0xDEDA, 0xEF3B, 0xE71A, 0xE6D9,
  0xDE98, 0xD657, 0xD637, 0xD678, 0xE6FA, 0xEF1B, 0xF75B, 0xF75C, 0xEF3B, 0xEF3B, 0xEF1B, 0xF75B,
  0xF75B, 0xE6DA, 0xEEFA, 0xF73B, 0xF73B, 0xEF5B, 0xEF5B, 0xEF5B, 0xF75B, 0xEF1A, 0xE6D9, 0xEF1A,
  0xEF1A, 0xEF3B, 0xDE98, 0xE6D9, 0xF75A, 0xF71A, 0xEEF9, 0xE6D9, 0xE6D9, 0xE6D8, 0xEF1A, 0xFFDE,
  0x64EB, 0x64EB, 0x752C, 0x7D8D, 0x8DEE, 0x9E30, 0xAE92, 0xBED3, 0xCF35, 0xDF77, 0xE7B9, 0xEFD9,
  0xE7F9, 0xD798, 0xAEB3, 0x8E10, 0x85CF, 0x7DAE, 0x756E, 0x6D6D, 0x654D, 0x652C, 0x654D, 0x652D,
  0x652C, 0x654D, 0x654D, 0x6D6D, 0x6D6D, 0x6D6D, 0x758E, 0x7DAE, 0x8E0F, 0x85EE, 0x85AE, 0x85AD,
  0x8DEE, 0x8DEE, 0x8DEE, 0x9E50, 0xB712, 0x9E90, 0x8DEF, 0x7DAE, 0x758E, 0x758D, 0x758E, 0x75AE,
  0x756E, 0x756E, 0x758E, 0x6D8E, 0x6D6D, 0x654D, 0x652C, 0x654D, 0x6D6D, 0x756E, 0x7DAF, 0x8610,
  0x9E72, 0xC716, 0xD777, 0xDFB8, 0xDFB8, 0xCF57, 0xAE93, 0x8DF0, 0x7D6E, 0x756E, 0x754E, 0x754D,
  0x756D, 0x64CB, 0x5448, 0x5428, 0x5468, 0x64CA, 0x5C68, 0x4BE6, 0x4BE6, 0x4BE7, 0x5406, 0x7D29,
  0xB68C, 0xBE8C, 0x9DEA, 0x74E7, 0x5C67, 0x5426, 0x4385, 0x3B66, 0x3B46, 0x3B47, 0x3326, 0x3306,
  0x3306, 0x3B06, 0x3AE6, 0x32C5, 0x32E5, 0x32E5, 0x3B06, 0x4B47, 0x848D, 0x9D10, 0xAD30, 0xAD30,
  0xA4F0, 0xB572, 0xC5D4, 0xC5D4, 0xD656, 0xDE76, 0xDE56, 0xDE56, 0xDE57, 0xD656, 0xDE77, 0xE6B8,
  0xE6D8, 0xEEF9, 0xDE77, 0xE6D9, 0xF73B, 0xEEFA, 0xE6B9, 0xDEB9, 0xE6B9, 0xE6DA, 0xE6FA, 0xEF1A,
  0xEEFA, 0xDE98, 0xDE98, 0xF75B, 0xFF9C, 0xFF9C, 0xFF9C, 0xF77B, 0xF77B, 0xFF9C, 0xFF9C, 0xFF9C,
  0xFF9C, 0xFF9C, 0xFF9C, 0xFF9C, 0xFF7C, 0xFF7B, 0xD657, 0xD677, 0xFFBC, 0xFFBC, 0xFFBC, 0xFFDC,
  0xFFBC, 0xFF9C, 0xFF7B, 0xF75A, 0xF73A, 0xF73A, 0xF73A, 0xF73A, 0xFF5A, 0xACAF, 0x7245, 0xAB68,
  0xC40A, 0xC40A, 0xC3EA, 0xC3CA, 0xC3C9, 0xC3EA, 0xC40A, 0xCC2B, 0xC40B, 0xC3EA, 0xBBCA, 0xB3A9,
  0xB369, 0x9AE7, 0x8B08, 0xEE77, 0xFF9D, 0xF75C, 0xF75C, 0xF75C, 0xEF3C, 0xEF3C, 0xEF3C, 0xE71B,
  0xDEFB, 0xDEFA, 0xDEB9, 0xD699, 0xE6FA, 0xE71B, 0xE6FA, 0xDED9, 0xE71B, 0xEF3B, 0xE71A, 0xDED9,
  0xDE78, 0xD657, 0xD637, 0xDE78, 0xEF1A, 0xF73B, 0xF75C, 0xF75B, 0xEF3B, 0xE71B, 0xEF1B, 0xF73B,
  0xF75C, 0xF75C, 0xEF1B, 0xEF3B, 0xF73B, 0xEF5B, 0xEF3B, 0xEF3B, 0xF75B, 0xEF1A, 0xE6F9, 0xEF3A,
  0xF73B, 0xE6B9, 0xDE57, 0xEF1A, 0xF73A, 0xEF19, 0xEEF9, 0xE6D8, 0xE6D9, 0xE6D9, 0xEF1A, 0xFFDE,
  0x5C8A, 0x64AB, 0x6CEB, 0x6D2C, 0x7D6D, 0x85CE, 0x95F0, 0xAE72, 0xBED3, 0xC6F4, 0xD756, 0xE7B8,
  0xE7F9, 0xEFF9, 0xDF98, 0xBEF5, 0x9611, 0x7DAF, 0x756E, 0x6D6D, 0x654D, 0x652D, 0x654D, 0x5D0C,
  0x5D0C, 0x652D, 0x654D, 0x654D, 0x654D, 0x6D6E, 0x654D, 0x6D6D, 0x654C, 0x6D4C, 0x758D, 0x6D4C,
  0x756D, 0x758D, 0x7DAE, 0x85EF, 0x8E50, 0x85EF, 0x758E, 0x756E, 0x6D6E, 0x6D4D, 0x6D8E, 0x6D6E,
  0x6D6D, 0x654D, 0x656D, 0x6D6D, 0x654D, 0x656D, 0x654D, 0x654D, 0x6D6E, 0x7DAF, 0x85F0, 0x9E72,
  0xBF15, 0xCF57, 0xD777, 0xDFB8, 0xCF57, 0xAE73, 0x8DD0, 0x7D8F, 0x6D2D, 0x6D2D, 0x6D0D, 0x64CB,
  0x64AB, 0x5449, 0x4C28, 0x5428, 0x750B, 0x9E50, 0x856C, 0x5407, 0x4C07, 0x4C07, 0x5427, 0x74E9,
  0x95CA, 0xA62B, 0x95CA, 0x74E8, 0x6467, 0x5427, 0x43A6, 0x3B66, 0x3326, 0x3326, 0x3305, 0x2AE5,
  0x32E5, 0x32E5, 0x32A5, 0x2A84, 0x32A5, 0x32C5, 0x32C5, 0x3B06, 0x63CA, 0x94EF, 0xA510, 0xAD30,
  0xA510, 0xAD10, 0xBDB3, 0xC5D4, 0xCE15, 0xD656, 0xD636, 0xD636, 0xD636, 0xD616, 0xE698, 0xE6B8,
  0xE6B8, 0xDE98, 0xE6D9, 0xEEFA, 0xE6D9, 0xDE98, 0xDE98, 0xDEB9, 0xDEB9, 0xE6DA, 0xEEFA, 0xEF1A,
  0xEED9, 0xDE98, 0xE6B8, 0xF77B, 0xFF9C, 0xFF9C, 0xFF7C, 0xF77B, 0xFF7C, 0xFF9C, 0xFF9C, 0xFF9C,
  0xFF9C, 0xFF9C, 0xFF9C, 0xFF9C, 0xFF9C, 0xFF9C, 0xD657, 0xCE15, 0xF77B, 0xFFDC, 0xFFBC, 0xFFBC,
  0xFFBC, 0xFFBC, 0xFFBC, 0xFF9C, 0xF77B, 0xF75B, 0xF75B, 0xF73A, 0xF75A, 0xFF3A, 0x9BED, 0x82A6,
  0xB3A9, 0xC3EA, 0xC3EA, 0xC3C9, 0xBBA9, 0xC3EA, 0xC3EA, 0xC40A, 0xC40A, 0xC3EA, 0xBBEA, 0xBBCA,
  0xB369, 0x92A6, 0x82A7, 0xEE97, 0xFFDD, 0xFF9D, 0xFF9C, 0xF77C, 0xF77C, 0xEF5C, 0xEF3C, 0xE73B,
  0xEF3C, 0xEF5C, 0xE71A, 0xE71B, 0xEF3C, 0xEF5C, 0xF77C, 0xF75C, 0xEF3B, 0xEF3B, 0xE6FA, 0xDED9,
  0xDE78, 0xD658, 0xD637, 0xDE99, 0xF73B, 0xF75C, 0xF77C, 0xF73B, 0xEF3B, 0xEF1B, 0xE6FA, 0xEF3B,
  0xF75B, 0xF75C, 0xF73B, 0xEF3B, 0xF73B, 0xEF5B, 0xEF3B, 0xEF1B, 0xF75B, 0xEF1A, 0xEF1A, 0xEF3A,
  0xF73A, 0xD637, 0xDE78, 0xF71A, 0xEEF9, 0xEEF9, 0xEEF9, 0xE6D8, 0xE6D9, 0xE6D9, 0xEEFA, 0xFFDE,
  0x5428, 0x64AA, 0x64CB, 0x6D0B, 0x752C, 0x7D4D, 0x858E, 0x95EF, 0xA671, 0xB6B3, 0xBF14, 0xCF76,
  0xDFB8, 0xE7D9, 0xE7B9, 0xDF98, 0xBF15, 0x9E11, 0x858F, 0x758E, 0x654D, 0x652C, 0x5D0C, 0x5CEC,
  0x5CEC, 0x652C, 0x652C, 0x652C, 0x652D, 0x654D, 0x652D, 0x654D, 0x652C, 0x652C, 0x5D2C, 0x652C,
  0x5D0C, 0x652C, 0x654D, 0x656D, 0x6D6D, 0x654D, 0x652D, 0x652D, 0x652C, 0x650C, 0x654D, 0x654D,
  0x5D4D, 0x654D, 0x654D, 0x654D, 0x6D6D, 0x654D, 0x654D, 0x6D4D, 0x758E, 0x7DCF, 0x9E52, 0xBEF5,
  0xCF56, 0xD757, 0xD777, 0xC716, 0xA673, 0x85AF, 0x7D6E, 0x754E, 0x64EC, 0x64CC, 0x5CAB, 0x546A,
  0x544A, 0x4C29, 0x4C08, 0x4C08, 0x74EB, 0x95EE, 0x7D0B, 0x5407, 0x43E7, 0x3BA6, 0x43C6, 0x4BE6,
  0x5C46, 0x6CA7, 0x6CC8, 0x6467, 0x5C47, 0x4C07, 0x3BA6, 0x3B86, 0x3326, 0x3305, 0x32E5, 0x2AE5,
  0x2AC5, 0x2AC5, 0x2AA4, 0x2AA4, 0x32C5, 0x32E5, 0x32C5, 0x32E5, 0x42E6, 0x740B, 0x9CEF, 0xA510,
  0xA510, 0xA510, 0xB572, 0xC5D4, 0xC5D4, 0xCE15, 0xCDF5, 0xCDF5, 0xCE15, 0xD657, 0xE6F9, 0xE6B8,
  0xDEB8, 0xE6F9, 0xEF19, 0xE6D8, 0xDE98, 0xDE98, 0xDE98, 0xDE99, 0xDEB9, 0xE6D9, 0xEEFA, 0xEF1A,
  0xE6D9, 0xDE98, 0xE6D9, 0xFF9C, 0xFF9C, 0xFF7C, 0xF77B, 0xF77B, 0xFF7C, 0xFF9C, 0xFF7C, 0xFF7C,
  0xFF7C, 0xFF7C, 0xFF7C, 0xFF7C, 0xFF9C, 0xFF7C, 0xD657, 0xBD94, 0xE6D9, 0xFFBC, 0xFF9C, 0xF77B,
  0xF77B, 0xF79B, 0xFFBC, 0xFFDC, 0xFF9B, 0xF75B, 0xF75B, 0xF75B, 0xF75A, 0xFF9C, 0xEEB9, 0x8B09,
  0xA348, 0xC3EA, 0xC3CA, 0xC3CA, 0xBB89, 0xBB89, 0xBBC9, 0xC3EA, 0xC40A, 0xC3EA, 0xC3EA, 0xB3A9,
  0xAB48, 0x9AC6, 0x7A65, 0xC531, 0xFFDD, 0xFFBD, 0xFF9C, 0xF79C, 0xF77D, 0xEF5C, 0xEF5C, 0xF75C,
  0xF77C, 0xEF5C, 0xEF3C, 0xEF5C, 0xEF5C, 0xF75C, 0xEF5C, 0xF75C, 0xEF3B, 0xE71B, 0xE6FA, 0xDEB9,
  0xD678, 0xD658, 0xD637, 0xDEB9, 0xF75C, 0xF75C, 0xF75C, 0xF75B, 0xEF3B, 0xEF3B, 0xEF1A, 0xEF3B,
  0xF75B, 0xF75B, 0xF75C, 0xF75B, 0xF73B, 0xF75B, 0xEF3B, 0xEF3B, 0xF75B, 0xEF1A, 0xEF1A, 0xF73B,
  0xEF1A, 0xC5F5, 0xE6D8, 0xEF1A, 0xEEF9, 0xEEF9, 0xEEF9, 0xE6D8, 0xE6D9, 0xE6D9, 0xE6F9, 0xFFDE,
  0x4BE8, 0x5C8A, 0x64AB, 0x64CB, 0x6CEB, 0x6D0C, 0x7D4D, 0x85AE, 0x9610, 0x9E51, 0xAEB2, 0xBEF4,
  0xCF36, 0xDF98, 0xE7B9, 0xE7B9, 0xDF98, 0xCF16, 0xA693, 0x85F0, 0x6D6E, 0x654D, 0x652D, 0x5D0C,
  0x5D0C, 0x5D0C, 0x5D0C, 0x5D0C, 0x652C, 0x650C, 0x652C, 0x5D2C, 0x652C, 0x5D0C, 0x5CEC, 0x5D0C,
  0x54EB, 0x5CEB, 0x5D0C, 0x5D0C, 0x5CEC, 0x5CEC, 0x5D0C, 0x5D0C, 0x5D0C, 0x5D2C, 0x652D, 0x5D2C,
  0x5D0C, 0x652D, 0x652D, 0x6D4D, 0x6D6E, 0x6D6D, 0x6D6E, 0x7DAF, 0x85F0, 0x9E52, 0xBF15, 0xD757,
  0xD757, 0xD778, 0xC736, 0x9E52, 0x85AF, 0x6D2D, 0x64ED, 0x64EC, 0x5CAC, 0x5C8B, 0x544A, 0x4C29,
  0x4BE8, 0x43C8, 0x43C8, 0x43C8, 0x5449, 0x5C8A, 0x5428, 0x4BE7, 0x3BA7, 0x3B66, 0x3B46, 0x3325,
  0x3B65, 0x43C7, 0x4BC7, 0x4BC7, 0x4BE7, 0x43A6, 0x3B66, 0x3B66, 0x3B26, 0x3305, 0x2AE5, 0x2AE5,
  0x2AC5, 0x2AA5, 0x2AA4, 0x2AC5, 0x32C5, 0x2AA5, 0x2A84, 0x32A5, 0x3AC5, 0x4B27, 0x848D, 0x9CEF,
  0x9D10, 0x9D10, 0xAD31, 0xBDB3, 0xBDB4, 0xCE15, 0xCDF5, 0xCDF5, 0xCDF5, 0xDE97, 0xE6D8, 0xDEB8,
  0xE6D8, 0xE6F9, 0xDEB8, 0xD677, 0xD677, 0xDE78, 0xDE98, 0xDE98, 0xDEB9, 0xE6DA, 0xEEFA, 0xEEFA,
  0xE6B8, 0xDE77, 0xE6D9, 0xFF7B, 0xFF9B, 0xFF7C, 0xF75B, 0xF75B, 0xF77B, 0xF77B, 0xFF7C, 0xFF7C,
  0xF77C, 0xF77C, 0xFF7C, 0xF77C, 0xFF7C, 0xFF7C, 0xD677, 0xBD73, 0xD636, 0xF77B, 0xFF9C, 0xFF9B,
  0xF77B, 0xEF5A, 0xF77B, 0xFFBC, 0xFF9B, 0xF75B, 0xF75B, 0xFF7B, 0xF75B, 0xF77B, 0xFFBC, 0xBCF1,
  0x8286, 0xBBAA, 0xC3CA, 0xBBA9, 0xBB89, 0xB369, 0xB368, 0xB389, 0xBBCA, 0xC3EA, 0xC3EA, 0xB3AA,
  0xAB48, 0xA307, 0x8AC7, 0x8B09, 0xC553, 0xEEB9, 0xF75B, 0xF7BC, 0xFFBD, 0xF77D, 0xF77C, 0xF77C,
  0xF77C, 0xF75C, 0xEF5C, 0xEF5C, 0xF75C, 0xF75C, 0xEF3C, 0xEF3C, 0xEF1B, 0xE6FB, 0xE6FA, 0xDEB9,
  0xD658, 0xD658, 0xD657, 0xE6FA, 0xF77C, 0xF75C, 0xF75C, 0xF75B, 0xE71B, 0xE71A, 0xEF1B, 0xEF3B,
  0xF75C, 0xF75C, 0xF75B, 0xF75C, 0xF75C, 0xEF5B, 0xEF1A, 0xEF3B, 0xF75B, 0xEF1A, 0xEF1A, 0xEF3B,
  0xDEB8, 0xC5F5, 0xEF19, 0xEF19, 0xEEF9, 0xE6D9, 0xE6D9, 0xE6D8, 0xE6D9, 0xE6B8, 0xE6F9, 0xFFDE,
  0x43C8, 0x5428, 0x5C8A, 0x5C69, 0x5CAA, 0x64CB, 0x752C, 0x7D6D, 0x85AE, 0x8DCF, 0x9E10, 0xAE52,
  0xB6B3, 0xC6F5, 0xD757, 0xE7B9, 0xE7B9, 0xE798, 0xCF97, 0xAED4, 0x9632, 0x75AF, 0x6D4D, 0x654D,
  0x652D, 0x5D0C, 0x5CEC, 0x5D0C, 0x5D0C, 0x5D0C, 0x5D0C, 0x5CEC, 0x5CCB, 0x5CEC, 0x5CCB, 0x5CEC,
  0x5CEB, 0x54CB, 0x5CEB, 0x5CEB, 0x54CB, 0x5CEC, 0x5CEC, 0x5CEB, 0x5CEB, 0x5D0C, 0x5D0C, 0x5CEC,
  0x5D0C, 0x5D0C, 0x652D, 0x6D6E, 0x6D8E, 0x75AF, 0x85F0, 0x9651, 0xA6B3, 0xAED4, 0xC757, 0xD777,
  0xCF57, 0xC715, 0xA652, 0x858F, 0x756E, 0x5CAC, 0x5C6B, 0x546B, 0x544A, 0x4C2A, 0x43E9, 0x43C8,
  0x43A7, 0x43A7, 0x43C8, 0x43C8, 0x4C09, 0x4BE8, 0x43C7, 0x3B87, 0x3366, 0x3346, 0x2B05, 0x2AE5,
  0x3305, 0x3B46, 0x3B66, 0x3B66, 0x3B66, 0x3B46, 0x3B46, 0x3B26, 0x3B26, 0x3306, 0x32E5, 0x2AE5,
  0x2AC5, 0x2AA5, 0x2AA5, 0x32C5, 0x2AA5, 0x2A84, 0x2A64, 0x2A84, 0x32C5, 0x3AC5, 0x5B68, 0x8CCE,
  0x94EF, 0x9CCF, 0x9CF0, 0xB572, 0xB593, 0xC5F4, 0xC5F4, 0xC5D4, 0xC5F5, 0xDE97, 0xDEB8, 0xDEB8,
  0xE6D8, 0xD697, 0xCE36, 0xD657, 0xD657, 0xD678, 0xDE98, 0xDE98, 0xDEB9, 0xE6FA, 0xEF1A, 0xEEFA,
  0xE698, 0xDE77, 0xE6D9, 0xFF7C, 0xFF9C, 0xFF7C, 0xF75B, 0xF75B, 0xF77B, 0xF77B, 0xFF7C, 0xFF7C,
  0xF77C, 0xF77C, 0xFF7C, 0xFF7C, 0xFF7C, 0xFF9C, 0xDE98, 0xBD94, 0xC5D5, 0xEEF9, 0xFF9C, 0xFF9C,
  0xFF9C, 0xF77B, 0xEF3A, 0xF77B, 0xFF9C, 0xF75B, 0xF75B, 0xF77B, 0xF77B, 0xF77B, 0xFFBC, 0xD5F4,
  0x7A66, 0xA308, 0xBB8A, 0xBBA9, 0xBB69, 0xB369, 0xB369, 0xB348, 0xB369, 0xBBAA, 0xBBAA, 0xB389,
  0xAB48, 0xA328, 0x9307, 0x8286, 0x7247, 0x72E9, 0xB553, 0xE6B8, 0xE6D9, 0xEF3B, 0xFF9D, 0xFF7D,
  0xF77C, 0xF77C, 0xF75C, 0xF75C, 0xF75C, 0xEF3C, 0xEF3B, 0xEF3B, 0xEF1B, 0xE6FA, 0xE6FA, 0xDEB9,
  0xD678, 0xDE78, 0xDE98, 0xF75C, 0xF77C, 0xF75C, 0xF75C, 0xEF3B, 0xE6FA, 0xE6FA, 0xEF1B, 0xEF3B,
  0xF75C, 0xF77C, 0xF75B, 0xF75C, 0xF77C, 0xEF3B, 0xE6FA, 0xEF3B, 0xF75B, 0xEF1B, 0xEF1A, 0xEF3A,
  0xD657, 0xCE36, 0xEF1A, 0xEEF9, 0xEED9, 0xE6B8, 0xE6D8, 0xE6B9, 0xE6B8, 0xE6B8, 0xE6F9, 0xFFDE,
  0x43A7, 0x4BE7, 0x5C69, 0x5449, 0x5449, 0x5C89, 0x64CA, 0x6D0C, 0x7D4D, 0x858E, 0x8DCF, 0x95F0,
  0xA631, 0xB673, 0xBED4, 0xCF36, 0xD777, 0xDF98, 0xDF98, 0xD777, 0xC756, 0xAED4, 0x9611, 0x7DAF,
  0x6D4D, 0x652D, 0x5D0C, 0x5CEC, 0x5D0C, 0x5D0C, 0x5D0C, 0x5CEC, 0x54CB, 0x5CEB, 0x5CCB, 0x5CCB,
  0x5CCB, 0x54CB, 0x54EB, 0x54CC, 0x54CC, 0x5CEC, 0x5CEC, 0x54CB, 0x54CB, 0x5CEC, 0x5CEC, 0x5CEC,
  0x5D0C, 0x654D, 0x6D4D, 0x758E, 0x7DCF, 0x8E11, 0x9E72, 0xAED4, 0xB6D4, 0xBF16, 0xCF98, 0xC757,
  0xAE73, 0x9611, 0x85B0, 0x752E, 0x64ED, 0x5C6B, 0x542A, 0x4C09, 0x43C8, 0x43A8, 0x3B88, 0x3BA8,
  0x3B87, 0x3B87, 0x43C8, 0x43C8, 0x43E8, 0x43A7, 0x3B87, 0x3B46, 0x3346, 0x3346, 0x2B05, 0x2AE5,
  0x2AC4, 0x2AE5, 0x3305, 0x3305, 0x3305, 0x3305, 0x3326, 0x3306, 0x3326, 0x3B26, 0x3306, 0x2AC5,
  0x2AC5, 0x2AA5, 0x2AA4, 0x2AA5, 0x2AA4, 0x2A64, 0x2A84, 0x2A84, 0x32A5, 0x32C5, 0x3AC5, 0x5B89,
  0x84AE, 0x94AF, 0x9CAF, 0xA511, 0xB593, 0xBDD4, 0xC5D4, 0xBDB3, 0xCE15, 0xDE97, 0xDEB7, 0xDEB7,
  0xD677, 0xCE16, 0xCE36, 0xD657, 0xD657, 0xD678, 0xDE98, 0xE6B9, 0xE6FA, 0xEEFA, 0xE6FA, 0xE6D9,
  0xDE78, 0xD677, 0xE6F9, 0xF77B, 0xF77C, 0xF77B, 0xF77B, 0xF77B, 0xF77B, 0xF77B, 0xFF7C, 0xFF7C,
  0xF77C, 0xF77C, 0xFF7C, 0xFF7C, 0xFF7C, 0xFF9C, 0xE6B9, 0xC5B4, 0xC5D5, 0xE6B8, 0xFF9C, 0xFF7C,
  0xFF9C, 0xFFBC, 0xF75B, 0xEF3A, 0xFF7C, 0xF77B, 0xF75B, 0xF75B, 0xF77B, 0xF77B, 0xFFBC, 0xD5F4,
  0x7A66, 0x9AE8, 0xB369, 0xBBAA, 0xBB89, 0xB369, 0xB389, 0xB369, 0xB369, 0xB369, 0xB369, 0xB369,
  0xAB49, 0xAB48, 0x9B07, 0x92C7, 0x7A67, 0xA44E, 0xD5F5, 0xCDF5, 0xCDF5, 0xCE15, 0xDEB8, 0xF77C,
  0xF77C, 0xF77C, 0xF75C, 0xF75C, 0xF75B, 0xEF3B, 0xEF3B, 0xEF1B, 0xE6FA, 0xE6DA, 0xE6D9, 0xDE99,
  0xD678, 0xDE99, 0xEF1B, 0xFF7C, 0xFF7C, 0xF77C, 0xF75C, 0xEF3B, 0xE6FA, 0xE71A, 0xEF1B, 0xEF3B,
  0xF75B, 0xF75B, 0xF75C, 0xF75C, 0xF75C, 0xEF3B, 0xE6DA, 0xEF3B, 0xF75C, 0xEF1B, 0xEF1A, 0xEF1A,
  0xCE16, 0xDE97, 0xEF1A, 0xE6D9, 0xE6B8, 0xE6B8, 0xE6B8, 0xE6D9, 0xE698, 0xE698, 0xE6B9, 0xFFDE,
  0x5C47, 0x6CC7, 0x7508, 0x74E8, 0x6CA8, 0x64A8, 0x6CCA, 0x6CEB, 0x6CEC, 0x754D, 0x7D6E, 0x858E,
  0x8DAF, 0x9DF0, 0xA672, 0xAEB3, 0xBED4, 0xCF36, 0xD797, 0xDFB8, 0xD797, 0xD777, 0xC716, 0xA673,
  0x9611, 0x85D0, 0x756E, 0x652D, 0x652D, 0x5D0C, 0x5D0C, 0x5CEC, 0x5CCB, 0x5CCB, 0x54CB, 0x54CB,
  0x54CB, 0x5CEC, 0x5CEC, 0x5CEC, 0x5CEC, 0x5CEC, 0x5CEC, 0x5CEB, 0x5CEC, 0x5CEC, 0x5CEB, 0x5D0C,
  0x654D, 0x756E, 0x7DAF, 0x8E11, 0xA693, 0xAED4, 0xBEF5, 0xC756, 0xC736, 0xC736, 0xBF15, 0x9E52,
  0x7D8F, 0x754E, 0x6D4E, 0x64EC, 0x548B, 0x4C2A, 0x43A8, 0x3B87, 0x3B67, 0x3B67, 0x3B67, 0x3B67,
  0x3B67, 0x43C8, 0x4C09, 0x4C09, 0x4BC8, 0x3B46, 0x3305, 0x2B05, 0x3306, 0x3347, 0x2B06, 0x2AC5,
  0x22A4, 0x2AC4, 0x2AC5, 0x2AC5, 0x2AC5, 0x2AE5, 0x2AE5, 0x2B06, 0x3306, 0x3326, 0x3306, 0x32E5,
  0x3B27, 0x3B26, 0x2AA4, 0x2A84, 0x2A84, 0x2264, 0x2264, 0x2A84, 0x2AA4, 0x2A84, 0x2A85, 0x3AA6,
  0x63CB, 0x8C8E, 0x94AF, 0x9CD0, 0xAD52, 0xB592, 0xBDB3, 0xC5D3, 0xCE35, 0xD696, 0xD697, 0xCE56,
  0xC615, 0xCE16, 0xCE36, 0xCE37, 0xD657, 0xD677, 0xDE98, 0xE6D9, 0xE6FA, 0xE6FA, 0xE6F9, 0xE6B9,
  0xDE77, 0xD677, 0xE6F9, 0xF77B, 0xF77B, 0xF77B, 0xF77B, 0xF77B, 0xF77B, 0xF77B, 0xF77C, 0xF77C,
  0xFF7C, 0xF77C, 0xFF7C, 0xFF7C, 0xFF7C, 0xFF9C, 0xEEFA, 0xC5D5, 0xCDF5, 0xDE98, 0xFF7B, 0xFF7C,
  0xFF9C, 0xFF9C, 0xFF9C, 0xF75B, 0xF75B, 0xF77B, 0xF77B, 0xFF9C, 0xFFBC, 0xF79C, 0xFFDD, 0xC573,
  0x7A66, 0x9AE8, 0xAB49, 0xB369, 0xB369, 0xB369, 0xB369, 0xB369, 0xB369, 0xB38A, 0xB38A, 0xB3AA,
  0xB38A, 0xB389, 0xA389, 0x9328, 0xBCD0, 0xEE97, 0xD636, 0xCE14, 0xCDF4, 0xCDF4, 0xC5F4, 0xE6F9,
  0xFF9C, 0xF75C, 0xF77C, 0xEF3B, 0xEF3B, 0xEF1B, 0xE6FA, 0xE6FA, 0xE6FA, 0xE6D9, 0xDEB9, 0xDE78,
  0xDEB9, 0xF73B, 0xFF9D, 0xFF7C, 0xF77C, 0xF77C, 0xF75C, 0xEF1B, 0xE71A, 0xE6FA, 0xEF1B, 0xEF3B,
  0xEF3B, 0xF75B, 0xF75B, 0xEF5B, 0xEF3B, 0xEF1A, 0xE6DA, 0xF73B, 0xF75C, 0xEF1A, 0xEF3A, 0xE6B9,
  0xC5D5, 0xE6B8, 0xE6F9, 0xE6D9, 0xE6B8, 0xDE98, 0xE6B8, 0xE6B8, 0xDE98, 0xDE77, 0xDEB8, 0xFFDE,
  0x7D05, 0x8545, 0x8586, 0x8586, 0x8567, 0x7D47, 0x7D69, 0x7D4A, 0x750B, 0x6D0C, 0x750D, 0x752D,
  0x7D6D, 0x85CF, 0x9631, 0x9E51, 0xA672, 0xAE93, 0xBEF4, 0xCF56, 0xD798, 0xDF98, 0xDF98, 0xCF57,
  0xC716, 0xB6D4, 0xA652, 0x8E11, 0x7DAF, 0x758E, 0x652D, 0x650C, 0x5CEC, 0x5CEC, 0x5D0C, 0x5D0C,
  0x652D, 0x650C, 0x5D0C, 0x5D0C, 0x5D0C, 0x5D0C, 0x5D0C, 0x5D0C, 0x652D, 0x652D, 0x6D2D, 0x758F,
  0x8E11, 0x9652, 0xA6B4, 0xB6F5, 0xBF15, 0xC736, 0xCF57, 0xC756, 0xB6F5, 0x9E73, 0x85D0, 0x756E,
  0x6D2D, 0x650D, 0x64EC, 0x5CAB, 0x4C2A, 0x43A8, 0x3B67, 0x3B47, 0x3306, 0x3306, 0x3326, 0x3326,
  0x3B67, 0x5429, 0x754D, 0x752D, 0x4BE8, 0x3B46, 0x2AE5, 0x2AC5, 0x2AC5, 0x2AE5, 0x2AE5, 0x22A4,
  0x2284, 0x2284, 0x2AA5, 0x22A5, 0x22A5, 0x22A4, 0x2AC5, 0x2AC5, 0x2AC5, 0x3306, 0x2AC5, 0x3306,
  0x646C, 0x4388, 0x2AC5, 0x32A5, 0x2AA5, 0x2264, 0x2243, 0x2243, 0x2264, 0x2A64, 0x2A64, 0x32A5,
  0x3AC6, 0x6BEB, 0x8C8F, 0x94AF, 0x9CD0, 0xAD51, 0xAD72, 0xBDD3, 0xCE55, 0xD676, 0xC635, 0xC5F4,
  0xC5F5, 0xC615, 0xC616, 0xCE36, 0xCE36, 0xD677, 0xDED9, 0xE6F9, 0xE6F9, 0xE6D9, 0xE6D9, 0xDE98,
  0xD657, 0xD677, 0xE6F9, 0xF75B, 0xF75B, 0xF77B, 0xF77B, 0xF77B, 0xF77B, 0xF77B, 0xF77B, 0xF77C,
  0xFF7C, 0xFF7C, 0xFF7C, 0xFF7C, 0xFF7C, 0xFF9C, 0xF73B, 0xCE16, 0xCE16, 0xDE98, 0xEF3A, 0xFF7C,
  0xFF9C, 0xFF9C, 0xFF9C, 0xFF9C, 0xF75B, 0xEF3B, 0xF75B, 0xFF7C, 0xFF9C, 0xFF9C, 0xFF7B, 0x9C0D,
  0x7A66, 0x92E8, 0xAB49, 0xB38A, 0xB38A, 0xB38A, 0xB38A, 0xB3AA, 0xB38A, 0xB389, 0xBBAA, 0xBBCA,
  0xBBCA, 0xB3A9, 0xA38A, 0xCD51, 0xFF7A, 0xF719, 0xDE97, 0xD635, 0xCE14, 0xCE15, 0xCDF5, 0xE6D8,
  0xF77C, 0xF75B, 0xEF3B, 0xEF3B, 0xEF1A, 0xE6DA, 0xE6DA, 0xE6DA, 0xE6D9, 0xE6D9, 0xE6FA, 0xEF1B,
  0xF77C, 0xFF9C, 0xFF7C, 0xFF7C, 0xF77C, 0xF75C, 0xF75B, 0xEF1B, 0xE6FA, 0xE6FA, 0xE71A, 0xEF1B,
  0xEF3B, 0xF75B, 0xF75B, 0xEF3B, 0xEF1B, 0xEF1A, 0xE6DA, 0xF73B, 0xF75B, 0xEF1A, 0xEF1A, 0xDE77,
  0xCDF5, 0xE6D9, 0xE6D9, 0xE6D9, 0xE6B8, 0xDE98, 0xE6B8, 0xE6B8, 0xDE77, 0xD657, 0xDE98, 0xFFBD,
  0x6C83, 0x6CA3, 0x74C3, 0x7D04, 0x7D24, 0x8545, 0x8DA7, 0x8DA7, 0x8568, 0x7529, 0x750B, 0x750C,
  0x6D0C, 0x754D, 0x85CF, 0x8DD0, 0x95F0, 0x9E31, 0x9E31, 0xAE93, 0xBEF5, 0xCF77, 0xD798, 0xDF98,
  0xDF98, 0xD778, 0xCF57, 0xCF36, 0xB6D4, 0xA693, 0x9631, 0x8DF0, 0x85AF, 0x7D8F, 0x7D8F, 0x7D8F,
  0x7DAF, 0x7D8F, 0x756E, 0x754E, 0x756E, 0x756E, 0x756E, 0x7D8F, 0x85CF, 0x85D0, 0x9631, 0xAEB4,
  0xB6D4, 0xBF15, 0xBF36, 0xC777, 0xC757, 0xC756, 0xB6D5, 0x9E32, 0x858F, 0x754E, 0x6D0D, 0x64EC,
  0x64EC, 0x64EC, 0x5CCC, 0x544A, 0x43C9, 0x3B67, 0x3B47, 0x3307, 0x2AC5, 0x2AC5, 0x2AE5, 0x2AE5,
  0x3346, 0x544A, 0x8DF0, 0x858F, 0x43A7, 0x32E4, 0x2AA5, 0x22A5, 0x2284, 0x2284, 0x22A5, 0x2284,
  0x2264, 0x1A43, 0x2264, 0x2285, 0x2284, 0x2284, 0x22A4, 0x2284, 0x2AA5, 0x2AE5, 0x2AC5, 0x3306,
  0x4388, 0x3306, 0x32E6, 0x32C6, 0x2A84, 0x2244, 0x2243, 0x2243, 0x2243, 0x2264, 0x2264, 0x2A85,
  0x3285, 0x42E7, 0x740C, 0x8C8E, 0x8C8F, 0x9CF0, 0xAD72, 0xC614, 0xC634, 0xC634, 0xB5B3, 0xBDB4,
  0xBDF5, 0xC5F5, 0xC5F5, 0xC636, 0xCE57, 0xDEB8, 0xDED8, 0xE6D8, 0xE6D8, 0xDEB8, 0xDE98, 0xD657,
  0xD636, 0xD657, 0xE6F9, 0xF75B, 0xF75B, 0xF75B, 0xF77B, 0xF77B, 0xF77B, 0xF77B, 0xF77B, 0xF77B,
  0xF77B, 0xF77B, 0xF77C, 0xF77C, 0xF77C, 0xFF7C, 0xF77C, 0xD657, 0xCE16, 0xDE98, 0xEF1A, 0xF75B,
  0xFF7C, 0xFF7C, 0xFF7C, 0xFF9C, 0xFF7C, 0xF75B, 0xF73B, 0xF73B, 0xF77B, 0xFF9C, 0xEED9, 0x8B4A,
  0x8AC8, 0xA329, 0xAB6A, 0xB38A, 0xB38A, 0xB38A, 0xB3AA, 0xB38A, 0xB38A, 0xB3AA, 0xBBAA, 0xBBCB,
  0xBBEB, 0xABCA, 0xD5D3, 0xFFBC, 0xFF9B, 0xF75A, 0xEEF8, 0xE6B7, 0xDE77, 0xD636, 0xD636, 0xEEF9,
  0xF77C, 0xF77C, 0xEF3B, 0xEF1B, 0xE6DA, 0xE6D9, 0xE6DA, 0xEEFA, 0xEF1B, 0xF73B, 0xFF7C, 0xFF7C,
  0xF77C, 0xF77C, 0xF75C, 0xF75C, 0xF75C, 0xF75B, 0xEF5B, 0xEF1B, 0xE6FA, 0xEEFB, 0xE6FA, 0xEF1A,
  0xEF3B, 0xF75C, 0xF75B, 0xEF1B, 0xEF3B, 0xEF1A, 0xE6DA, 0xEF3B, 0xF75B, 0xEF1A, 0xEEFA, 0xCE16,
  0xCE16, 0xEED9, 0xE6D9, 0xE6B8, 0xE6B8, 0xDE98, 0xE698, 0xDE98, 0xD657, 0xD656, 0xD657, 0xFFBD,
  0x6442, 0x6442, 0x6463, 0x6CA3, 0x6CA3, 0x74C3, 0x7503, 0x7D23, 0x8565, 0x8567, 0x8548, 0x750A,
  0x6CEB, 0x6CEC, 0x7D6E, 0x85AF, 0x85AF, 0x8DCF, 0x8DF0, 0x95F1, 0x9E32, 0xB6B4, 0xBEF5, 0xC716,
  0xD757, 0xDF98, 0xDFB9, 0xDF99, 0xD778, 0xD777, 0xCF56, 0xC736, 0xBED5, 0xB6B4, 0xB6B4, 0xAE94,
  0xB6B4, 0xB6B4, 0xB6B4, 0xAE73, 0xA673, 0xAE93, 0xAEB4, 0xB6F5, 0xAEB4, 0xB6D4, 0xBF15, 0xC756,
  0xC756, 0xCF77, 0xC777, 0xBF16, 0xAEB4, 0x9E12, 0x856F, 0x750D, 0x64CC, 0x5CAC, 0x5CCC, 0x5CCC,
  0x64CC, 0x5CCC, 0x544A, 0x4C09, 0x43A8, 0x3B47, 0x32E6, 0x2AC5, 0x22A5, 0x2AA5, 0x2AA5, 0x2AC5,
  0x3306, 0x43A8, 0x64AB, 0x5C8B, 0x3B46, 0x2AA4, 0x2264, 0x1A64, 0x1A64, 0x2264, 0x2284, 0x2264,
  0x1A23, 0x2244, 0x2A85, 0x1A44, 0x2264, 0x2284, 0x2284, 0x2284, 0x2AA4, 0x22A4, 0x22A4, 0x2AA5,
  0x2AC5, 0x32C5, 0x2AC5, 0x2AA5, 0x2264, 0x2243, 0x2244, 0x2244, 0x2243, 0x2244, 0x2264, 0x2264,
  0x2A64, 0x2A64, 0x4307, 0x742C, 0x8CAE, 0x94CF, 0xAD51, 0xBDF3, 0xBDF3, 0xB5B3, 0xB5B3, 0xB5B4,
  0xB5D4, 0xBDD4, 0xC5F5, 0xCE56, 0xD677, 0xDE97, 0xDEB8, 0xDEB8, 0xDEB8, 0xDEB8, 0xD677, 0xD657,
  0xD636, 0xD657, 0xE6D9, 0xF73A, 0xF75B, 0xF75B, 0xF77B, 0xF77B, 0xF77B, 0xF77B, 0xF77B, 0xF75B,
  0xF75B, 0xF75B, 0xF75B, 0xF75B, 0xF77C, 0xFF7C, 0xFF7C, 0xDE98, 0xCE16, 0xDE98, 0xEF1A, 0xF75B,
  0xFF7C, 0xFF9C, 0xFF7C, 0xFF7C, 0xFF7C, 0xFF7C, 0xF75B, 0xEF1A, 0xF73B, 0xFF9C, 0xE6B9, 0x8B2A,
  0x9308, 0xAB6A, 0xB36A, 0xB38A, 0xAB69, 0xB369, 0xB38A, 0xB3AA, 0xB389, 0xB369, 0xB38A, 0xB3AA,
  0xABEB, 0xE615, 0xFFBB, 0xFF9C, 0xF79C, 0xF75B, 0xEF19, 0xE6D8, 0xE6B8, 0xDE98, 0xE6D9, 0xEF3A,
  0xF77C, 0xF77C, 0xEF3B, 0xE6FA, 0xE6FA, 0xEF1B, 0xF75C, 0xFF7C, 0xFF9C, 0xFF9D, 0xFF7C, 0xF75C,
  0xF75C, 0xF75C, 0xF75B, 0xF75B, 0xEF5B, 0xEF5B, 0xEF3B, 0xEF1B, 0xE71B, 0xEF1B, 0xEF1B, 0xEEFA,
  0xEF3B, 0xF75B, 0xEF3B, 0xEF3B, 0xF73B, 0xEF1B, 0xE6DA, 0xEF3B, 0xF75B, 0xEF1A, 0xE6D9, 0xCDF5,
  0xDE98, 0xEED9, 0xE6B8, 0xE6B8, 0xE6B8, 0xDE98, 0xDE98, 0xD657, 0xD657, 0xCDF5, 0xCE16, 0xFFBD,
  0x5C22, 0x5C22, 0x6423, 0x6423, 0x5C22, 0x5C22, 0x6462, 0x6CA3, 0x74E4, 0x7D04, 0x8566, 0x8548,
  0x6D09, 0x6CEB, 0x752D, 0x756E, 0x756D, 0x756D, 0x7D6E, 0x7D8E, 0x85AF, 0x85D0, 0x95F1, 0x9611,
  0xAE53, 0xB6D4, 0xC736, 0xCF57, 0xD798, 0xDF98, 0xDF98, 0xDF98, 0xDF78, 0xDF78, 0xDF78, 0xDF77,
  0xDF77, 0xD757, 0xD777, 0xD757, 0xD757, 0xCF57, 0xCF57, 0xCF57, 0xC736, 0xC736, 0xC756, 0xBF16,
  0xAEB4, 0xA673, 0x9611, 0x7D6F, 0x6CED, 0x64CC, 0x5CAC, 0x5C6B, 0x5C8B, 0x5C8B, 0x5C8B, 0x5C8B,
  0x544A, 0x542A, 0x4C09, 0x3B88, 0x3B47, 0x3307, 0x2AC6, 0x2285, 0x2285, 0x22A5, 0x22A5, 0x22A5,
  0x22A5, 0x2AC5, 0x3326, 0x3326, 0x2AC5, 0x2264, 0x1A44, 0x1A44, 0x2244, 0x2244, 0x2244, 0x1A24,
  0x4308, 0xB675, 0xC6D7, 0x538A, 0x1A03, 0x2264, 0x2264, 0x2264, 0x2284, 0x2284, 0x2284, 0x2284,
  0x2284, 0x2284, 0x2264, 0x1A44, 0x1A23, 0x19E3, 0x11C2, 0x2203, 0x2223, 0x2244, 0x2244, 0x2244,
  0x2264, 0x2A84, 0x2A85, 0x4B48, 0x846D, 0x8C8E, 0xA530, 0xADB2, 0xADB2, 0xAD72, 0xAD93, 0xAD93,
  0xAD93, 0xB593, 0xC615, 0xCE56, 0xD677, 0xD677, 0xD677, 0xD697, 0xDE97, 0xD677, 0xD677, 0xD656,
  0xD636, 0xD636, 0xE6B8, 0xEF3A, 0xF73A, 0xF75A, 0xF75B, 0xF77B, 0xF75B, 0xF75B, 0xF75B, 0xF75B,
  0xF75B, 0xF77B, 0xF75B, 0xF75B, 0xF77B, 0xF77C, 0xFF9C, 0xEEFA, 0xCE37, 0xDE98, 0xF73A, 0xF75B,
  0xF75B, 0xF77B, 0xF77B, 0xF77B, 0xFF7C, 0xFF7C, 0xF77C, 0xF75B, 0xEF3B, 0xF75B, 0xFF5C, 0xCD94,
  0x8B0A, 0xA34A, 0xAB8A, 0xB3AB, 0xB38A, 0xB38A, 0xAB69, 0xB38A, 0xB3AA, 0xB38A, 0xAB8A, 0xA38A,
  0xDDD4, 0xFF9C, 0xF79C, 0xF79C, 0xFF7C, 0xF77B, 0xF75B, 0xEEF9, 0xE6D9, 0xEEF9, 0xE6D9, 0xF75B,
  0xF75C, 0xEF5B, 0xEF5B, 0xF75C, 0xFF7C, 0xFF9D, 0xFF9D, 0xFF9D, 0xFF7C, 0xFF7C, 0xF77C, 0xF75C,
  0xF75C, 0xF75B, 0xEF3B, 0xEF3B, 0xEF3B, 0xEF3B, 0xEF3B, 0xEF1B, 0xE71B, 0xEF1B, 0xEF3B, 0xEF1B,
  0xEF3B, 0xF75B, 0xF75B, 0xEF3B, 0xEF1B, 0xEF1B, 0xE6FA, 0xEF3B, 0xF75B, 0xEF1A, 0xDEB8, 0xC5D5,
  0xE6B8, 0xE6D9, 0xE6B8, 0xDE77, 0xDE77, 0xDE97, 0xDE97, 0xD657, 0xD657, 0xC5B4, 0xCE16, 0xFFDE,
  0x53E2, 0x53E2, 0x53C2, 0x5BE2, 0x5BE2, 0x5C23, 0x6463, 0x6C83, 0x6CA3, 0x6CC3, 0x74E4, 0x8566,
  0x7D67, 0x752A, 0x6D0C, 0x6CEC, 0x6D2C, 0x6D2C, 0x6D4D, 0x756D, 0x756E, 0x754E, 0x7D8E, 0x7D8F,
  0x858F, 0x8DD0, 0x9611, 0x9E32, 0xAE94, 0xB6D4, 0xBEF5, 0xC716, 0xCF37, 0xCF37, 0xCF57, 0xCF37,
  0xCF36, 0xCF36, 0xD757, 0xD757, 0xC6F6, 0xBEF5, 0xBEB5, 0xB6B5, 0xAE94, 0x9E32, 0x9611, 0x8DD0,
  0x752E, 0x64CC, 0x5C8B, 0x546A, 0x546A, 0x546B, 0x544A, 0x544B, 0x5C6B, 0x5C6B, 0x544A, 0x4BE9,
  0x3B87, 0x3B47, 0x3B67, 0x3327, 0x2AE6, 0x2AA6, 0x2285, 0x2285, 0x2285, 0x2285, 0x2285, 0x2264,
  0x2264, 0x2264, 0x2264, 0x2284, 0x2264, 0x2244, 0x1A24, 0x1A24, 0x1A24, 0x1A24, 0x2244, 0x11C3,
  0x9551, 0xFFFF, 0xFFFE, 0x8D10, 0x19E3, 0x2264, 0x2244, 0x2264, 0x2264, 0x2264, 0x1A23, 0x11E2,
  0x19E2, 0x1A03, 0x2203, 0x2A44, 0x3265, 0x3AA7, 0x536A, 0x2A65, 0x1A03, 0x2203, 0x2223, 0x2244,
  0x2244, 0x2A64, 0x2A84, 0x32A5, 0x5B89, 0x846D, 0x9D10, 0xA572, 0xA551, 0xA552, 0xA552, 0xAD52,
  0xAD72, 0xB5B4, 0xC636, 0xCE56, 0xCE56, 0xCE56, 0xCE56, 0xD657, 0xD657, 0xD657, 0xD656, 0xD656,
  0xCE15, 0xD636, 0xDE98, 0xEF19, 0xEF3A, 0xF75A, 0xF73A, 0xF75A, 0xF75B, 0xF75B, 0xF75B, 0xF75B,
  0xF75B, 0xF75B, 0xF75B, 0xF75B, 0xF75B, 0xF77B, 0xFF7C, 0xEF3B, 0xDE78, 0xDE98, 0xEF3B, 0xF75B,
  0xF75B, 0xF75B, 0xF75B, 0xF77B, 0xF77C, 0xF77C, 0xF77C, 0xF77C, 0xF75C, 0xF73B, 0xF75B, 0xFFBD,
  0xCDD5, 0x936B, 0xAB6A, 0xB3AA, 0xB38A, 0xB38A, 0xB3AA, 0xB38A, 0xB38A, 0xABAA, 0x9B8A, 0xCD73,
  0xFF9C, 0xFF7C, 0xFF9C, 0xFF9C, 0xF77C, 0xF75B, 0xF75B, 0xF75B, 0xEF3A, 0xE6B9, 0xE6D9, 0xF75B,
  0xF75B, 0xF77C, 0xFF9C, 0xFF9D, 0xFF9D, 0xFF7D, 0xF77C, 0xFF7C, 0xF77C, 0xF77C, 0xF75C, 0xF75C,
  0xEF3B, 0xEF3B, 0xEF3B, 0xEF3B, 0xEF3B, 0xEF3B, 0xEF3B, 0xE71B, 0xE71B, 0xEF1B, 0xF73B, 0xEF3B,
  0xEF3B, 0xF75B, 0xEF5B, 0xEF1B, 0xE6FA, 0xEF1B, 0xEF1B, 0xEF1B, 0xF73B, 0xEEFA, 0xD637, 0xC5D5,
  0xE6B8, 0xE6D9, 0xDE98, 0xDE77, 0xDE77, 0xDE97, 0xD656, 0xD636, 0xCE15, 0xBD93, 0xCE36, 0xFFDE,
  0x53C2, 0x53C1, 0x53E1, 0x53C1, 0x53E2, 0x5C02, 0x5C22, 0x5C22, 0x6442, 0x6462, 0x6CA3, 0x7D04,
  0x7D46, 0x7D49, 0x6CEB, 0x64EC, 0x64EC, 0x650D, 0x6D0D, 0x650C, 0x6D0C, 0x6D0D, 0x752D, 0x752D,
  0x752D, 0x754E, 0x7D6E, 0x7D6E, 0x858F, 0x85AF, 0x858F, 0x8DB0, 0x95F1, 0x95F1, 0x95F1, 0x95D0,
  0x95F1, 0x95D0, 0x8DB0, 0x8DB0, 0x856F, 0x7D4E, 0x750D, 0x74ED, 0x6CED, 0x64AC, 0x5C8C, 0x5C8C,
  0x5C6B, 0x544A, 0x544A, 0x4C4A, 0x4C2A, 0x544A, 0x5C6B, 0x5C6B, 0x4BE9, 0x3BA8, 0x3347, 0x3306,
  0x2B06, 0x2AC5, 0x2AC5, 0x2AC6, 0x2AA6, 0x2285, 0x2265, 0x2265, 0x2285, 0x2265, 0x2264, 0x2264,
  0x1A24, 0x1A24, 0x1A44, 0x2244, 0x2244, 0x2244, 0x1A24, 0x1A23, 0x1A03, 0x1A03, 0x1A24, 0x11C3,
  0x5B6A, 0xCED8, 0xB635, 0x3266, 0x1162, 0x19C3, 0x1A03, 0x2244, 0x2244, 0x1A03, 0x32A6, 0x6C2C,
  0x84AF, 0x9D51, 0xB5F4, 0xCE76, 0xE739, 0xF79B, 0xFFFD, 0x5349, 0x11C2, 0x2224, 0x2224, 0x2243,
  0x2244, 0x2A64, 0x2A84, 0x2A64, 0x3AA6, 0x742C, 0x9510, 0x9D31, 0x9D31, 0xA531, 0xA532, 0xA531,
  0xAD72, 0xC615, 0xC615, 0xC615, 0xC616, 0xCE36, 0xCE36, 0xCE36, 0xCE36, 0xCE36, 0xCE36, 0xCE35,
  0xCE15, 0xCE35, 0xDE97, 0xE6F9, 0xEF19, 0xEF3A, 0xEF3A, 0xEF3A, 0xEF3A, 0xEF3A, 0xEF3A, 0xF73A,
  0xF75A, 0xF73A, 0xF75A, 0xF75B, 0xF75B, 0xF75B, 0xF77C, 0xF75C, 0xE6B9, 0xDE78, 0xEF1A, 0xF75B,
  0xF75B, 0xF75B, 0xF75B, 0xF75B, 0xF75B, 0xF75B, 0xF75C, 0xF77C, 0xF75B, 0xF75B, 0xF75B, 0xF77B,
  0xFFBD, 0xCD73, 0x9B4A, 0xABAA, 0xB3AB, 0xB3AA, 0xBBCB, 0xB3CB, 0xB3CB, 0x9B6A, 0xC510, 0xFF9B,
  0xF79C, 0xF79C, 0xFF7C, 0xFF7C, 0xF77C, 0xF77B, 0xF77B, 0xEF3A, 0xDE98, 0xE6B9, 0xF75B, 0xF77C,
  0xFF9C, 0xFF9D, 0xFF9C, 0xFF9C, 0xFF9C, 0xF77C, 0xF77C, 0xF77C, 0xF75C, 0xF75C, 0xF75B, 0xEF3B,
  0xEF1B, 0xEF1B, 0xEF1B, 0xEF1B, 0xEF1B, 0xEF3B, 0xEF3B, 0xE71B, 0xE73B, 0xEF5C, 0xF75C, 0xEF3B,
  0xEF3B, 0xF75B, 0xEF3B, 0xEF1A, 0xE6FA, 0xEF1B, 0xEF1B, 0xEF1B, 0xEF3B, 0xE6D9, 0xC5D5, 0xCDF5,
  0xE6B8, 0xE6B8, 0xD657, 0xDE77, 0xDE98, 0xDE77, 0xCE16, 0xCE16, 0xBD93, 0xBD93, 0xD657, 0xFFBD,
  0x5402, 0x5402, 0x5C02, 0x53E1, 0x4BC1, 0x53E1, 0x5401, 0x5C02, 0x5C22, 0x6442, 0x6C83, 0x6CA4,
  0x74E4, 0x7D07, 0x7509, 0x64CB, 0x5CAB, 0x5CAB, 0x5CCB, 0x64EC, 0x64CB, 0x64CC, 0x6CEC, 0x6CEC,
  0x6D2D, 0x6D2D, 0x6D2D, 0x6D2D, 0x6D4D, 0x6D2D, 0x6D0C, 0x6D0D, 0x6D0D, 0x6D0D, 0x6CEC, 0x64CC,
  0x64CC, 0x64AC, 0x5C6B, 0x542A, 0x542A, 0x4C2A, 0x4BE9, 0x43E9, 0x43C9, 0x43E9, 0x4BE9, 0x4BEA,
  0x43C9, 0x43C9, 0x43E9, 0x4C0A, 0x4C2A, 0x544A, 0x542A, 0x3B88, 0x2B06, 0x2AC5, 0x2AC5, 0x2AC5,
  0x2AA6, 0x2AA5, 0x2285, 0x2285, 0x2285, 0x2265, 0x1A65, 0x2265, 0x2244, 0x2244, 0x1A24, 0x1A03,
  0x1A03, 0x1A24, 0x19E3, 0x19C2, 0x19C3, 0x11A2, 0x11E3, 0x1A03, 0x19E3, 0x11A2, 0x19C3, 0x21E4,
  0x29E4, 0x4287, 0x5B29, 0x63CB, 0x742D, 0x9531, 0x5BAB, 0x19E3, 0x2244, 0x11A2, 0x7C8E, 0xFFFE,
  0xFFFD, 0xFFFD, 0xFFFD, 0xFFFD, 0xEF9B, 0xC656, 0xA572, 0x3A86, 0x11C2, 0x2204, 0x2224, 0x1A23,
  0x2223, 0x2244, 0x2264, 0x2284, 0x2A64, 0x5B8A, 0x8CEF, 0x950F, 0x9510, 0x9D10, 0x9D11, 0xA552,
  0xB5B4, 0xBDF5, 0xBDD4, 0xC5F5, 0xC5F5, 0xC5F5, 0xC615, 0xC615, 0xC5F5, 0xCE15, 0xCE15, 0xCE15,
  0xCE15, 0xCE35, 0xDEB7, 0xE6D8, 0xE6F9, 0xE6F9, 0xEF19, 0xEF19, 0xEF19, 0xEF19, 0xEF19, 0xEF39,
  0xEF19, 0xEF19, 0xEF3A, 0xEF3A, 0xEF5A, 0xF75B, 0xF75C, 0xF77C, 0xEF1A, 0xDE78, 0xE6FA, 0xF75B,
  0xF75B, 0xF75B, 0xF75B, 0xF75B, 0xF73B, 0xF75B, 0xF75B, 0xF75B, 0xF73B, 0xF75B, 0xF75C, 0xF75C,
  0xF77D, 0xFF5C, 0xB4AF, 0xA38A, 0xBC0C, 0xBC0C, 0xBBEB, 0xBBEC, 0xA38A, 0xAC4E, 0xF739, 0xFFBC,
  0xF79C, 0xF79C, 0xFF9C, 0xFF9D, 0xFF9C, 0xF73B, 0xE6D9, 0xD656, 0xE6B9, 0xF75B, 0xF77C, 0xFF9C,
  0xFF9C, 0xFF9C, 0xF79C, 0xF79C, 0xF77C, 0xF75C, 0xF75C, 0xF75C, 0xF73B, 0xF73B, 0xEF3B, 0xEF1B,
  0xEF1B, 0xEF1B, 0xEF1B, 0xEF1B, 0xEF3B, 0xEF3B, 0xEF3B, 0xEF3B, 0xEF5B, 0xEF5B, 0xEF5B, 0xEF3B,
  0xEF3B, 0xEF3B, 0xEF3B, 0xEF1A, 0xE6DA, 0xEF1B, 0xEF3B, 0xEF3B, 0xEF3B, 0xE6D9, 0xBD74, 0xCE16,
  0xE6D9, 0xDE77, 0xDE77, 0xDE77, 0xDE97, 0xD657, 0xCE15, 0xC5D4, 0xBD93, 0xC5D3, 0xD656, 0xFFBD,
  0x5C43, 0x5C22, 0x5C22, 0x5C02, 0x5402, 0x53E1, 0x5C02, 0x5C02, 0x5C22, 0x6443, 0x6443, 0x6463,
  0x6483, 0x6CC5, 0x6CC7, 0x64A9, 0x5C8A, 0x5CAB, 0x5C8B, 0x5CAB, 0x5CAB, 0x64CB, 0x6D0C, 0x756D,
  0x756D, 0x6D2D, 0x6D0C, 0x6D0C, 0x6D0C, 0x6D0D, 0x64EC, 0x6CEC, 0x6D0D, 0x6D0D, 0x64CC, 0x5C8B,
  0x5C4B, 0x542A, 0x540A, 0x43C9, 0x3B88, 0x3B88, 0x3B88, 0x3B67, 0x3B47, 0x3347, 0x3B47, 0x3B48,
  0x3B27, 0x3327, 0x3B68, 0x43A8, 0x43C9, 0x43A8, 0x3306, 0x2AE5, 0x22A5, 0x2285, 0x2285, 0x2285,
  0x2285, 0x2265, 0x1A44, 0x2264, 0x1A64, 0x1A64, 0x1A44, 0x1A44, 0x2224, 0x19E3, 0x19E3, 0x3286,
  0x2A65, 0x19A3, 0x4308, 0x7CAF, 0x9552, 0x7C6E, 0x3266, 0x19E3, 0x19C3, 0x5369, 0xADF4, 0xBE76,
  0xDF39, 0xDF5A, 0xE79B, 0xFFFD, 0xFFFE, 0xFFFF, 0x9551, 0x11C2, 0x2224, 0x1182, 0x8CF0, 0xFFFE,
  0xD6B8, 0x52C8, 0xBDF5, 0xFFFE, 0xA552, 0x21C3, 0x21A3, 0x1162, 0x11A2, 0x19E3, 0x1A03, 0x1A03,
  0x1A03, 0x2223, 0x2244, 0x2264, 0x2A85, 0x42E7, 0x7C8D, 0x8CEF, 0x94EF, 0x94F0, 0x94D0, 0xAD93,
  0xB5F4, 0xB5B4, 0xB5B4, 0xBDD4, 0xBDF5, 0xBDF5, 0xBDF5, 0xC5F5, 0xC5F4, 0xC615, 0xCE15, 0xCE15,
  0xC615, 0xCE15, 0xDE97, 0xE6D8, 0xE6D8, 0xE6F8, 0xE6F8, 0xE6F8, 0xE6F8, 0xE6F8, 0xE6F8, 0xEF19,
  0xEF19, 0xEEF9, 0xEEF9, 0xEEF9, 0xEF1A, 0xEF3A, 0xF75B, 0xF77C, 0xF77C, 0xE6D9, 0xDEB9, 0xF73B,
  0xF75B, 0xF75B, 0xF73B, 0xF73B, 0xF73B, 0xF73B, 0xF75B, 0xF75B, 0xF75B, 0xF75B, 0xF75B, 0xF75C,
  0xF75C, 0xF77C, 0xEED8, 0xB46D, 0xABCB, 0xBC2D, 0xBC2D, 0xB3CB, 0xA3EC, 0xEEB8, 0xFF9C, 0xF79C,
  0xFF9D, 0xFF9C, 0xF77C, 0xEF1A, 0xDE98, 0xD637, 0xCE16, 0xDEB8, 0xF77B, 0xF77B, 0xF77C, 0xFF9C,
  0xFF9C, 0xF79C, 0xF77C, 0xF77C, 0xF77C, 0xF75C, 0xEF5C, 0xEF3B, 0xEF1B, 0xEF1A, 0xEF1A, 0xEF1A,
  0xEF1A, 0xEF3B, 0xEF3B, 0xEF3B, 0xEF3B, 0xEF3B, 0xEF5C, 0xEF3B, 0xEF3B, 0xEF5B, 0xEF3B, 0xEF5B,
  0xEF3B, 0xEF3B, 0xEF3B, 0xE6FA, 0xDEB9, 0xE6D9, 0xEF3B, 0xEF3B, 0xEF1B, 0xE6D9, 0xB594, 0xD636,
  0xE6B8, 0xDE77, 0xDE98, 0xDE98, 0xDE77, 0xCE36, 0xC5F5, 0xBD93, 0xC5D4, 0xC5F4, 0xCE36, 0xFFBD,
  0x74E5, 0x74C5, 0x6CA4, 0x6C84, 0x6463, 0x6443, 0x5C22, 0x6443, 0x5C43, 0x5C43, 0x6464, 0x6464,
  0x6485, 0x64A6, 0x64A8, 0x64A9, 0x5C8A, 0x546B, 0x546A, 0x548B, 0x5CAB, 0x64AB, 0x6D2D, 0x8DF0,
  0x8E10, 0x754D, 0x64EC, 0x64CC, 0x64AB, 0x5CAB, 0x5C8B, 0x5C8B, 0x6D0D, 0x6CED, 0x5C8B, 0x544A,
  0x4BE9, 0x4BC9, 0x4388, 0x3B68, 0x3327, 0x3307, 0x3327, 0x3306, 0x2AE6, 0x2AE6, 0x2AE6, 0x32E6,
  0x32E7, 0x32E7, 0x3307, 0x2AE6, 0x2AC6, 0x2AA5, 0x22A5, 0x2285, 0x2265, 0x2265, 0x2244, 0x1A44,
  0x1A03, 0x11C3, 0x11C3, 0x11C2, 0x11E2, 0x1A24, 0x1A24, 0x1A24, 0x19C3, 0x5349, 0xB5F4, 0xDF3A,
  0xCEB7, 0xA572, 0xE77A, 0xFFFE, 0xFFFD, 0xFFFD, 0xCEB8, 0x3AA7, 0x1182, 0x9531, 0xFFFF, 0xFFFD,
  0xD719, 0xE77B, 0xFFFD, 0xE75A, 0x8CD0, 0x740D, 0x42A7, 0x19E3, 0x1A04, 0x0961, 0x84AF, 0xFFFE,
  0xDED8, 0x73AC, 0xCE77, 0xFFFD, 0xDF19, 0xC656, 0xCE97, 0x9D72, 0x3AA6, 0x19C2, 0x19E3, 0x1A03,
  0x1A03, 0x1A23, 0x2243, 0x2264, 0x2A84, 0x32A5, 0x6BEB, 0x84AE, 0x8CCE, 0x8CAF, 0x94F0, 0xAD92,
  0xB5B3, 0xB5B4, 0xB5B4, 0xB5D4, 0xB5D4, 0xB5D4, 0xBDF4, 0xBDF5, 0xC5F4, 0xC5F5, 0xC5F5, 0xC615,
  0xC615, 0xC615, 0xD677, 0xDEB7, 0xE6D7, 0xE6D7, 0xE6F8, 0xE6F8, 0xE6F7, 0xE6F8, 0xE6F8, 0xE6D8,
  0xE6D8, 0xE6F9, 0xE6F9, 0xE6F9, 0xEEF9, 0xEF1A, 0xEF3A, 0xF75B, 0xFF7C, 0xF75B, 0xE6D9, 0xE6FA,
  0xF73B, 0xF73B, 0xF73B, 0xF73B, 0xEF3A, 0xEF3A, 0xEF3A, 0xF73B, 0xF73B, 0xF75B, 0xF75B, 0xF75B,
  0xF75B, 0xEF5B, 0xFF7C, 0xEEB8, 0xB46E, 0xAC0C, 0xAC0C, 0xA3AB, 0xD5D5, 0xFF9D, 0xFF7C, 0xFF9C,
  0xF77C, 0xEEFA, 0xDE77, 0xD636, 0xCE16, 0xCE16, 0xDE98, 0xF75B, 0xF79B, 0xF79C, 0xF77C, 0xF77C,
  0xF77C, 0xF77B, 0xF75C, 0xF75B, 0xF75B, 0xEF3B, 0xEF3B, 0xEF1B, 0xE71A, 0xEF1A, 0xE71A, 0xE71A,
  0xE71A, 0xEF3B, 0xEF3B, 0xEF3B, 0xEF3B, 0xEF3B, 0xEF3B, 0xEF3B, 0xEF3B, 0xEF3B, 0xEF3B, 0xEF3B,
  0xEF1B, 0xEF1B, 0xE71B, 0xE6FA, 0xDEB9, 0xDEB9, 0xE71A, 0xEF3B, 0xEF3B, 0xDEB8, 0xB552, 0xCE16,
  0xE6B8, 0xDE98, 0xDE98, 0xDE98, 0xD657, 0xC5F5, 0xBD93, 0xBD93, 0xC5F4, 0xC5F4, 0xCE36, 0xFFBE,
  0x8549, 0x7D28, 0x8548, 0x7527, 0x7506, 0x6CE6, 0x64A5, 0x64A5, 0x6485, 0x6486, 0x6486, 0x6487,
  0x5C88, 0x64A9, 0x64AA, 0x648B, 0x5C8B, 0x4C2A, 0x4C4A, 0x546A, 0x5C8B, 0x5C8B, 0x64CC, 0x756E,
  0x85AF, 0x752D, 0x5CAB, 0x5C8B, 0x544A, 0x4C09, 0x4C09, 0x4C0A, 0x4C0A, 0x43C9, 0x43A8, 0x4388,
  0x3B68, 0x3B47, 0x3327, 0x3307, 0x2AE6, 0x2AE6, 0x2AC6, 0x2AC6, 0x22A5, 0x2285, 0x2265, 0x2285,
  0x2265, 0x2265, 0x2AA6, 0x2265, 0x1A44, 0x1A44, 0x1A24, 0x11E3, 0x11C2, 0x11A2, 0x1182, 0x19A3,
  0x42E7, 0x744D, 0x84CF, 0x84AF, 0x5B6A, 0x19E3, 0x19E3, 0x11C2, 0x4308, 0xE75A, 0xFFFD, 0xFFDC,
  0xFFFD, 0xFFFD, 0xEF9B, 0xA531, 0xD6B8, 0xFFDC, 0xFFFE, 0x9511, 0x0900, 0x8CAF, 0xFFFE, 0xE73A,
  0x3A66, 0x848F, 0xFFFE, 0xD6B8, 0x4267, 0x3A26, 0x3245, 0x19A3, 0x19C3, 0x2A25, 0xBE56, 0xFFFD,
  0xFFFD, 0xFFFE, 0xFFDC, 0xF7DC, 0xF7DC, 0xF7DC, 0xFFFD, 0xFFFE, 0xB655, 0x21E3, 0x19C2, 0x19E3,
  0x1A03, 0x1A03, 0x1A23, 0x2244, 0x2244, 0x2A85, 0x5BA9, 0x744C, 0x7C6D, 0x84AE, 0x9530, 0xA571,
  0xAD92, 0xB5B3, 0xB5B3, 0xAD93, 0xAD93, 0xB593, 0xBDD4, 0xBDD4, 0xBDD3, 0xBDF4, 0xBDF4, 0xC614,
  0xC5F4, 0xC614, 0xD676, 0xDE96, 0xDEB7, 0xDEB7, 0xE6B7, 0xDED7, 0xDEB7, 0xDEB7, 0xDEB7, 0xDEB7,
  0xE6B7, 0xE6D8, 0xE6B8, 0xE6B8, 0xE6D8, 0xE6F9, 0xEF19, 0xEF3A, 0xF75B, 0xF77C, 0xF75C, 0xEF3A,
  0xEF1A, 0xEF3B, 0xF73B, 0xF73B, 0xEF3A, 0xEF3A, 0xEF3A, 0xEF3A, 0xEF3B, 0xEF3B, 0xF73B, 0xEF5B,
  0xF75B, 0xF75B, 0xF75B, 0xFF9C, 0xCD72, 0xA3CB, 0x9BCB, 0xC511, 0xFF7B, 0xFF7C, 0xF75B, 0xE6F9,
  0xD677, 0xCE36, 0xCE16, 0xD636, 0xCE16, 0xDE98, 0xEF3A, 0xF77B, 0xF77B, 0xF77B, 0xF77C, 0xF75B,
  0xF75B, 0xEF5B, 0xEF3B, 0xEF5B, 0xEF3B, 0xEF1B, 0xEF3B, 0xEF1A, 0xE71A, 0xE71A, 0xE71A, 0xE71A,
  0xE71A, 0xEF3B, 0xEF3B, 0xEF3B, 0xF73B, 0xEF3B, 0xEF3B, 0xEF3B, 0xEF3B, 0xEF3B, 0xEF3B, 0xEF3B,
  0xEF1B, 0xE6FA, 0xE6DA, 0xE6DA, 0xDEB9, 0xDEB9, 0xE71A, 0xEF3B, 0xEF3A, 0xDE98, 0xAD32, 0xCDF5,
  0xE6B8, 0xDE98, 0xDEB8, 0xD657, 0xCE15, 0xC5D4, 0xB593, 0xBDB3, 0xC614, 0xC613, 0xD656, 0xFFBD,
  0x8D8D, 0x856C, 0x856C, 0x7D4B, 0x752B, 0x752A, 0x6CEA, 0x6CC9, 0x6CEA, 0x6CEA, 0x64C9, 0x64CA,
  0x64CA, 0x5CCB, 0x5CCB, 0x5CAB, 0x5CAB, 0x546A, 0x4C4A, 0x544A, 0x544A, 0x544A, 0x544A, 0x546A,
  0x5C6A, 0x546A, 0x4C09, 0x43A8, 0x43A8, 0x43A8, 0x43A8, 0x43C9, 0x3B88, 0x3326, 0x2B06, 0x2B06,
  0x32E6, 0x2AE6, 0x2AC6, 0x2AC6, 0x2AA6, 0x2264, 0x1A24, 0x1A04, 0x2244, 0x2A65, 0x2245, 0x2A45,
  0x3AC7, 0x2A86, 0x1A24, 0x1A24, 0x1A24, 0x11C3, 0x2A45, 0x5B8A, 0x744D, 0x7C6E, 0x638B, 0x9511,
  0xE77B, 0xFFFD, 0xFFFE, 0xFFFE, 0xF7DC, 0x9D52, 0x2204, 0x1182, 0x9D52, 0xFFFE, 0xB5B4, 0x6B8B,
  0xEF5A, 0xFFFD, 0xA572, 0x08E0, 0x638B, 0xF7BC, 0xFFDC, 0xC697, 0x1942, 0x7C6E, 0xFFFE, 0xEF9B,
  0x4287, 0x6BCC, 0xFFFD, 0xF79B, 0xEF9B, 0xF7BC, 0xDF3A, 0x8CCF, 0x1162, 0x7CAF, 0xFFFE, 0xF7BC,
  0xC656, 0x7C4E, 0xB5F5, 0xFFFD, 0xD6B8, 0x4AA7, 0xAD73, 0xFFFC, 0xEFBB, 0x4B28, 0x11A1, 0x19E3,
  0x19E3, 0x1A03, 0x1A24, 0x2244, 0x2A45, 0x2A65, 0x4307, 0x63CA, 0x744C, 0x84CE, 0x9530, 0x9530,
  0xA571, 0xAD92, 0xAD72, 0xAD72, 0xAD72, 0xAD93, 0xB5B3, 0xB5B3, 0xB5B3, 0xBDD3, 0xC614, 0xBDF4,
  0xC5F4, 0xC614, 0xCE55, 0xD676, 0xD696, 0xDE96, 0xDE97, 0xDE96, 0xDE96, 0xDE96, 0xDE96, 0xDE96,
  0xDEB7, 0xE6B7, 0xDEB7, 0xE6B7, 0xE6D7, 0xE6D8, 0xE6D8, 0xE6F9, 0xEF3A, 0xF75B, 0xF75B, 0xF77C,
  0xF75B, 0xEF3B, 0xF73B, 0xEF1A, 0xEF3A, 0xEF3A, 0xEF3A, 0xEF1A, 0xEF1A, 0xEF1A, 0xEF3A, 0xF75B,
  0xF75B, 0xF75B, 0xF75B, 0xFF7C, 0xC512, 0x8B4B, 0xAC6F, 0xFF3A, 0xFF9B, 0xEEF9, 0xDE77, 0xD636,
  0xD636, 0xD656, 0xD636, 0xD636, 0xE6B8, 0xF75B, 0xF75B, 0xF75B, 0xF75B, 0xF75B, 0xF75B, 0xF75B,
  0xF75B, 0xEF5B, 0xEF3B, 0xEF3B, 0xEF3B, 0xEF1B, 0xEF1B, 0xEF1A, 0xEF1A, 0xEF1A, 0xE71A, 0xE73B,
  0xE73B, 0xEF3B, 0xEF3B, 0xEF3B, 0xEF3B, 0xEF1B, 0xEF3B, 0xEF1B, 0xEF1B, 0xEF3B, 0xEF3B, 0xE6FA,
  0xE6DA, 0xE6FA, 0xDEDA, 0xDEB9, 0xDEB9, 0xDE99, 0xE6DA, 0xEF3B, 0xEF1B, 0xD678, 0xAD32, 0xCE16,
  0xE6B8, 0xDE97, 0xDE77, 0xCE16, 0xC5D5, 0xBD93, 0xB592, 0xBDB2, 0xBDB2, 0xB570, 0xB5D2, 0xF7BC,
  0xAE72, 0xAE72, 0x9E31, 0x95EF, 0x8DAF, 0x8DAE, 0x8D8E, 0x856D, 0x856D, 0x7D6D, 0x754C, 0x754C,
  0x754D, 0x6D2D, 0x64CB, 0x64CB, 0x5CCB, 0x5CAB, 0x546A, 0x542A, 0x4C2A, 0x4C09, 0x4C09, 0x4C09,
  0x43E8, 0x43C8, 0x3B87, 0x4BE8, 0x4BE7, 0x3326, 0x3B67, 0x3327, 0x3327, 0x2B06, 0x22A5, 0x22A5,
  0x2265, 0x3286, 0x32C6, 0x2A86, 0x2A85, 0x63EC, 0x84AF, 0x84CF, 0x9551, 0xB635, 0xC696, 0xCED8,
  0xE7BC, 0x744E, 0x11A2, 0x1A04, 0x11A2, 0x5BCB, 0xCEF8, 0xFFFE, 0xFFFE, 0xFFFE, 0xFFFC, 0xFFFD,
  0xFFFE, 0xDF19, 0x7C2E, 0xADB3, 0xF7DC, 0xFFFD, 0x8CAF, 0x1983, 0xB615, 0xFFFF, 0x94F0, 0x21A3,
  0xD719, 0xFFFE, 0x8CD0, 0x0921, 0x3A66, 0xE739, 0xFFDC, 0xDF39, 0x29E4, 0x742D, 0xFFFD, 0xEFBB,
  0x4AE8, 0x63CB, 0xFFFD, 0xF7BC, 0xDF39, 0xDF19, 0xFFFD, 0xFFFD, 0x63AB, 0x9D72, 0xFFFE, 0xCE97,
  0x29A3, 0x10E0, 0xA572, 0xFFFE, 0xBE15, 0x10E0, 0x73EC, 0xFFFD, 0xEFBB, 0x5369, 0x1181, 0x19E3,
  0x19E3, 0x1A03, 0x1A24, 0x2225, 0x2204, 0x2A63, 0x53C7, 0x5BE9, 0x6C2B, 0x7CAD, 0x8CEF, 0x950F,
  0x9D30, 0xA551, 0x9D31, 0x9D31, 0xA551, 0xAD92, 0xAD92, 0xAD92, 0xAD92, 0xB5B3, 0xBDD3, 0xBDD3,
  0xBDD3, 0xBDF3, 0xC614, 0xD676, 0xD675, 0xD676, 0xD676, 0xDE76, 0xD676, 0xDE76, 0xDE96, 0xDE96,
  0xDE97, 0xDEB7, 0xDEB7, 0xE6D8, 0xE6D8, 0xDED7, 0xDEB7, 0xE6D8, 0xEEF9, 0xEF3A, 0xF75B, 0xF75B,
  0xF77B, 0xF79C, 0xF75B, 0xEF1A, 0xEF1A, 0xEF1A, 0xEF1A, 0xEF1A, 0xEF1A, 0xEF1A, 0xEF3A, 0xF75B,
  0xEF3B, 0xEF1A, 0xEF5B, 0xFF7C, 0xAC90, 0x8B8C, 0xE698, 0xFF7B, 0xE6D8, 0xDE77, 0xD677, 0xD677,
  0xDE77, 0xDE77, 0xDE77, 0xE6D9, 0xF75B, 0xF77B, 0xF75B, 0xEF5B, 0xEF3A, 0xF75B, 0xF75B, 0xF75B,
  0xF75B, 0xF75B, 0xEF3B, 0xEF1B, 0xEF1B, 0xEF1A, 0xEF1B, 0xE71B, 0xE73B, 0xEF3B, 0xE73B, 0xEF3B,
  0xEF3B, 0xEF5B, 0xEF5C, 0xF75C, 0xEF3B, 0xEF1B, 0xEF3B, 0xEF3B, 0xEF3B, 0xEF3B, 0xE71A, 0xDED9,
  0xE6DA, 0xE6FA, 0xDEDA, 0xDEB9, 0xD678, 0xD678, 0xE6D9, 0xEF1B, 0xEF3B, 0xCE36, 0xAD32, 0xC5F5,
  0xDEB8, 0xDE98, 0xD676, 0xC615, 0xB592, 0xAD70, 0xA54E, 0x950C, 0x84AA, 0x7448, 0x84AA, 0xE7BB,
  0xAE72, 0xB6B2, 0xBED3, 0xBEF4, 0xBEF3, 0xB6B2, 0xB692, 0xAE51, 0xA651, 0x9E10, 0xA630, 0x9E30,
  0x8DCF, 0x95F0, 0x85AF, 0x7D6D, 0x752D, 0x6CEC, 0x64AB, 0x544A, 0x4C09, 0x4C09, 0x4C09, 0x43C8,
  0x3B88, 0x3B88, 0x3305, 0x6CC8, 0xA68E, 0x43A4, 0x2AE5, 0x2AE6, 0x2AE5, 0x2AC5, 0x2285, 0x1A24,
  0x3AC7, 0xBE56, 0xDF19, 0x9531, 0x3245, 0xE77A, 0xFFFE, 0xFFFE, 0xFFFD, 0xFFFD, 0xFFFD, 0xE79B,
  0xD719, 0x63CB, 0x19C3, 0x1182, 0x5BAB, 0xF7DC, 0xEF9B, 0xA572, 0x7C2D, 0xAD73, 0xFFFD, 0xE73A,
  0xE73A, 0xF7BC, 0x636B, 0x1921, 0xC656, 0xFFFD, 0xD6B8, 0x29C4, 0xB615, 0xFFFF, 0x9D52, 0x29E4,
  0xD6D8, 0xFFFE, 0x94F0, 0x1141, 0x29E4, 0xCEB7, 0xFFFD, 0xE77A, 0x2A04, 0x740C, 0xFFFD, 0xF7BB,
  0x4AE8, 0x5B8B, 0xFFFD, 0xF7BC, 0x636A, 0x4266, 0xD719, 0xFFFE, 0xA552, 0x8C6F, 0xFFFE, 0xE73A,
  0x8C8F, 0x94F1, 0xEFBB, 0xFFFD, 0x73EC, 0x1100, 0xA572, 0xFFFD, 0xE77A, 0x3A86, 0x1182, 0x19E3,
  0x19E3, 0x1A03, 0x1A03, 0x19E2, 0x32A2, 0x8549, 0xAE8E, 0x6C29, 0x63CA, 0x746C, 0x84AE, 0x8CEF,
  0x9530, 0x9530, 0x9530, 0x9530, 0x9530, 0xA551, 0xA571, 0xA551, 0xA571, 0xAD92, 0xAD92, 0xB5B2,
  0xB5B2, 0xB5B3, 0xBDF3, 0xCE35, 0xCE55, 0xD655, 0xD655, 0xD655, 0xD676, 0xD676, 0xDE76, 0xDE76,
  0xDE96, 0xDE97, 0xDEB7, 0xDEB7, 0xDEB8, 0xDEB7, 0xDEB7, 0xDEB8, 0xE6D8, 0xE6D9, 0xEF19, 0xEF1A,
  0xEF5B, 0xF77B, 0xF77C, 0xF75B, 0xEF1B, 0xEF1A, 0xEF1A, 0xEF1A, 0xEF1A, 0xEF1A, 0xEF1A, 0xEF3A,
  0xE71A, 0xE6FA, 0xF75B, 0xE6D9, 0x940E, 0xCE16, 0xFF9C, 0xEEF9, 0xDE97, 0xDE97, 0xDE97, 0xDE97,
  0xDEB8, 0xDEB8, 0xE6F9, 0xF75B, 0xF75B, 0xF75B, 0xF75B, 0xEF3A, 0xEF1A, 0xEF3B, 0xF75B, 0xF75B,
  0xEF5B, 0xEF3B, 0xEF1A, 0xEF1A, 0xEF1B, 0xEF1B, 0xEF1B, 0xEF3B, 0xEF3B, 0xEF5B, 0xEF3B, 0xEF3B,
  0xEF5B, 0xEF5C, 0xEF5C, 0xF75B, 0xEF3B, 0xEF1B, 0xEF3B, 0xEF3B, 0xEF3B, 0xEF1B, 0xDED9, 0xE6DA,
  0xE6DA, 0xDEFA, 0xDEDA, 0xDEB9, 0xD698, 0xD678, 0xDEB9, 0xEF1B, 0xEF3B, 0xC5F5, 0xAD52, 0xC615,
  0xE6D8, 0xDE97, 0xCE55, 0xB5D1, 0x950C, 0x84CA, 0x6C47, 0x5BC5, 0x5383, 0x4342, 0x6C47, 0xE7BA,
  0x7D2C, 0x8D8E, 0x9E10, 0xB692, 0xBEF3, 0xC714, 0xC714, 0xC714, 0xC714, 0xC6F4, 0xC714, 0xC714,
  0xB6B3, 0xAE92, 0xAE92, 0xA651, 0x95CF, 0x858E, 0x750C, 0x6CCB, 0x5C6A, 0x5C6A, 0x5429, 0x43C8,
  0x3BA8, 0x3B67, 0x32E5, 0x5C46, 0xBF4E, 0x8DCA, 0x32E3, 0x2A84, 0x22A5, 0x2284, 0x2265, 0x2224,
  0xA593, 0xFFFE, 0xFFFD, 0x7C0D, 0x3205, 0xE79B, 0xF7DC, 0x8C6E, 0xA532, 0xFFFD, 0xC656, 0x3A46,
  0x29C4, 0x1182, 0x11A2, 0x2A24, 0xD6F8, 0xFFDD, 0x7C2D, 0x31E4, 0x08E0, 0x8C8F, 0xFFFE, 0x844E,
  0x7C2E, 0xFFFE, 0xC656, 0x1121, 0x8CAF, 0xFFFE, 0xE75A, 0x3A66, 0xADD4, 0xFFFF, 0x9D72, 0x1982,
  0xC676, 0xFFFE, 0xA593, 0x1162, 0x21E4, 0xCEB7, 0xFFFD, 0xE75A, 0x21C3, 0x63AB, 0xF7FC, 0xF7DC,
  0x5309, 0x4B08, 0xF7BC, 0xEF9B, 0x4AE8, 0x1942, 0xC656, 0xFFFE, 0xB5D4, 0x3205, 0xC697, 0xFFFE,
  0xFFFE, 0xFFFD, 0xDF39, 0x744D, 0x1941, 0x6BAB, 0xEF5A, 0xFFFD, 0x9D92, 0x1182, 0x11C2, 0x19E3,
  0x19E3, 0x19E3, 0x11C1, 0x3AE2, 0x9E0B, 0xBF0D, 0xB6AD, 0x5C07, 0x5388, 0x6C2B, 0x746C, 0x7CAD,
  0x84EE, 0x84CE, 0x84CE, 0x84EE, 0x8CEE, 0x8CEF, 0x950F, 0x950F, 0x9530, 0x9D50, 0xA571, 0xAD92,
  0xB5B2, 0xB5B3, 0xBDF3, 0xC5F4, 0xC614, 0xC634, 0xCE35, 0xCE35, 0xCE35, 0xCE55, 0xD655, 0xD676,
  0xDE76, 0xDE97, 0xDE97, 0xDEB7, 0xDEB7, 0xDEB7, 0xDEB7, 0xDEB7, 0xDEB8, 0xDEB8, 0xE6B8, 0xE6F9,
  0xEF19, 0xEF3A, 0xF75B, 0xF77C, 0xF77C, 0xF75B, 0xEF3B, 0xEF1A, 0xEEFA, 0xEEFA, 0xEF1A, 0xEF1A,
  0xE71A, 0xEF1A, 0xF77C, 0xCE36, 0xC5D5, 0xFF9C, 0xEF3A, 0xEF1A, 0xE6F8, 0xE6D8, 0xE6D8, 0xE6D8,
  0xE6D8, 0xEF19, 0xF75B, 0xF75B, 0xF75B, 0xEF5B, 0xEF3B, 0xEF3B, 0xEF3A, 0xEF1A, 0xEF1A, 0xEF1A,
  0xEF3A, 0xEF1A, 0xEF1A, 0xEF1A, 0xEF1B, 0xEF1B, 0xEF1B, 0xEF3B, 0xEF5B, 0xEF5B, 0xEF3B, 0xEF3B,
  0xEF5C, 0xEF5C, 0xEF5C, 0xF75B, 0xEF3B, 0xEF3B, 0xEF3B, 0xEF1B, 0xEF1B, 0xE6FA, 0xDED9, 0xE6D9,
  0xDED9, 0xDEDA, 0xDEB9, 0xDEB9, 0xDE99, 0xD678, 0xD6B9, 0xE71A, 0xE71A, 0xC5D5, 0xB573, 0xCE36,
  0xDEB7, 0xCE33, 0xA56E, 0x7CA9, 0x6426, 0x53C4, 0x4362, 0x3B21, 0x3B21, 0x4341, 0x7CA9, 0xEFDB,
  0x5C8A, 0x648A, 0x74EB, 0x856D, 0x95CF, 0xA630, 0xB692, 0xBED3, 0xC6F4, 0xC734, 0xCF35, 0xD755,
  0xD735, 0xCF14, 0xC6D3, 0xB692, 0xAE92, 0xA630, 0x95AE, 0x858D, 0x752B, 0x750A, 0x5C69, 0x4BE8,
  0x4387, 0x3B47, 0x3B27, 0x4B65, 0x9E4A, 0xB70C, 0x6487, 0x2262, 0x2264, 0x2264, 0x1A23, 0x4308,
  0xE77A, 0xFFFD, 0xBE35, 0x1942, 0x3A66, 0xEFBB, 0xEF9B, 0x6B8B, 0xA552, 0xFFFD, 0xDF19, 0xAD93,
  0xA593, 0x63CB, 0x1141, 0x5329, 0xFFDC, 0xF79B, 0xDF39, 0xDF39, 0x63AB, 0xAD93, 0xFFFE, 0x5B2A,
  0x4AC8, 0xFFFD, 0xDF19, 0x29E4, 0x742D, 0xFFFD, 0xE77A, 0x3A46, 0xAD93, 0xFFFF, 0xA593, 0x1962,
  0xBE15, 0xFFFD, 0xADD4, 0x1141, 0x3205, 0xDF19, 0xFFFD, 0xD6D8, 0x1962, 0x5B6A, 0xFFFD, 0xFFFD,
  0x636A, 0x4AE8, 0xFFFD, 0xF7FC, 0x4287, 0x21A3, 0xDEF8, 0xFFFD, 0x8D10, 0x0941, 0x21C3, 0x638B,
  0x7C2D, 0x6BAB, 0x3A86, 0x42C7, 0x9D51, 0xEFDB, 0xFFFD, 0xBE15, 0x3225, 0x1182, 0x11C3, 0x11C2,
  0x19E3, 0x11C2, 0x2A82, 0x9E0B, 0xBF0C, 0xB6CA, 0xB6AC, 0x53C6, 0x4B68, 0x640B, 0x6C2B, 0x6C0B,
  0x6C4B, 0x746C, 0x748C, 0x7CAD, 0x7CAD, 0x7CAC, 0x7CCD, 0x84CD, 0x8CEE, 0x952F, 0x9D50, 0xA571,
  0xAD92, 0xADB2, 0xB5D3, 0xBDD3, 0xC5F4, 0xC614, 0xC614, 0xCE35, 0xCE35, 0xCE35, 0xCE35, 0xCE35,
  0xD656, 0xD676, 0xDE97, 0xDEB7, 0xDEB6, 0xDEB6, 0xDEB7, 0xDEB7, 0xDEB8, 0xDEB8, 0xDEB8, 0xE6D8,
  0xE6D9, 0xEF19, 0xEF3A, 0xF75B, 0xF75B, 0xF75B, 0xF77B, 0xF77B, 0xEF1B, 0xEEFA, 0xEF1A, 0xE71A,
  0xE71A, 0xEF1B, 0xEF5B, 0xEF3A, 0xFF9C, 0xFF9B, 0xF77B, 0xEF3A, 0xEF19, 0xE719, 0xE6F9, 0xE719,
  0xEF19, 0xF75A, 0xEF5B, 0xF75B, 0xEF5A, 0xEF3A, 0xEF3B, 0xEF1A, 0xEF1A, 0xEF3A, 0xEF1A, 0xEF1A,
  0xE71A, 0xE71A, 0xE71A, 0xE71A, 0xEF1B, 0xEF3B, 0xEF3B, 0xEF3B, 0xEF5B, 0xEF5B, 0xEF3B, 0xEF3C,
  0xEF5C, 0xEF5C, 0xEF5B, 0xEF3B, 0xEF3B, 0xEF3B, 0xEF3B, 0xEF3B, 0xE6FA, 0xDED9, 0xE6D9, 0xDEF9,
  0xDED9, 0xDEB9, 0xDEB9, 0xD6B9, 0xD699, 0xDE98, 0xD6B8, 0xDEF9, 0xDED9, 0xC5F5, 0xBDD4, 0xC613,
  0xB611, 0x8CEA, 0x6405, 0x4BA3, 0x43A2, 0x3B41, 0x3321, 0x3B21, 0x4322, 0x53A4, 0x954E, 0xF7DD,
  0x856E, 0x7D2D, 0x7D0C, 0x854D, 0x856D, 0x856D, 0x8D8E, 0x95CF, 0xA610, 0xB671, 0xBEB3, 0xC6D3,
  0xC6F4, 0xC714, 0xC6D3, 0xBEB3, 0xB6B2, 0xAE71, 0x9E10, 0x95EE, 0xA66F, 0xAE8E, 0x95EB, 0x856A,
  0x6487, 0x4384, 0x3305, 0x2A83, 0x5C05, 0xB6EC, 0xA66B, 0x32C3, 0x2243, 0x2264, 0x19E3, 0x746E,
  0xF7FC, 0xFFFD, 0x7C4E, 0x1941, 0x9511, 0xF7FC, 0xFFFD, 0xFFFE, 0xFFFD, 0xFFDC, 0xFFDC, 0xFFFE,
  0xFFFE, 0xFFFD, 0x7C6E, 0x6BAB, 0xFFFD, 0xF77B, 0xDF19, 0xFFFD, 0xC676, 0xB5D4, 0xFFFE, 0x5B2A,
  0x3A46, 0xF7BC, 0xE73A, 0x29E4, 0x7C4E, 0xFFFD, 0xDF39, 0x29E4, 0xA572, 0xFFFE, 0xB615, 0x21A3,
  0xB5F5, 0xFFFE, 0xC656, 0x1141, 0x5329, 0xEF9B, 0xFFFD, 0xA593, 0x0900, 0x5329, 0xD6F8, 0xBE15,
  0x42A7, 0x21C3, 0x740D, 0x634A, 0x3225, 0x9511, 0xFFFD, 0xDF39, 0x3A86, 0x21E4, 0x63CB, 0x7C4D,
  0x8CD0, 0xAD93, 0xCEB7, 0xEFBB, 0xF7FC, 0xCED7, 0x7C6D, 0x21C3, 0x1982, 0x19C3, 0x19A3, 0x11C3,
  0x19E3, 0x11C1, 0x74EA, 0xBEEE, 0x95A7, 0xAE8B, 0xAE6C, 0x4345, 0x3B06, 0x4B88, 0x5387, 0x63E7,
  0x8D6A, 0xA60E, 0x748B, 0x6C2B, 0x6C4B, 0x6C4B, 0x746B, 0x7C8C, 0x7CAD, 0x84CE, 0x8D0F, 0x952F,
  0xA571, 0xAD92, 0xAD92, 0xB5D3, 0xBDF3, 0xC614, 0xC614, 0xCE15, 0xC615, 0xCE35, 0xCE35, 0xCE35,
  0xCE56, 0xD676, 0xDE96, 0xDE97, 0xD676, 0xD676, 0xDE97, 0xDE97, 0xDEB7, 0xDEB8, 0xDEB8, 0xDEB8,
  0xE6D8, 0xE6F9, 0xEF19, 0xEF3A, 0xF73A, 0xF73A, 0xF75B, 0xF75B, 0xF77C, 0xF75B, 0xEF3B, 0xEF1A,
  0xE6FA, 0xEF1A, 0xEF3B, 0xF77B, 0xFF9C, 0xFF9C, 0xFF9C, 0xF77B, 0xEF5A, 0xEF3A, 0xEF1A, 0xEF1A,
  0xEF3A, 0xEF5B, 0xEF5B, 0xEF3A, 0xEF3A, 0xEF3B, 0xEF3B, 0xEF3A, 0xEF3A, 0xEF3A, 0xEF3A, 0xEF1A,
  0xE71A, 0xE71A, 0xE71A, 0xE71A, 0xEF3B, 0xEF3B, 0xEF3B, 0xEF5B, 0xEF5B, 0xEF5B, 0xEF3B, 0xF73C,
  0xEF3C, 0xEF3C, 0xEF5B, 0xEF3B, 0xEF1B, 0xEF3B, 0xEF3B, 0xE71A, 0xE6FA, 0xDEF9, 0xDEFA, 0xDED9,
  0xD6B9, 0xD699, 0xD678, 0xCE78, 0xCE78, 0xD678, 0xD678, 0xDED8, 0xE6F8, 0xBE14, 0xADD1, 0x9D4C,
  0x7CA7, 0x4BA3, 0x3B61, 0x3B61, 0x3B41, 0x3321, 0x3321, 0x4342, 0x5BC5, 0x84AA, 0xADB1, 0xF7DD,
  0xA672, 0xAEB3, 0xAEB3, 0xAEB2, 0xAEB2, 0xAE92, 0xAE92, 0xAE92, 0xB692, 0xB6B2, 0xBED3, 0xC6F3,
  0xCF14, 0xC6F4, 0xBEB3, 0xBE92, 0xAE71, 0x9E0F, 0x95AE, 0x854C, 0x9E0C, 0xBF0D, 0xBF0C, 0xBF2D,
  0xB70C, 0xA64B, 0x74E8, 0x32E3, 0x2242, 0x6446, 0xB6EE, 0x6448, 0x1A02, 0x1A43, 0x11A2, 0x9531,
  0xFFFD, 0xF7BC, 0x52E8, 0x5B8A, 0xFFFD, 0xFFFD, 0xD6F8, 0x8CAF, 0xB5B4, 0xFFFE, 0xDEF8, 0x73EC,
  0xCEB7, 0xFFFD, 0xD6B8, 0x7C2D, 0xFFFD, 0xBE15, 0x4266, 0xE75A, 0xD6F8, 0xAD93, 0xFFFD, 0x73CC,
  0x52E8, 0xF7DC, 0xCEB7, 0x3A25, 0xBE35, 0xFFFE, 0xADF4, 0x1141, 0xADB3, 0xFFFF, 0xCEB7, 0x21C3,
  0xA572, 0xD6F9, 0x846E, 0x1962, 0xADD4, 0xFFFD, 0xEF9B, 0x4B08, 0x1141, 0x1982, 0x2A04, 0x3225,
  0x3A86, 0x4B08, 0x73CC, 0x9CF0, 0xCEF8, 0xFFFD, 0xDF19, 0x5B29, 0x1101, 0xA572, 0xFFFD, 0xFFFD,
  0xF7DC, 0xDF39, 0xBE55, 0x94F0, 0x638A, 0x2A24, 0x0961, 0x11A2, 0x19C3, 0x19C2, 0x19C2, 0x19E3,
  0x19C3, 0x2242, 0xA64D, 0x95EA, 0x74C5, 0xBF0D, 0x95AA, 0x2AA3, 0x32C5, 0x32E5, 0x6427, 0xAE6B,
  0xBF0C, 0xAE8C, 0x5BE7, 0x53A8, 0x63EA, 0x5BC9, 0x5BC9, 0x640A, 0x6C4B, 0x746B, 0x84AD, 0x8D0F,
  0x9530, 0xA571, 0xA591, 0xB5D3, 0xB5D3, 0xBDD3, 0xBDF4, 0xC5F4, 0xC5F4, 0xC615, 0xCE15, 0xCE15,
  0xCE35, 0xCE56, 0xD656, 0xD656, 0xD676, 0xD677, 0xDE97, 0xDE97, 0xDE97, 0xDE97, 0xDEB8, 0xDEB8,
  0xE6D8, 0xE6F9, 0xE6F9, 0xEF19, 0xEF3A, 0xEF3A, 0xEF3A, 0xEF5B, 0xF75B, 0xF77B, 0xF77C, 0xF77C,
  0xF75B, 0xEF5B, 0xF75B, 0xF79B, 0xFF9C, 0xFF9C, 0xFF9C, 0xFF9C, 0xF77B, 0xEF3A, 0xEF3A, 0xEF3A,
  0xEF3A, 0xEF5A, 0xEF5A, 0xF73B, 0xEF3A, 0xEF3B, 0xEF3A, 0xEF3A, 0xEF3B, 0xEF3B, 0xEF3B, 0xEF1A,
  0xEF3A, 0xEF3B, 0xEF3B, 0xE73B, 0xE73B, 0xE73B, 0xE73B, 0xEF5B, 0xEF5B, 0xEF5B, 0xEF5B, 0xEF3C,
  0xEF3C, 0xF73C, 0xEF3B, 0xEF3B, 0xEF3B, 0xEF3B, 0xE71A, 0xE6FA, 0xDEFA, 0xDEF9, 0xDED9, 0xDEB9,
  0xD698, 0xCE78, 0xCE58, 0xC637, 0xCE57, 0xD678, 0xD678, 0xD697, 0xCE95, 0xADAF, 0x84E9, 0x6424,
  0x4BC1, 0x4381, 0x3B61, 0x3B61, 0x3B62, 0x4383, 0x53C4, 0x6427, 0x84CB, 0xA54F, 0xB5D3, 0xF7DD,
  0x64AB, 0x74EC, 0x856E, 0x8DAE, 0x8DAF, 0x9610, 0xA692, 0xB6B2, 0xBED3, 0xBEF3, 0xCF14, 0xD755,
  0xD775, 0xD755, 0xD755, 0xCF35, 0xBEF3, 0xAE71, 0xA610, 0x8D8D, 0x8D8B, 0xB6CC, 0xB6EC, 0x95E8,
  0xA66A, 0xBF2E, 0xBF2D, 0x9E0B, 0x4343, 0x2240, 0x53E6, 0x6429, 0x1A22, 0x1A23, 0x1182, 0x9551,
  0xFFFD, 0xF79B, 0x42A7, 0x9531, 0xFFFE, 0xDED8, 0x31E4, 0x08A0, 0x94D0, 0xFFFE, 0xBE15, 0x1121,
  0x9D31, 0xFFFE, 0xDEF8, 0x6BAC, 0xEFDC, 0xC656, 0x4266, 0xE75A, 0xD6D8, 0x7C2D, 0xFFFD, 0xCE97,
  0xC676, 0xFFFE, 0x9D52, 0xA593, 0xFFFE, 0xEF9B, 0x4AE8, 0x0900, 0x6BAB, 0x7C2D, 0x42A7, 0x1121,
  0x3225, 0x4286, 0x4AE8, 0xA593, 0xFFFD, 0xF7DC, 0x7C4E, 0x1141, 0x1162, 0x4AE8, 0xADF4, 0xDF39,
  0xEFDC, 0xF7DC, 0xFFFC, 0xF79B, 0xCEB7, 0x8CF0, 0x3A66, 0x1141, 0x1982, 0xCEB7, 0xFFFE, 0x9D51,
  0x3245, 0x2A25, 0x19C3, 0x1161, 0x1161, 0x1182, 0x19C2, 0x19C2, 0x19C2, 0x19E2, 0x19E2, 0x1A03,
  0x11C2, 0x3AE4, 0xAE8E, 0x6C64, 0x95C9, 0xC72E, 0x6446, 0x2222, 0x2A84, 0x3B44, 0xA66B, 0xB70B,
  0xBF0B, 0x8528, 0x4305, 0x4B47, 0x4B46, 0x53A6, 0x6C48, 0x7CC9, 0x852A, 0x8D4B, 0x84EC, 0x84CE,
  0x8D0F, 0x9D30, 0xA591, 0xADB2, 0xB5D3, 0xB5D3, 0xBDD3, 0xBDD3, 0xBDD4, 0xC5F5, 0xC5F5, 0xC5F5,
  0xCE15, 0xCE35, 0xCE35, 0xCE35, 0xD655, 0xD676, 0xD676, 0xD677, 0xD677, 0xD677, 0xDE97, 0xDEB7,
  0xDEB8, 0xE6D9, 0xE6F9, 0xE6F9, 0xEF19, 0xEF19, 0xEF19, 0xEF3A, 0xEF3A, 0xEF5A, 0xF75B, 0xF77C,
  0xF79C, 0xF79C, 0xFF9C, 0xF77B, 0xF75B, 0xF77B, 0xFFBC, 0xFFBC, 0xF77B, 0xEF3A, 0xEF1A, 0xEF1A,
  0xEF3A, 0xEF5A, 0xEF5A, 0xEF3B, 0xF73A, 0xEF3A, 0xEF3A, 0xEF3A, 0xEF1A, 0xEF1A, 0xEF1A, 0xEF3A,
  0xEF3A, 0xEF3B, 0xEF3B, 0xE73B, 0xE73B, 0xE71A, 0xE73B, 0xEF5B, 0xEF5B, 0xEF5B, 0xEF5B, 0xEF5C,
  0xF73C, 0xF73C, 0xEF5C, 0xEF3B, 0xE71A, 0xE71A, 0xE6FA, 0xDED9, 0xDED9, 0xDED9, 0xDED9, 0xD698,
  0xCE78, 0xCE58, 0xC637, 0xC616, 0xC637, 0xCE57, 0xCE77, 0xC655, 0xA58F, 0x84A9, 0x6425, 0x5C04,
  0x53E3, 0x53C3, 0x53C4, 0x53C4, 0x6406, 0x7467, 0x84CA, 0x952D, 0xA56F, 0xA550, 0xB5D4, 0xF7BD,
  0x3346, 0x3B66, 0x3B86, 0x43A7, 0x43A7, 0x4BC7, 0x5C49, 0x6C8A, 0x74CB, 0x852D, 0x8D8E, 0x9DEF,
  0xA630, 0xAE51, 0xB692, 0xB692, 0xB692, 0xAE51, 0xA610, 0x95CF, 0x854B, 0x9E2C, 0xB70C, 0x9E29,
  0x6444, 0x95A9, 0xBF2C, 0xBF2C, 0xA64B, 0x4323, 0x1A02, 0x2223, 0x1A03, 0x1A03, 0x1182, 0x9D52,
  0xFFFD, 0xFFDC, 0x5329, 0x7C6E, 0xFFFE, 0xE719, 0x7BED, 0x844E, 0xEFBB, 0xFFFD, 0x7C2D, 0x1941,
  0xBE15, 0xFFFD, 0xD6D8, 0x4246, 0xC676, 0xFFFE, 0xDF19, 0xFFFD, 0xA552, 0x2162, 0xA552, 0xEFDC,
  0xEFDC, 0xB5F4, 0x3205, 0x9D52, 0xCE97, 0x5349, 0x1141, 0x1162, 0x1142, 0x4AC8, 0x848F, 0xA593,
  0xC656, 0xDF39, 0xFFFD, 0xFFFD, 0xCEB7, 0x63AB, 0x1162, 0x11A2, 0x1161, 0xADD3, 0xFFFF, 0xDEF9,
  0x94D0, 0x6BEB, 0x4B08, 0x3245, 0x21C3, 0x1161, 0x1182, 0x19A2, 0x19A2, 0x84AE, 0x9D71, 0x3A86,
  0x0920, 0x11A2, 0x19C2, 0x19E2, 0x11E2, 0x11C2, 0x19C2, 0x19C2, 0x19E2, 0x19E3, 0x19E3, 0x1A03,
  0x11C3, 0x32C3, 0x8569, 0x6C84, 0xBEED, 0x95AA, 0x2A82, 0x2244, 0x2223, 0x5C26, 0xBF2C, 0xB70C,
  0xA62C, 0x4B65, 0x3AC5, 0x4325, 0x74C8, 0xA62B, 0xB6EC, 0xB6CC, 0xB6CC, 0xB6ED, 0x8D6C, 0x746C,
  0x8CEE, 0x952F, 0xA571, 0xAD92, 0xADB2, 0xB5D3, 0xB5D3, 0xB5D3, 0xBDD4, 0xBDF4, 0xC5F4, 0xC614,
  0xC614, 0xCE14, 0xCE34, 0xCE35, 0xD655, 0xD656, 0xD656, 0xD656, 0xD656, 0xD677, 0xD677, 0xDE97,
  0xDEB8, 0xE6D8, 0xE6D9, 0xE6D8, 0xE6D9, 0xE6F9, 0xE6D9, 0xE6F9, 0xE719, 0xEF19, 0xEF3A, 0xF75B,
  0xF77C, 0xF77C, 0xFF9C, 0xFF9C, 0xF77B, 0xF75B, 0xF79C, 0xFFBC, 0xF77B, 0xEF3A, 0xEF1A, 0xE71A,
  0xEF3A, 0xEF5B, 0xEF3B, 0xEF3B, 0xEF3B, 0xEF3A, 0xEF3A, 0xEF1A, 0xEF1A, 0xEF1A, 0xEF1A, 0xEF1A,
  0xE71A, 0xEF3B, 0xE71A, 0xE71A, 0xE71A, 0xEF3A, 0xE73B, 0xEF5B, 0xEF5B, 0xEF5B, 0xEF5B, 0xEF5B,
  0xEF5C, 0xEF5C, 0xEF5B, 0xE71A, 0xE6FA, 0xE6FA, 0xE6FA, 0xDED9, 0xDED9, 0xDED9, 0xD698, 0xCE58,
  0xC637, 0xC617, 0xC616, 0xBDF6, 0xC616, 0xC657, 0xCE57, 0xBE34, 0xADB1, 0x9D4D, 0x956D, 0x954C,
  0x952C, 0x8CEB, 0x84AB, 0x84AB, 0x8CEC, 0x9D2D, 0xA52F, 0xA550, 0xAD51, 0xA550, 0xB5D4, 0xF7BD,
  0x3325, 0x3325, 0x3325, 0x3325, 0x3325, 0x3B46, 0x4386, 0x4BC7, 0x4BE7, 0x5C29, 0x648A, 0x6CCA,
  0x750B, 0x750C, 0x7D2C, 0x7D4C, 0x7D4D, 0x7D4D, 0x7D0C, 0x74EC, 0x6CAA, 0x7529, 0xAECD, 0xBF2D,
  0x9E09, 0x4B82, 0x8528, 0xBF0D, 0xBF2D, 0x8549, 0x2222, 0x2224, 0x1A04, 0x1A03, 0x1182, 0x84CF,
  0xFFFC, 0xFFFD, 0x846E, 0x29E4, 0xD6F8, 0xFFFD, 0xFFFE, 0xFFFD, 0xEFDC, 0x9531, 0x1962, 0x5B6A,
  0xEF9B, 0xFFFD, 0xAD72, 0x1141, 0x42C7, 0xB615, 0xCED8, 0x9D52, 0x3245, 0x0941, 0x19A3, 0x4308,
  0x4B28, 0x21E3, 0x1141, 0x21E4, 0x19C3, 0x0941, 0x11A2, 0x0141, 0x5B8A, 0xEFDC, 0xFFFD, 0xEFBB,
  0xD6F8, 0xBE35, 0x9511, 0x638B, 0x2A04, 0x0961, 0x11A2, 0x11A2, 0x0941, 0x9D72, 0xF7BC, 0x8CCF,
  0x0920, 0x0940, 0x0141, 0x0961, 0x1182, 0x11C2, 0x11C2, 0x11C2, 0x11C2, 0x11A2, 0x0981, 0x11A1,
  0x11C2, 0x11C2, 0x19C2, 0x11E2, 0x11E2, 0x11E2, 0x11E2, 0x1202, 0x1A23, 0x1A03, 0x1A03, 0x1A03,
  0x19E3, 0x2A82, 0x8589, 0x9E0C, 0x8D8B, 0x32C3, 0x19E2, 0x1A03, 0x1A02, 0x6CA9, 0x9E2C, 0x74C8,
  0x4346, 0x32A4, 0x3AE3, 0x8549, 0xBF0D, 0xBF0D, 0xA64A, 0xB6CA, 0xB6EB, 0xA64C, 0x746A, 0x746C,
  0x84CE, 0x952F, 0x9D50, 0xA571, 0xAD92, 0xB5B2, 0xB5B3, 0xB5B3, 0xB5D3, 0xBDF4, 0xBDF3, 0xC5F4,
  0xC5F4, 0xC614, 0xCE34, 0xCE35, 0xCE55, 0xCE56, 0xCE56, 0xCE36, 0xD656, 0xD677, 0xDE97, 0xDE97,
  0xDEB8, 0xDEB8, 0xDEB8, 0xDEB8, 0xE6B8, 0xE6D8, 0xE6D9, 0xE6D9, 0xE6F9, 0xE6D9, 0xEF1A, 0xF75B,
  0xF75B, 0xF77B, 0xFF7C, 0xFF9C, 0xFF9C, 0xFF7C, 0xF79C, 0xFF9C, 0xF77B, 0xEF3A, 0xE6FA, 0xE6FA,
  0xEF3A, 0xF75B, 0xF75B, 0xF75B, 0xEF3A, 0xEF1A, 0xEF1A, 0xEF1A, 0xE6FA, 0xE71A, 0xE6FA, 0xE6FA,
  0xE6FA, 0xE71A, 0xE71A, 0xE71A, 0xE71A, 0xEF3B, 0xEF3B, 0xEF3B, 0xEF3B, 0xEF5B, 0xEF5B, 0xEF5B,
  0xEF5B, 0xEF5B, 0xEF3B, 0xE71A, 0xE6FA, 0xE6FA, 0xE6FA, 0xDEF9, 0xDED9, 0xD6B9, 0xCE57, 0xC657,
  0xC617, 0xC616, 0xC616, 0xC616, 0xC637, 0xCE78, 0xCE98, 0xCE77, 0xC636, 0xC635, 0xC655, 0xBE13,
  0xBDF3, 0xAD92, 0xA550, 0xA550, 0xA550, 0xA550, 0xAD51, 0xAD51, 0xAD71, 0xA571, 0xADB3, 0xF79D,
  0x5C49, 0x5409, 0x4BE8, 0x4BE8, 0x43C7, 0x43C7, 0x4C08, 0x5428, 0x5428, 0x5C49, 0x6CCB, 0x750B,
  0x750B, 0x6CEB, 0x6CCB, 0x64AA, 0x5C8A, 0x64AA, 0x5C69, 0x5429, 0x4C08, 0x4BC7, 0x7529, 0xB6ED,
  0xBF2C, 0x9E2B, 0x4342, 0x74C6, 0xBF0D, 0xAEAC, 0x3AE3, 0x1A23, 0x2224, 0x1A23, 0x11C2, 0x5349,
  0xEF9B, 0xFFDC, 0xCED8, 0x29A3, 0x31E5, 0x8CAF, 0x9D52, 0x84AF, 0x42A7, 0x1121, 0x5329, 0xD719,
  0xFFFD, 0xDEF9, 0x4287, 0x1162, 0x1162, 0x1982, 0x19A3, 0x1141, 0x1162, 0x11A2, 0x11A2, 0x0961,
  0x0961, 0x11A2, 0x11A3, 0x1182, 0x1182, 0x1182, 0x11A2, 0x0941, 0x8CF0, 0xFFFF, 0xCED8, 0x42C7,
  0x21C3, 0x1962, 0x1141, 0x0941, 0x1182, 0x11A3, 0x11A2, 0x11A2, 0x1182, 0x3AC7, 0x4307, 0x21E3,
  0x11A2, 0x11C2, 0x11A2, 0x11C2, 0x11A2, 0x11A1, 0x11C2, 0x11C2, 0x19E2, 0x19E2, 0x19E2, 0x11E2,
  0x11C2, 0x11C2, 0x19E2, 0x19E2, 0x11E2, 0x19E2, 0x19E2, 0x1A02, 0x1A02, 0x1A02, 0x1A02, 0x1A01,
  0x11C0, 0x2220, 0x6CA8, 0x53C5, 0x2221, 0x19E1, 0x3283, 0x32C2, 0x2241, 0x32C3, 0x32A3, 0x2242,
  0x2A64, 0x2A63, 0x74E8, 0xBF2E, 0xAE8B, 0x74C5, 0x8567, 0xB6CA, 0xB6CC, 0x7CCA, 0x6C0A, 0x7C8D,
  0x84CE, 0x950F, 0x9D30, 0xA550, 0xAD91, 0xAD92, 0xADB2, 0xB5B3, 0xB5B3, 0xBDD4, 0xBDF3, 0xBDF4,
  0xC5F4, 0xC614, 0xC614, 0xCE35, 0xCE35, 0xCE35, 0xCE36, 0xD636, 0xD656, 0xD676, 0xDE97, 0xDEB8,
  0xDEB8, 0xDEB8, 0xDEB8, 0xDEB8, 0xE6D8, 0xE6D8, 0xE6D8, 0xE6D8, 0xE6D9, 0xE6D9, 0xEF3A, 0xF75B,
  0xEF3A, 0xF75B, 0xFF9C, 0xFF9C, 0xFF7C, 0xFF9C, 0xF79C, 0xF79C, 0xF79C, 0xF77B, 0xEF3B, 0xEF1B,
  0xEF3B, 0xF75B, 0xF75B, 0xF75B, 0xEF1A, 0xEF1A, 0xEF1A, 0xEF1A, 0xE6F9, 0xE6D9, 0xE6FA, 0xE6FA,
  0xE6FA, 0xE71A, 0xE71A, 0xE71A, 0xE71A, 0xE71A, 0xEF3B, 0xEF3B, 0xEF3B, 0xEF3B, 0xEF5B, 0xEF5B,
  0xE73B, 0xE71A, 0xE71A, 0xE6FA, 0xE6FA, 0xDEFA, 0xDED9, 0xDED9, 0xD6B8, 0xCE78, 0xC637, 0xC637,
  0xBDF6, 0xBDF6, 0xC617, 0xCE57, 0xCE78, 0xCE98, 0xD698, 0xD698, 0xC657, 0xC637, 0xCE77, 0xBDF5,
  0xB5B4, 0xAD72, 0xA551, 0xAD51, 0xAD71, 0xAD71, 0xAD51, 0xAD71, 0xADB2, 0x952F, 0x7C6E, 0xEF7C,
  0x750D, 0x750D, 0x752D, 0x752D, 0x7D4E, 0x7D6E, 0x7D6E, 0x7D4E, 0x7D4E, 0x858E, 0x8DCF, 0x9610,
  0x85AE, 0x7D6D, 0x752C, 0x64CB, 0x5C6A, 0x5C6A, 0x5429, 0x43A8, 0x3B87, 0x3B47, 0x3B04, 0x7D29,
  0xB6EC, 0xBF2C, 0xA64B, 0x4B62, 0x6445, 0xB70D, 0x5C25, 0x1A22, 0x2264, 0x1A43, 0x1A03, 0x19C3,
  0xAD93, 0xFFDC, 0xEF9B, 0xB614, 0x4287, 0x1962, 0x2182, 0x3225, 0x5329, 0xA572, 0xEFBB, 0xFFFD,
  0xC697, 0x4AC7, 0x1142, 0x11A3, 0x19C3, 0x11A2, 0x0982, 0x1182, 0x11A2, 0x11A2, 0x11C2, 0x11C3,
  0x11C3, 0x19A3, 0x19A3, 0x11A2, 0x1182, 0x1182, 0x11A2, 0x1141, 0x5329, 0x9D31, 0x5B8A, 0x1162,
  0x1182, 0x1182, 0x19A2, 0x1182, 0x0961, 0x0960, 0x1180, 0x11C1, 0x11A0, 0x0940, 0x0940, 0x1181,
  0x11A2, 0x11A2, 0x11A2, 0x11A2, 0x11C2, 0x11C2, 0x11C2, 0x11C2, 0x19E2, 0x19E2, 0x19C2, 0x11C2,
  0x11C2, 0x11C2, 0x11C1, 0x11C1, 0x11C1, 0x11A1, 0x11A0, 0x11E1, 0x1A02, 0x19E3, 0x11A1, 0x2240,
  0x4323, 0x5384, 0x4322, 0x2A20, 0x1180, 0x5384, 0xBEEC, 0xBF0B, 0x95A8, 0x2A61, 0x1A02, 0x2264,
  0x2243, 0x4364, 0xB6ED, 0x9E2B, 0x53A3, 0x7D06, 0xB6EB, 0xBEEC, 0x8D8A, 0x5BC8, 0x6C4B, 0x748C,
  0x84CE, 0x8D0F, 0x9530, 0xA550, 0xA571, 0xAD71, 0xAD92, 0xB5B2, 0xB5B3, 0xB5D4, 0xBDD3, 0xBDF3,
  0xBDF4, 0xC5F4, 0xC614, 0xCE35, 0xCE35, 0xCE35, 0xCE36, 0xD676, 0xD656, 0xD677, 0xDE97, 0xDEB8,
  0xDEB8, 0xDEB8, 0xDEB8, 0xE6D8, 0xE6D8, 0xE6D8, 0xE6D8, 0xE6D9, 0xE6F9, 0xEF19, 0xF75A, 0xEF3A,
  0xEF1A, 0xF75B, 0xF77B, 0xF77C, 0xFF9C, 0xFF9C, 0xF79C, 0xF79C, 0xF79C, 0xFF9C, 0xF79C, 0xF77C,
  0xF77C, 0xF75B, 0xEF3B, 0xEF1A, 0xEF1A, 0xEF1A, 0xEF1A, 0xE6FA, 0xE6FA, 0xE6FA, 0xE71A, 0xE71A,
  0xE71A, 0xE71A, 0xE71A, 0xE71A, 0xEF3B, 0xE71A, 0xEF3B, 0xEF5B, 0xEF5B, 0xEF3B, 0xEF3B, 0xEF3B,
  0xE71A, 0xE71A, 0xE6FA, 0xE6FA, 0xE6FA, 0xDED9, 0xDED9, 0xD6B8, 0xCE57, 0xCE57, 0xC637, 0xBDF6,
  0xBDF6, 0xBDF6, 0xCE57, 0xCE78, 0xD698, 0xCE98, 0xD698, 0xCE98, 0xC637, 0xC616, 0xC657, 0xBDF6,
  0xB593, 0xAD72, 0xA551, 0xAD51, 0xAD71, 0xAD71, 0xA551, 0xA591, 0x8D2F, 0x53A9, 0x5BCB, 0xE79C,
  0x3B67, 0x3B67, 0x43A7, 0x4BE8, 0x5429, 0x5429, 0x5409, 0x5C2A, 0x648B, 0x64AC, 0x64CC, 0x64AB,
  0x5C6A, 0x5C4A, 0x544A, 0x4C09, 0x43C8, 0x4387, 0x3B67, 0x3326, 0x3306, 0x3306, 0x2AA4, 0x32A3,
  0x6C87, 0xAE8B, 0xBF2D, 0xAE8C, 0x53A2, 0x7D06, 0x7D49, 0x2262, 0x2264, 0x2243, 0x1A23, 0x11A2,
  0x2A25, 0xB615, 0xF7FC, 0xFFFD, 0xEFBB, 0xC696, 0xC697, 0xE77A, 0xF7FD, 0xFFFD, 0xDF19, 0x8CAF,
  0x29E4, 0x1141, 0x1183, 0x1182, 0x0961, 0x0960, 0x1181, 0x1182, 0x1182, 0x11A2, 0x11C2, 0x11C3,
  0x11A3, 0x19A3, 0x19A3, 0x11A2, 0x1182, 0x11A2, 0x11A2, 0x11A2, 0x1182, 0x0941, 0x1162, 0x19A3,
  0x11A2, 0x11A2, 0x1161, 0x21E1, 0x4B44, 0x6C67, 0x8D68, 0xA609, 0xA62A, 0x7CA7, 0x2201, 0x1181,
  0x11A2, 0x11C2, 0x11C2, 0x11C2, 0x11C1, 0x11A1, 0x1181, 0x0981, 0x0980, 0x11C2, 0x19C2, 0x11A1,
  0x19E0, 0x2220, 0x2A81, 0x3AE2, 0x4343, 0x53A4, 0x6C46, 0x32A2, 0x11C2, 0x19C1, 0x63E5, 0xAE6B,
  0xCF8D, 0xD7AD, 0xD76C, 0xB6AB, 0x4B43, 0x6425, 0xE7EF, 0xDFCC, 0xE7ED, 0x8D49, 0x1A01, 0x2244,
  0x2242, 0x856A, 0xA64C, 0x4341, 0x7CE7, 0xB70C, 0xBF0C, 0x9DEC, 0x5BC6, 0x5BC8, 0x6C4B, 0x748C,
  0x84CE, 0x8D0F, 0x9530, 0x9D50, 0xA551, 0xA571, 0xAD92, 0xADB2, 0xADB2, 0xB5D3, 0xB5D3, 0xBDD3,
  0xBDF3, 0xBDF3, 0xBE14, 0xC614, 0xCE14, 0xCE35, 0xD656, 0xD676, 0xD676, 0xD677, 0xDE97, 0xDEB7,
  0xDEB8, 0xE6D9, 0xE6D9, 0xE6D8, 0xE6D8, 0xE6F9, 0xE6D9, 0xE6F9, 0xEEF9, 0xF73A, 0xF73A, 0xEF1A,
  0xEF3A, 0xF73A, 0xF75B, 0xF77B, 0xF77C, 0xFF7C, 0xFF9C, 0xFF7C, 0xF79C, 0xF79C, 0xFF9C, 0xFF9C,
  0xFF9C, 0xF77C, 0xEF5B, 0xEF1A, 0xE6FA, 0xE6FA, 0xE6FA, 0xE6FA, 0xE6FA, 0xE71A, 0xEF1A, 0xEF1A,
  0xE71A, 0xE71A, 0xE71A, 0xEF3B, 0xEF3B, 0xEF3B, 0xEF3B, 0xEF3B, 0xEF3B, 0xE71A, 0xE71A, 0xE71A,
  0xE6FA, 0xE6FA, 0xDED9, 0xDEB9, 0xDEB9, 0xDED9, 0xD6B9, 0xCE58, 0xC637, 0xC616, 0xBDF6, 0xBDF6,
  0xBDF6, 0xC616, 0xCE58, 0xCE78, 0xCE78, 0xD698, 0xD698, 0xCE78, 0xC637, 0xBDF5, 0xC616, 0xBDF5,
  0xAD73, 0xA572, 0xA551, 0xAD51, 0xAD71, 0xAD71, 0xA571, 0x84AD, 0x4B48, 0x3306, 0x5BCB, 0xE79C,
  0x2AE5, 0x2AE5, 0x2B05, 0x3306, 0x3305, 0x3305, 0x2AE5, 0x3326, 0x3B67, 0x3B67, 0x4388, 0x3B87,
  0x3B87, 0x43A8, 0x43A8, 0x3B88, 0x3B67, 0x3326, 0x3326, 0x3326, 0x3306, 0x2AE5, 0x2AA5, 0x2A84,
  0x2242, 0x4364, 0x7D08, 0xA64B, 0xAEAD, 0x8568, 0x9E2C, 0x3303, 0x2243, 0x2243, 0x1A23, 0x1A03,
  0x11A2, 0x2A04, 0x7C4D, 0xB615, 0xD6F8, 0xE77A, 0xDF39, 0xBE76, 0x9D51, 0x6BEC, 0x3246, 0x1141,
  0x1182, 0x11A3, 0x1182, 0x19A1, 0x5BA5, 0x6C46, 0x2201, 0x1182, 0x11A2, 0x11A2, 0x11C3, 0x11C3,
  0x11A3, 0x19A3, 0x19A3, 0x11A2, 0x1182, 0x1182, 0x1182, 0x11A2, 0x11A2, 0x11A2, 0x11A2, 0x11A2,
  0x1182, 0x1160, 0x4B44, 0xAE4B, 0xDFCE, 0xE7ED, 0xDFEB, 0xDFAB, 0xC70C, 0xE7EE, 0x8D89, 0x11C0,
  0x11A2, 0x1181, 0x11A0, 0x19E0, 0x2241, 0x32C2, 0x4323, 0x53A3, 0x6C87, 0x4323, 0x19E0, 0x7CE8,
  0xA62A, 0xB66A, 0xC70B, 0xCF6C, 0xD78C, 0xD7AC, 0xE7EF, 0x5BE4, 0x19C0, 0x7CC6, 0xDFAD, 0xE7EE,
  0xC70C, 0xBECA, 0xDF8C, 0xE7ED, 0xC6EC, 0x4B22, 0x5364, 0xBEAB, 0xDFCB, 0xCF6C, 0x4302, 0x19E2,
  0x2AA2, 0x854A, 0x53A3, 0x8D68, 0xC74D, 0xB6EC, 0x8DAA, 0x53C7, 0x5387, 0x5BCA, 0x6C4B, 0x748D,
  0x7CCE, 0x8D0F, 0x952F, 0x9D30, 0xA551, 0xA571, 0xA591, 0xAD92, 0xADB2, 0xADB2, 0xB5B3, 0xB5D3,
  0xB5D3, 0xBDF3, 0xBDF3, 0xC5F4, 0xC5F4, 0xCE35, 0xCE55, 0xCE56, 0xCE56, 0xD656, 0xD677, 0xDE97,
  0xDEB8, 0xE6D9, 0xE6D9, 0xE6D9, 0xE6D9, 0xE6F9, 0xE6F9, 0xE6F9, 0xEF19, 0xEF1A, 0xEF1A, 0xEF1A,
  0xEF3A, 0xF73A, 0xF75A, 0xF75B, 0xF75B, 0xF77B, 0xF77B, 0xF79C, 0xF79C, 0xFF9C, 0xFF9C, 0xFF9C,
  0xFF9C, 0xF79C, 0xF79C, 0xF79C, 0xEF5B, 0xE6FA, 0xE6FA, 0xE6FA, 0xE6FA, 0xE71A, 0xE71A, 0xEF1A,
  0xE71A, 0xE71A, 0xE71A, 0xE71A, 0xEF3B, 0xEF3B, 0xEF3B, 0xEF3B, 0xE71A, 0xE71A, 0xE6FA, 0xE6FA,
  0xE6FA, 0xDED9, 0xDED9, 0xD6B9, 0xD698, 0xD698, 0xCE78, 0xC616, 0xC616, 0xBDF6, 0xBDF6, 0xBDF6,
  0xC616, 0xCE57, 0xCE78, 0xCE78, 0xCE78, 0xCE98, 0xD698, 0xCE57, 0xC616, 0xBDD5, 0xBDD5, 0xBDF5,
  0xAD93, 0xA552, 0xA551, 0xA551, 0xAD91, 0x9D71, 0x742C, 0x4306, 0x3306, 0x2B06, 0x53CA, 0xE79C,
  0x2AE5, 0x2AC5, 0x2AE5, 0x4388, 0x540A, 0x3B67, 0x3306, 0x3306, 0x3306, 0x3326, 0x3B67, 0x3B67,
  0x43A8, 0x43C8, 0x43A8, 0x3B67, 0x3B67, 0x3B47, 0x3326, 0x3306, 0x3306, 0x2AE5, 0x2AA5, 0x2264,
  0x2243, 0x1A02, 0x2202, 0x32C3, 0x4B85, 0x5C26, 0x856A, 0x6CAA, 0x2243, 0x2263, 0x2243, 0x1A23,
  0x1A03, 0x11C3, 0x0961, 0x1982, 0x2A25, 0x3AA6, 0x2A45, 0x19A3, 0x1161, 0x1141, 0x1162, 0x11A2,
  0x1182, 0x11A2, 0x0961, 0x5BC6, 0xD7CE, 0xE7EF, 0x850A, 0x1161, 0x19C3, 0x11C2, 0x11A2, 0x11A3,
  0x11A3, 0x19A3, 0x11A3, 0x11A2, 0x1182, 0x1182, 0x11A2, 0x11A2, 0x11A2, 0x11A2, 0x11A2, 0x19A3,
  0x1161, 0x4303, 0xC72C, 0xE7EF, 0xAE29, 0xAE48, 0xE7EC, 0x8D27, 0x3240, 0xCF4C, 0xCF6D, 0x2A82,
  0x1160, 0x5BE5, 0x9DCA, 0xAE2A, 0xBEAB, 0xCF2C, 0xD76C, 0xDFCD, 0xF7F1, 0x7487, 0x19E0, 0xBF0D,
  0xE7ED, 0xD78C, 0xBEAA, 0xD76B, 0xDFCB, 0xCF4A, 0xB6AB, 0x4B44, 0x5384, 0xDFCE, 0xD76C, 0x6C05,
  0x21E0, 0x2200, 0x8D27, 0xDFAC, 0xDFCD, 0x63E5, 0x0900, 0x8507, 0xE7EC, 0xDFAD, 0x5BC4, 0x11A0,
  0x53E5, 0x74E7, 0x95CB, 0xC74F, 0xA64B, 0x6CA8, 0x4345, 0x4367, 0x53C9, 0x5BEA, 0x6C4B, 0x748D,
  0x7CAD, 0x8CEE, 0x950F, 0x9D30, 0x9D30, 0xA551, 0xA571, 0xA571, 0xAD91, 0xADB2, 0xAD92, 0xB592,
  0xB5D3, 0xBDD3, 0xBDF3, 0xC5F4, 0xC5F4, 0xCE15, 0xCE35, 0xCE35, 0xCE35, 0xCE55, 0xD676, 0xDE97,
  0xE6B8, 0xE6D8, 0xE6D9, 0xE6F9, 0xE719, 0xE6F9, 0xE6F9, 0xE6F9, 0xEEF9, 0xEEF9, 0xEF19, 0xEEF9,
  0xEF1A, 0xEF1A, 0xEF3A, 0xEF5A, 0xEF5A, 0xEF5A, 0xEF5B, 0xF75B, 0xF75B, 0xF77C, 0xFF9C, 0xFF9C,
  0xF79C, 0xF79C, 0xF79C, 0xF79C, 0xF79C, 0xF77C, 0xF75B, 0xEF3B, 0xEF3B, 0xE6FA, 0xE6FA, 0xE71A,
  0xE6FA, 0xE6FA, 0xE71A, 0xE71A, 0xE71A, 0xEF3B, 0xEF3B, 0xEF3B, 0xE71A, 0xE6FA, 0xE6FA, 0xDED9,
  0xDED9, 0xDEB9, 0xD6B9, 0xCE78, 0xCE78, 0xCE57, 0xC616, 0xBDF6, 0xBDF6, 0xC5F6, 0xBE16, 0xCE57,
  0xCE78, 0xD678, 0xD698, 0xD698, 0xD698, 0xCE98, 0xCE78, 0xC616, 0xBDD5, 0xBDD5, 0xB5D5, 0xB5D4,
  0xAD93, 0xA551, 0xA591, 0xA571, 0x84CE, 0x53A9, 0x3B06, 0x3B06, 0x3326, 0x2AE5, 0x53CA, 0xE79C,
  0x22A5, 0x22A4, 0x2AE5, 0x5C4B, 0x9E53, 0x5C6B, 0x2AC5, 0x2AE5, 0x3306, 0x3306, 0x4388, 0x4BE9,
  0x4BE9, 0x43A8, 0x3B67, 0x3B67, 0x3B67, 0x3B67, 0x3326, 0x3306, 0x32E6, 0x2AE5, 0x2283, 0x2262,
  0x32C3, 0x32C3, 0x2243, 0x1A02, 0x1A22, 0x1A22, 0x2262, 0x32E5, 0x2283, 0x2263, 0x2263, 0x1A43,
  0x1A23, 0x19E3, 0x19C3, 0x11A2, 0x1182, 0x1182, 0x1182, 0x1182, 0x11A2, 0x11A2, 0x11A2, 0x11A2,
  0x11A2, 0x11C2, 0x0960, 0x6C47, 0xE7EF, 0xE7EE, 0x7CE9, 0x1141, 0x11A2, 0x0982, 0x11A2, 0x1182,
  0x0941, 0x0940, 0x1182, 0x19A2, 0x19A2, 0x1161, 0x0941, 0x0940, 0x0941, 0x1182, 0x11A2, 0x11A2,
  0x19E1, 0xAE2B, 0xE7ED, 0xAE6A, 0x21E0, 0x84E7, 0xE7ED, 0x9587, 0x5362, 0xD78C, 0xC72D, 0x2A42,
  0x11A0, 0xA64A, 0xE7ED, 0xDFAC, 0xCF2B, 0xDFAC, 0xE7CC, 0xB669, 0x7CC7, 0x3AE2, 0x19E0, 0xB66B,
  0xEFED, 0x9DC9, 0x2A00, 0xAE29, 0xEFEC, 0x9587, 0x2200, 0x19C1, 0x95AA, 0xE7ED, 0xBEA9, 0x7C85,
  0x7446, 0x2A40, 0x4323, 0xD76C, 0xE7EC, 0x8507, 0x0960, 0x6445, 0xDFAC, 0xDFAD, 0x63E6, 0x1A01,
  0x8DCC, 0x8549, 0x74A8, 0x5C06, 0x4324, 0x3AE5, 0x4347, 0x4B88, 0x53C9, 0x5C0A, 0x6C4B, 0x746C,
  0x7CAD, 0x8CCE, 0x950F, 0x950F, 0x9530, 0x9D50, 0x9D50, 0xA571, 0xA571, 0xAD92, 0xAD92, 0xAD92,
  0xB5B2, 0xB5D3, 0xBDF3, 0xC614, 0xC614, 0xC614, 0xC635, 0xCE35, 0xCE35, 0xCE56, 0xD676, 0xDEB7,
  0xDED8, 0xE6D8, 0xE6F9, 0xE6F9, 0xE6F9, 0xE6F9, 0xE6F9, 0xE6F9, 0xE6F9, 0xE6D9, 0xEEF9, 0xE6F9,
  0xE6F9, 0xEF19, 0xEF1A, 0xEF3A, 0xEF3A, 0xEF5A, 0xEF5B, 0xEF5B, 0xEF5B, 0xEF3A, 0xEF5B, 0xF75B,
  0xF75B, 0xF75B, 0xEF5B, 0xEF5B, 0xF75B, 0xF75C, 0xF75C, 0xF75C, 0xEF3B, 0xEF1A, 0xE6FA, 0xE6FA,
  0xE6FA, 0xE6FA, 0xE71A, 0xE71A, 0xE71A, 0xE71A, 0xE71A, 0xE71A, 0xE6FA, 0xE6FA, 0xDEFA, 0xDEB9,
  0xDEB9, 0xD6B8, 0xD678, 0xCE57, 0xCE57, 0xC616, 0xBDD5, 0xBDD6, 0xBDF6, 0xC616, 0xCE57, 0xD698,
  0xD6B9, 0xD698, 0xD698, 0xD6B9, 0xD6B8, 0xD698, 0xCE78, 0xB5D5, 0xB5B5, 0xB5B5, 0xB594, 0xB594,
  0xAD93, 0xA571, 0x8CEF, 0x5BCA, 0x3AE6, 0x3AE5, 0x3B26, 0x3326, 0x3326, 0x2AE5, 0x53CB, 0xE79C,
  0x2284, 0x2284, 0x2AA5, 0x4367, 0x6CAC, 0x4388, 0x22A4, 0x2AC5, 0x3306, 0x3B26, 0x53EA, 0x8D6F,
  0x9590, 0x5C2A, 0x4388, 0x3B67, 0x3B67, 0x3B47, 0x3326, 0x3306, 0x2AE5, 0x3303, 0x5C46, 0x8DAA,
  0x960B, 0x960A, 0x8DA9, 0x74E8, 0x3B25, 0x2263, 0x2283, 0x1A43, 0x2263, 0x2263, 0x1A43, 0x1A44,
  0x1A23, 0x19E3, 0x19E2, 0x11C3, 0x19C3, 0x19C3, 0x19C3, 0x11A3, 0x11A2, 0x11A3, 0x1182, 0x1182,
  0x0981, 0x11A2, 0x0961, 0x21C0, 0x63E6, 0x5BC5, 0x21E0, 0x19C1, 0x2221, 0x32A3, 0x19E1, 0x2A42,
  0x6C46, 0x74A8, 0x2A63, 0x1181, 0x1181, 0x3AC3, 0x7467, 0x7CE8, 0x6425, 0x21E0, 0x11A2, 0x0981,
  0x4B44, 0xD78D, 0xE7CD, 0x6C45, 0x0920, 0x6C26, 0xDFEE, 0xDFED, 0xDFED, 0xDFEF, 0x7467, 0x1181,
  0x19C1, 0x9DEA, 0xEFEE, 0x9567, 0x4AC0, 0xCF2B, 0xE7ED, 0x7CA6, 0x3241, 0x4B23, 0x2A41, 0xB64B,
  0xEFED, 0x9DA9, 0x21C0, 0xAE29, 0xEFED, 0xA5E9, 0x19C0, 0x19C0, 0xAE2B, 0xDFCC, 0xDFAB, 0xEFEE,
  0xEFED, 0x9DE9, 0x3AC2, 0xCF0C, 0xEFED, 0x8D48, 0x0960, 0x5BE4, 0xDF8C, 0xE7EC, 0x6C66, 0x2221,
  0x3B04, 0x32A2, 0x2A42, 0x2A62, 0x32A4, 0x3B06, 0x4347, 0x4B88, 0x53C9, 0x5C0A, 0x6C4B, 0x748C,
  0x7C8D, 0x84CE, 0x8CEF, 0x8CEF, 0x950F, 0x9530, 0x9D50, 0xA551, 0xAD71, 0xAD91, 0xAD91, 0xAD92,
  0xAD92, 0xB5B3, 0xBDD3, 0xBDF3, 0xC614, 0xC614, 0xC615, 0xC635, 0xCE56, 0xD697, 0xDEB7, 0xDED7,
  0xDEB7, 0xDED8, 0xE6D8, 0xE6D8, 0xE6B8, 0xE6B8, 0xE6B8, 0xDEB8, 0xDED8, 0xE6D8, 0xE6B8, 0xE6D8,
  0xE6D8, 0xEEF9, 0xEF19, 0xEF19, 0xEF19, 0xEF1A, 0xEF3A, 0xEF3A, 0xEF3A, 0xEF1A, 0xEF1A, 0xEF1A,
  0xEF19, 0xEF19, 0xEF1A, 0xEF19, 0xEF1A, 0xEF1A, 0xEF1A, 0xEF3B, 0xEF3B, 0xF75B, 0xEF3B, 0xE71A,
  0xE71A, 0xE71A, 0xE71A, 0xEF3B, 0xEF1A, 0xE71A, 0xE6FA, 0xE6FA, 0xE6FA, 0xE6D9, 0xDED9, 0xD6B9,
  0xD698, 0xD698, 0xD678, 0xCE57, 0xC637, 0xBDF6, 0xB5D5, 0xBDD6, 0xBDF6, 0xCE37, 0xD698, 0xDEB9,
  0xD6B9, 0xD6B9, 0xD6B9, 0xD6B9, 0xD698, 0xD698, 0xC657, 0xAD74, 0xB594, 0xAD94, 0xAD94, 0xADB3,
  0xA552, 0x740C, 0x42E7, 0x3AC5, 0x3AE6, 0x3B06, 0x3306, 0x3346, 0x3326, 0x2AC5, 0x53CA, 0xE79C,
  0x2285, 0x2284, 0x2285, 0x2284, 0x2AC5, 0x2AC5, 0x2AA5, 0x2AA5, 0x2AC5, 0x3306, 0x74CD, 0xD758,
  0xE7B9, 0x8D6F, 0x43A8, 0x3B47, 0x3326, 0x3326, 0x3306, 0x2AC5, 0x3B65, 0x858A, 0xB6CD, 0xB70B,
  0xB6EB, 0xB70C, 0xBF4C, 0x8DEB, 0x3304, 0x2263, 0x2283, 0x2284, 0x2263, 0x2263, 0x2243, 0x1A23,
  0x1A02, 0x19E2, 0x19E2, 0x19C3, 0x19A3, 0x1181, 0x1181, 0x0961, 0x0960, 0x1180, 0x11A0, 0x1A01,
  0x1A22, 0x19E1, 0x4324, 0x63E4, 0x7465, 0x7CA6, 0x9DA9, 0xB66C, 0xBECB, 0xCF6E, 0x4B84, 0x5BA5,
  0xE7EF, 0xDFEF, 0x4B64, 0x0920, 0x53A5, 0xCF4E, 0xEFEE, 0xEFEF, 0xE7EE, 0x9DA8, 0x19E0, 0x0960,
  0x6C46, 0xE7ED, 0xD76D, 0x4B23, 0x0961, 0x2221, 0x6C67, 0x9DEA, 0x95A9, 0x53A4, 0x19C0, 0x11A2,
  0x1180, 0xA5C9, 0xEFED, 0xB689, 0x9567, 0xDF6C, 0xDFAB, 0xD76B, 0xDFCD, 0xD7AE, 0x3AC2, 0xA60A,
  0xF7EE, 0xAE2A, 0x2200, 0xA609, 0xEFED, 0xB66A, 0x2200, 0x1A00, 0xB66B, 0xE7EC, 0xC6CA, 0x9D88,
  0xDF8C, 0xD78C, 0x6404, 0xC6CB, 0xEFED, 0x8D48, 0x0940, 0x5C04, 0xDFCC, 0xE7CC, 0x6425, 0x1A02,
  0x2A43, 0x2A63, 0x5C28, 0x858B, 0x6466, 0x4385, 0x4367, 0x53C9, 0x53C9, 0x5BEA, 0x642B, 0x6C6C,
  0x7C8D, 0x7CCD, 0x84EE, 0x8CCE, 0x94EF, 0x950F, 0x9D30, 0xA550, 0xA571, 0xA571, 0xAD92, 0xAD92,
  0xAD92, 0xB5B2, 0xBDD3, 0xBDF3, 0xC614, 0xC635, 0xCE35, 0xCE56, 0xD676, 0xD676, 0xD697, 0xD696,
  0xD697, 0xD697, 0xDE97, 0xDE97, 0xDE97, 0xDE97, 0xDE77, 0xDE77, 0xDE97, 0xDE97, 0xDE97, 0xDE98,
  0xE6B8, 0xE6D8, 0xE6F9, 0xEEF9, 0xEEF9, 0xEEF9, 0xEF19, 0xEF19, 0xEF19, 0xEF19, 0xEF19, 0xEF19,
  0xE719, 0xEEF9, 0xEED9, 0xE6D9, 0xE6F9, 0xE6F9, 0xE6F9, 0xE719, 0xE719, 0xEF1A, 0xEF3B, 0xEF3B,
  0xEF3B, 0xEF3B, 0xEF3B, 0xEF3B, 0xE71A, 0xE6FA, 0xDED9, 0xDEB9, 0xDE98, 0xDE98, 0xD678, 0xD678,
  0xD678, 0xCE78, 0xCE57, 0xCE37, 0xC616, 0xBDF6, 0xBDF6, 0xBE16, 0xC637, 0xD698, 0xDEB9, 0xDED9,
  0xDED9, 0xD6B8, 0xD698, 0xD6B9, 0xD6B8, 0xD698, 0xBDF5, 0xAD73, 0xAD94, 0xAD73, 0xAD93, 0xADB4,
  0x84AF, 0x42C6, 0x3AC5, 0x3AE6, 0x3AE5, 0x32E5, 0x3306, 0x3B26, 0x3306, 0x2AC5, 0x53AA, 0xE79C,
  0x2AA5, 0x2285, 0x2285, 0x2285, 0x2AA5, 0x2AA5, 0x2284, 0x22A5, 0x22A5, 0x32E6, 0x7D0E, 0xDF99,
  0xEFDA, 0x9590, 0x4388, 0x3326, 0x2AE6, 0x32E6, 0x2AC5, 0x32E5, 0x856C, 0xAE8D, 0xA66B, 0xA64A,
  0x9E2B, 0x95AB, 0x6447, 0x2262, 0x1A43, 0x2243, 0x1A22, 0x1A02, 0x11E1, 0x11C1, 0x11C1, 0x19E0,
  0x2241, 0x2222, 0x1A02, 0x19E2, 0x2201, 0x4302, 0x53A4, 0x6C66, 0x84E7, 0x9568, 0xA629, 0xBEEC,
  0x8D6A, 0x2A40, 0xBECD, 0xE7ED, 0xE7ED, 0xEFEE, 0xE7ED, 0xE7CB, 0xE7CC, 0xEFEF, 0x6C66, 0x5BA3,
  0xDFCC, 0xDFAC, 0x5BA4, 0x2A21, 0xC6EC, 0xEFEC, 0x9DC7, 0x9D89, 0xE7CD, 0xDFCD, 0x5384, 0x0940,
  0x7CE7, 0xE7EE, 0xCF2C, 0x3AA2, 0x1181, 0x11A0, 0x19A0, 0x5364, 0x7466, 0x4B43, 0x21C0, 0x0960,
  0x4B44, 0xCF2D, 0xDFCB, 0xE7EC, 0xEFEE, 0xE7CC, 0xDFCB, 0xD76C, 0xB68B, 0xA60B, 0x3281, 0x9DA9,
  0xF7EE, 0xB68B, 0x2200, 0x9588, 0xEFED, 0xBEAB, 0x2A41, 0x2200, 0xAE4A, 0xEFEE, 0x84A6, 0x1960,
  0xBEAB, 0xE7ED, 0x7CA5, 0xB669, 0xEFEC, 0xA5EA, 0x2200, 0x8D68, 0xE7EC, 0xD76C, 0x4343, 0x2243,
  0x2AA4, 0x2A84, 0x4B85, 0x960B, 0xAEED, 0xA68E, 0x6CA9, 0x4BA8, 0x53C9, 0x5C0A, 0x642A, 0x6C4B,
  0x746C, 0x7C8C, 0x84CD, 0x8CEE, 0x8CEF, 0x950F, 0x950F, 0x9D30, 0x9D50, 0xA550, 0xA571, 0xAD92,
  0xB5B2, 0xB5D3, 0xBDF4, 0xC614, 0xC634, 0xCE55, 0xCE35, 0xCE35, 0xCE35, 0xCE55, 0xD676, 0xD675,
  0xD676, 0xD676, 0xD676, 0xD676, 0xD676, 0xD656, 0xD636, 0xD656, 0xD677, 0xDE77, 0xDE77, 0xD677,
  0xDE77, 0xDE98, 0xE6B8, 0xE6D8, 0xE6D9, 0xEEF8, 0xEEF8, 0xEEF8, 0xEEF8, 0xE6F8, 0xE6F9, 0xEF19,
  0xE719, 0xE6F8, 0xE6D8, 0xE6D8, 0xDED8, 0xE6D8, 0xDED8, 0xE6D8, 0xE6D8, 0xE6D8, 0xE6F9, 0xEF1A,
  0xEF5B, 0xEF5B, 0xEF3B, 0xEF3B, 0xE71A, 0xDED9, 0xDEB9, 0xD678, 0xCE57, 0xCE57, 0xCE37, 0xCE37,
  0xC637, 0xC637, 0xCE57, 0xCE57, 0xC616, 0xC616, 0xC637, 0xC657, 0xD698, 0xD6B9, 0xDED9, 0xDEB9,
  0xDEB9, 0xD698, 0xD6B8, 0xD698, 0xD698, 0xCE98, 0xB5B4, 0xA532, 0xA573, 0xAD73, 0xA593, 0xA593,
  0x744D, 0x3AA5, 0x3AE5, 0x3AE5, 0x32E5, 0x32E5, 0x3306, 0x3326, 0x3306, 0x2AC5, 0x53AA, 0xE79C,
  0x2265, 0x2285, 0x2A85, 0x2A85, 0x2A85, 0x2284, 0x2264, 0x2264, 0x2264, 0x32E5, 0x53C9, 0x8D70,
  0x95F2, 0x644B, 0x3306, 0x2AE6, 0x2AC5, 0x2AA5, 0x2AA5, 0x2AA5, 0x3B05, 0x3B03, 0x3AE2, 0x32C3,
  0x2A83, 0x2222, 0x19E2, 0x1A04, 0x1A23, 0x2A82, 0x4363, 0x4B84, 0x5BC4, 0x74A7, 0x8527, 0x9588,
  0xB6CD, 0x7CE8, 0x1A01, 0x11C1, 0x6426, 0xDFCE, 0xDFAD, 0xE7EE, 0xEFEE, 0xE7ED, 0xE7CC, 0xEFEF,
  0xAE4C, 0x2A20, 0xBEAB, 0xE7EC, 0xAE29, 0x6404, 0xCF0B, 0xE7CB, 0xB649, 0x5BC5, 0x2A61, 0x5363,
  0xDF8C, 0xE7ED, 0x5BC4, 0x5384, 0xE7ED, 0xDFAB, 0x42A1, 0x42E2, 0xDFAD, 0xDFCC, 0x6C66, 0x0940,
  0x7CC7, 0xE7ED, 0xD72C, 0x3AE2, 0x1181, 0x2A61, 0xA609, 0xDFEE, 0xE7EE, 0xE7EE, 0x8508, 0x2220,
  0xAE4B, 0xE7ED, 0xD76B, 0x9568, 0x7425, 0xC6AA, 0xEFED, 0xA5EA, 0x21E0, 0x19E1, 0x19A0, 0x9DA9,
  0xEFED, 0xBECC, 0x2A00, 0x9568, 0xEFED, 0xC6EB, 0x32A2, 0x11C0, 0x9589, 0xEFEF, 0xA5C9, 0x4AE2,
  0xC70B, 0xDFED, 0x5B83, 0x9D88, 0xE7ED, 0xCF4B, 0xB68A, 0xCF6B, 0xE7ED, 0xA629, 0x2A61, 0x2A64,
  0x2AA4, 0x32C5, 0x2AA4, 0x3B24, 0x6468, 0x74EA, 0x5C48, 0x4BA7, 0x53C9, 0x5C0A, 0x640A, 0x6C4B,
  0x6C6C, 0x748C, 0x7CAD, 0x84EE, 0x8D0F, 0x8D0F, 0x950F, 0x9D30, 0xA550, 0xA551, 0xAD92, 0xB5B2,
  0xB5D3, 0xBDF3, 0xBDF4, 0xC614, 0xC634, 0xC614, 0xC615, 0xCE35, 0xCE35, 0xCE55, 0xD675, 0xD655,
  0xD655, 0xCE55, 0xD655, 0xD656, 0xD655, 0xCE35, 0xCE35, 0xD655, 0xD656, 0xD656, 0xD656, 0xD656,
  0xD656, 0xD677, 0xDE77, 0xDE77, 0xDE77, 0xDE98, 0xE6B8, 0xE6B8, 0xE6D8, 0xE6D8, 0xE6F8, 0xE6D8,
  0xE6D8, 0xDED7, 0xDEB7, 0xDEB7, 0xDEB8, 0xDE97, 0xDE97, 0xE697, 0xE697, 0xDEB8, 0xE6B8, 0xE6D8,
  0xE6D8, 0xE6F9, 0xEF1A, 0xEF1A, 0xEF3B, 0xEF1A, 0xE6FA, 0xDEB9, 0xD678, 0xCE57, 0xC637, 0xC616,
  0xBE16, 0xC616, 0xC616, 0xC637, 0xC637, 0xC637, 0xCE57, 0xCE78, 0xD6B9, 0xDED9, 0xDED9, 0xDED9,
  0xD6B8, 0xD6B8, 0xD6B8, 0xD6B8, 0xCE98, 0xCE57, 0xAD73, 0xA532, 0xA532, 0xA553, 0xA593, 0xA5B3,
  0x63CB, 0x3AA5, 0x3AE5, 0x3AE5, 0x32C5, 0x32C5, 0x32E5, 0x3306, 0x3B27, 0x32E5, 0x53CA, 0xE79C,
  0x2265, 0x2285, 0x2AC5, 0x2AC5, 0x2AA5, 0x2284, 0x2264, 0x1A44, 0x1A44, 0x2284, 0x2AC5, 0x3B47,
  0x43A9, 0x3B47, 0x2AE6, 0x2AA5, 0x2285, 0x22A5, 0x22A5, 0x2285, 0x2244, 0x1A23, 0x1A03, 0x1A03,
  0x1A03, 0x1A03, 0x1A23, 0x1A03, 0x19E1, 0x95A9, 0xCF8C, 0xD7AD, 0xDFCE, 0xDFED, 0xE7ED, 0xE7ED,
  0xDFEE, 0x8D49, 0x19E1, 0x11A1, 0x6C66, 0xE7EE, 0xD78B, 0x84C5, 0x9568, 0xDFAD, 0xD74C, 0x8D07,
  0x4B45, 0x21E0, 0xB68B, 0xEFED, 0x9568, 0x19A0, 0xBEAC, 0xEFEE, 0x9568, 0x1160, 0x0980, 0x42E2,
  0xD74C, 0xEFED, 0x6C45, 0x5BC5, 0xE7ED, 0xD78B, 0x42C2, 0x42E2, 0xDFAD, 0xE7EC, 0x6C66, 0x0940,
  0x6C45, 0xE7ED, 0xD76D, 0x5363, 0x0960, 0x7CA7, 0xEFEE, 0xC70A, 0x8505, 0xD74D, 0xD78E, 0x6424,
  0xC70B, 0xE7EC, 0x9567, 0x1140, 0x1980, 0xB649, 0xEFEC, 0x8D48, 0x11E0, 0x1A22, 0x19C0, 0x9DA9,
  0xEFED, 0xC70C, 0x2A21, 0x8507, 0xE7EC, 0xCF2C, 0x4323, 0x11A0, 0x5BE4, 0xDFAF, 0xDFCD, 0xD78C,
  0xE7EE, 0xB6AB, 0x2200, 0x5384, 0xCF6D, 0xDFED, 0xE7EC, 0xDFCD, 0xB6AB, 0x4B43, 0x2A43, 0x32A5,
  0x32C5, 0x32E5, 0x3AE6, 0x3B26, 0x3B26, 0x3B06, 0x4347, 0x53A8, 0x53C9, 0x5BEA, 0x640A, 0x6C4B,
  0x6C6C, 0x748C, 0x748C, 0x84CD, 0x84EE, 0x950F, 0x952F, 0x9D50, 0xA571, 0xAD92, 0xB5B2, 0xB5D3,
  0xB5D3, 0xBDF3, 0xBDF4, 0xBE14, 0xBE14, 0xBDF4, 0xC614, 0xCE35, 0xCE35, 0xCE55, 0xCE55, 0xCE35,
  0xCE35, 0xCE35, 0xCE55, 0xCE35, 0xCE35, 0xCE35, 0xCE35, 0xCE35, 0xCE35, 0xCE36, 0xCE36, 0xCE36,
  0xCE15, 0xCE36, 0xCE36, 0xCE16, 0xCE16, 0xD656, 0xD656, 0xD676, 0xDE77, 0xDE97, 0xDE97, 0xDEB7,
  0xDEB8, 0xDEB7, 0xDEB7, 0xDE97, 0xDE97, 0xDE97, 0xDE97, 0xDE97, 0xDE77, 0xDE97, 0xDE98, 0xDE97,
  0xDEB8, 0xDEB8, 0xE6D8, 0xE6D9, 0xE6F9, 0xE6FA, 0xE6F9, 0xE71A, 0xE71A, 0xDEF9, 0xD6B9, 0xCE78,
  0xC636, 0xC616, 0xC616, 0xC637, 0xC637, 0xCE57, 0xCE78, 0xD698, 0xD6B9, 0xDED9, 0xD6B8, 0xD6B8,
  0xD6B8, 0xD698, 0xD6B8, 0xCE98, 0xCE77, 0xBE16, 0xA552, 0x9511, 0x9D32, 0xA552, 0xA5B3, 0x9510,
  0x42E7, 0x3AC5, 0x3AE5, 0x3AE6, 0x32E5, 0x32C5, 0x3B26, 0x3B27, 0x3B26, 0x2AE5, 0x53CA, 0xE79C,
  0x2265, 0x2AA5, 0x3B67, 0x53E9, 0x4BA8, 0x32E5, 0x2264, 0x1A43, 0x1A43, 0x2284, 0x2AA5, 0x2AA5,
  0x2AC6, 0x32E6, 0x32C6, 0x2265, 0x2265, 0x2285, 0x2285, 0x2285, 0x2264, 0x1A44, 0x1A23, 0x1A23,
  0x1A03, 0x1A03, 0x19E3, 0x11C2, 0x19E1, 0xAE4A, 0xE7EC, 0xB68A, 0x9546, 0xCF4B, 0xDF8B, 0x8CE6,
  0x42C2, 0x2200, 0x11A2, 0x0981, 0x6405, 0xE7ED, 0xD78B, 0x3AA1, 0x5BC4, 0xE7ED, 0xCF6B, 0x3AC1,
  0x0940, 0x19E0, 0xAE4A, 0xEFED, 0xA5EA, 0x2200, 0xAE4B, 0xEFEE, 0xA5E9, 0x1A00, 0x11C1, 0x3AC3,
  0xD74C, 0xEFED, 0x74A6, 0x4B63, 0xDFAD, 0xDFCC, 0x5BA4, 0x4B23, 0xE7ED, 0xDFCC, 0x5BC5, 0x0940,
  0x4B64, 0xD78D, 0xE7CC, 0x7CC6, 0x0960, 0x8D48, 0xEFEE, 0x9567, 0x1180, 0xB64A, 0xDFCE, 0x6405,
  0xBEAB, 0xE7EC, 0xB689, 0x5383, 0x84E6, 0xD76C, 0xE7ED, 0x6445, 0x11E1, 0x1A43, 0x19E0, 0x9DA8,
  0xEFEE, 0xCF4E, 0x3261, 0x8527, 0xE7EE, 0xCF6E, 0x4B64, 0x11E1, 0x1A20, 0x6C65, 0xBF0D, 0xCF6D,
  0xA62A, 0x4303, 0x19E2, 0x1A01, 0x4363, 0x7D27, 0x8548, 0x6C65, 0x32C2, 0x2242, 0x2AA4, 0x32C5,
  0x32E6, 0x3AE6, 0x3B06, 0x4327, 0x4368, 0x4B68, 0x4BA9, 0x53A9, 0x53E9, 0x5BEA, 0x640A, 0x6C4B,
  0x6C6C, 0x748C, 0x7C8D, 0x7CAD, 0x8CEE, 0x952F, 0x9530, 0x9D71, 0xA591, 0xADB2, 0xADB2, 0xB5B2,
  0xB5D3, 0xB5D3, 0xBDF3, 0xBDF3, 0xBDF3, 0xBDF3, 0xC614, 0xCE14, 0xCE35, 0xCE34, 0xCE34, 0xCE34,
  0xCE14, 0xCE14, 0xCE35, 0xCE15, 0xC614, 0xCE14, 0xCE15, 0xCDF5, 0xCDF5, 0xCE15, 0xCE15, 0xCE15,
  0xCE15, 0xCE15, 0xCE15, 0xC5F5, 0xC615, 0xCE15, 0xCE35, 0xD636, 0xD636, 0xD636, 0xD656, 0xDE76,
  0xDE97, 0xDE97, 0xDE96, 0xDE77, 0xDE77, 0xDE97, 0xDE97, 0xDE97, 0xDE97, 0xDE97, 0xDE77, 0xDE77,
  0xDE97, 0xDE97, 0xDEB8, 0xDEB8, 0xDEB8, 0xDE98, 0xD698, 0xD698, 0xDEB9, 0xDEB8, 0xDED9, 0xDED9,
  0xD6D9, 0xD698, 0xCE57, 0xCE57, 0xCE57, 0xD698, 0xD698, 0xD6B8, 0xD6B9, 0xD6D9, 0xD698, 0xD698,
  0xD6B8, 0xD6B8, 0xD698, 0xCE98, 0xC657, 0xB5B4, 0x9D11, 0x9511, 0x9D52, 0xA593, 0xA5B2, 0x5BAA,
  0x3AA5, 0x3AE6, 0x32E5, 0x3B06, 0x3B26, 0x3306, 0x3326, 0x3B47, 0x3B27, 0x3305, 0x53EA, 0xEF9C,
  0x2244, 0x32C6, 0x5C4B, 0x8DB0, 0x8D8F, 0x53E8, 0x2A84, 0x2243, 0x2243, 0x2264, 0x2AA6, 0x2A85,
  0x2285, 0x2A85, 0x2A85, 0x2265, 0x2264, 0x2264, 0x2264, 0x1A44, 0x1A44, 0x1A24, 0x1A03, 0x1A03,
  0x1A03, 0x19E3, 0x19E3, 0x19E3, 0x11A0, 0x9DC9, 0xE7ED, 0x8D26, 0x4AE1, 0xCF0C, 0xDFAC, 0xA5C7,
  0x7CC6, 0x6C65, 0x32A1, 0x0980, 0x5BE4, 0xDFEC, 0xDFAC, 0x4B03, 0x53A4, 0xDFED, 0xD78C, 0x4B83,
  0x11A1, 0x1A00, 0xA5EA, 0xEFED, 0xAE0A, 0x19C0, 0x9DA9, 0xEFED, 0xB68B, 0x2241, 0x11C2, 0x3AC3,
  0xCF4C, 0xE7ED, 0x7CC6, 0x21E0, 0xBECB, 0xEFEE, 0x9548, 0x7CA6, 0xE7EE, 0xC70A, 0x42E2, 0x2202,
  0x2200, 0xAE4A, 0xE7EC, 0xC70C, 0x4B43, 0x84E6, 0xEFED, 0xB66A, 0x7464, 0xDF8D, 0xCF6D, 0x32A1,
  0x8507, 0xE7ED, 0xE7EC, 0xE7ED, 0xE7ED, 0xE7ED, 0xB66B, 0x3282, 0x1A22, 0x1A43, 0x1A00, 0x8548,
  0xC70C, 0x9589, 0x2A61, 0x5384, 0x74C6, 0x4BC4, 0x2282, 0x1A22, 0x1A22, 0x1201, 0x32C2, 0x3B02,
  0x2241, 0x1202, 0x1A23, 0x1A23, 0x1A02, 0x1A21, 0x2242, 0x1A21, 0x2243, 0x2A84, 0x2AA4, 0x32C5,
  0x3AE6, 0x3AE6, 0x3B06, 0x4327, 0x4B68, 0x4B88, 0x4BA9, 0x5BEA, 0x5C0A, 0x640A, 0x6C4B, 0x6C4C,
  0x746C, 0x748C, 0x7CAD, 0x84CD, 0x952F, 0x9D50, 0x9D50, 0xA571, 0xA571, 0xA591, 0xAD92, 0xAD92,
  0xB5B2, 0xB5D3, 0xB5D3, 0xB5D3, 0xBDD3, 0xBDD3, 0xBDD3, 0xC614, 0xC614, 0xC614, 0xC614, 0xC614,
  0xC5F4, 0xC5F4, 0xCE15, 0xC5F4, 0xC5F4, 0xC5F4, 0xC5F4, 0xC5F5, 0xCDF5, 0xCE15, 0xCE36, 0xCE36,
  0xCE36, 0xCE15, 0xCE36, 0xCE15, 0xC615, 0xCE15, 0xCE15, 0xCE15, 0xCE15, 0xD635, 0xD635, 0xD636,
  0xD655, 0xD676, 0xDE76, 0xDE77, 0xDE97, 0xDE97, 0xDE77, 0xDE97, 0xDE97, 0xDE97, 0xDE77, 0xDE77,
  0xDE97, 0xD677, 0xD697, 0xDE97, 0xD677, 0xD677, 0xD677, 0xD657, 0xCE57, 0xCE57, 0xCE57, 0xCE57,
  0xD698, 0xD6B9, 0xD6B9, 0xD6B9, 0xD698, 0xD698, 0xD698, 0xD6B8, 0xD698, 0xD6B8, 0xD6B8, 0xD698,
  0xD698, 0xD698, 0xCE77, 0xCE77, 0xBE15, 0xA532, 0x94D0, 0x9511, 0x9D52, 0xA593, 0x84CE, 0x42E6,
  0x3AE6, 0x3B06, 0x3306, 0x3B26, 0x3B47, 0x3306, 0x3306, 0x3326, 0x3B47, 0x3B87, 0x6C8C, 0xEFBC,
  0x2244, 0x2A85, 0x53C9, 0x7D0E, 0x854F, 0x53E9, 0x2A84, 0x2243, 0x2223, 0x2244, 0x2264, 0x2A84,
  0x32E4, 0x3B05, 0x3B05, 0x3B25, 0x3B05, 0x32C4, 0x2A84, 0x1A23, 0x1A23, 0x1A03, 0x1A03, 0x1A03,
  0x19E3, 0x19E3, 0x19C3, 0x11A1, 0x2200, 0xAE4A, 0xDFCB, 0xCF4C, 0xCF4D, 0xDFAC, 0xDF8B, 0xE7CC,
  0xE7ED, 0xDFEC, 0xBECB, 0x2A61, 0x5BC4, 0xE7CD, 0xDFAC, 0x4B23, 0x4322, 0xDFAC, 0xDFED, 0x6446,
  0x11A0, 0x1A00, 0x9DCA, 0xEFED, 0xBEAB, 0x19E0, 0x9588, 0xEFED, 0xBEEB, 0x2A81, 0x11C2, 0x3AC2,
  0xC72C, 0xE7EC, 0x9D88, 0x29E0, 0x8CC7, 0xE7CE, 0xD78B, 0xCF4B, 0xE7CC, 0xCF4A, 0xBE8A, 0xA60B,
  0x2240, 0x53A4, 0xCF6D, 0xE7EF, 0xCF6C, 0xC72A, 0xDFCC, 0xE7ED, 0xE7EE, 0xDFAE, 0x74A6, 0x1A01,
  0x2A61, 0x8527, 0xBEEC, 0xC72D, 0xBECC, 0x8D88, 0x3AE1, 0x1A02, 0x1A23, 0x1A22, 0x2242, 0x2AA2,
  0x2AC1, 0x2241, 0x1A22, 0x1A22, 0x1A21, 0x1A21, 0x1A42, 0x1A43, 0x1A43, 0x1A43, 0x1A22, 0x1A22,
  0x1A42, 0x1A63, 0x1A43, 0x2263, 0x2263, 0x2284, 0x2A84, 0x2A84, 0x2A84, 0x2A84, 0x32A5, 0x32C5,
  0x3AE6, 0x3B06, 0x3B06, 0x4327, 0x4B68, 0x4B88, 0x4B88, 0x5BEA, 0x5C0A, 0x63EA, 0x6C4B, 0x6C6C,
  0x746C, 0x746C, 0x7CAD, 0x84EE, 0x952F, 0x9550, 0x9D50, 0x9D51, 0xA550, 0xA571, 0xAD71, 0xAD92,
  0xB5B2, 0xB5D3, 0xB5B2, 0xB5D3, 0xB5D3, 0xB5D3, 0xB5D3, 0xBDF3, 0xC5F4, 0xC5F4, 0xC5F4, 0xC5F4,
  0xC614, 0xC5F4, 0xC615, 0xC615, 0xCE55, 0xCE35, 0xCE55, 0xD676, 0xD677, 0xDE97, 0xDEB8, 0xDEB8,
  0xDEB8, 0xDEB8, 0xDEB8, 0xDE77, 0xD656, 0xD677, 0xD636, 0xCE15, 0xCE15, 0xCE15, 0xCE15, 0xCE15,
  0xCE36, 0xD636, 0xD656, 0xD637, 0xD636, 0xDE77, 0xD656, 0xDE77, 0xDE97, 0xDE98, 0xDE97, 0xDE77,
  0xDE77, 0xD677, 0xD677, 0xD677, 0xD656, 0xD677, 0xD677, 0xCE56, 0xC616, 0xC636, 0xC616, 0xC616,
  0xC636, 0xC636, 0xCE57, 0xCE78, 0xD698, 0xD6B8, 0xD698, 0xCE98, 0xCE98, 0xD698, 0xCE98, 0xCE98,
  0xCE97, 0xCE77, 0xC657, 0xC657, 0xADB4, 0x9D11, 0x9511, 0x9D32, 0x9D52, 0x9D72, 0x5BCA, 0x3AE6,
  0x3B06, 0x3306, 0x3306, 0x3306, 0x3B26, 0x3326, 0x3B26, 0x3B67, 0x5409, 0x648A, 0x95D1, 0xEFDC,
  0x1A03, 0x1A23, 0x2A84, 0x3B06, 0x4347, 0x32E6, 0x2A64, 0x1A23, 0x2243, 0x3B04, 0x4B85, 0x5C06,
  0x6CA7, 0x74E7, 0x7D06, 0x7D27, 0x7D07, 0x7D08, 0x74C7, 0x5BE5, 0x4303, 0x2A63, 0x2202, 0x19E2,
  0x19E3, 0x19C3, 0x19C3, 0x1180, 0x7D08, 0xD7CE, 0xD7AC, 0xCF4C, 0xBE8A, 0xCF2A, 0xDFCB, 0xAE27,
  0x8D06, 0xD78B, 0xE7EE, 0x6405, 0x4B43, 0xDFCC, 0xDFAC, 0x53A4, 0x3AE1, 0xD78C, 0xE7ED, 0x74A7,
  0x11A0, 0x19E0, 0x9DA9, 0xEFED, 0xC70C, 0x2A40, 0x8D48, 0xEFEE, 0xC70C, 0x32A1, 0x11C2, 0x32A2,
  0xC6EB, 0xE7EB, 0xD76C, 0xCEEB, 0xD74C, 0xDFCB, 0xE7CB, 0xDFCB, 0xE7CC, 0xE7EC, 0xE7ED, 0xC72C,
  0x32E1, 0x1A21, 0x5383, 0xA60A, 0xC74B, 0xD78C, 0xCF4C, 0xC6EB, 0xA5E8, 0x5BE4, 0x1A21, 0x1A23,
  0x1A02, 0x1A21, 0x32C2, 0x3AE2, 0x32A1, 0x2221, 0x1A22, 0x1A43, 0x1A43, 0x1A43, 0x2263, 0x1A42,
  0x1A22, 0x1A43, 0x1A22, 0x1A22, 0x1A43, 0x1A43, 0x1A63, 0x2263, 0x2263, 0x2243, 0x2263, 0x2263,
  0x1A43, 0x2263, 0x2263, 0x2263, 0x2263, 0x2264, 0x2A84, 0x2A84, 0x2A84, 0x2A84, 0x32C5, 0x32C5,
  0x32E6, 0x3AE6, 0x3B06, 0x4327, 0x4347, 0x4B68, 0x4B88, 0x53A9, 0x5BEA, 0x5C0A, 0x642B, 0x6C4B,
  0x746C, 0x748C, 0x84EE, 0x8D0E, 0x8D0F, 0x950F, 0x952F, 0x9D30, 0x9D30, 0xA550, 0xA571, 0xADB2,
  0xADB2, 0xADB2, 0xADB2, 0xB5D2, 0xB5F3, 0xB5D3, 0xB5D3, 0xBDF3, 0xC634, 0xC635, 0xC635, 0xCE75,
  0xCE76, 0xCE76, 0xD696, 0xD697, 0xDED7, 0xDEB8, 0xDED8, 0xE6F8, 0xE6F9, 0xE719, 0xEF19, 0xEF3A,
  0xEF19, 0xEF19, 0xEF19, 0xE6F9, 0xE6D8, 0xE6D8, 0xE6B8, 0xDE97, 0xD676, 0xD656, 0xD636, 0xCE15,
  0xCE15, 0xCE15, 0xCE15, 0xCE16, 0xCDF5, 0xCE15, 0xCE15, 0xD656, 0xDE77, 0xDE97, 0xDE97, 0xDE97,
  0xD677, 0xD677, 0xD657, 0xD677, 0xD656, 0xD656, 0xD656, 0xCE56, 0xC616, 0xC616, 0xC616, 0xC616,
  0xC616, 0xC616, 0xC636, 0xC636, 0xCE77, 0xCE98, 0xCE98, 0xCE77, 0xCE98, 0xCE98, 0xCE97, 0xCE77,
  0xCE77, 0xCE77, 0xC657, 0xBE36, 0xA573, 0x94F1, 0x94F1, 0x9D32, 0x9D72, 0x8D10, 0x4327, 0x4326,
  0x3B26, 0x3306, 0x3326, 0x3326, 0x3B26, 0x3B67, 0x4BC8, 0x5C6A, 0x7D6D, 0x8DEF, 0x9E32, 0xEFBC,
  0x19E3, 0x1A03, 0x1A03, 0x2244, 0x2264, 0x2A63, 0x2A83, 0x3AE3, 0x53E5, 0x6C86, 0x74C6, 0x74E5,
  0x74E4, 0x7504, 0x7D04, 0x8545, 0x8D65, 0x8D86, 0x95A7, 0x9E08, 0x9588, 0x74C7, 0x53A4, 0x2A82,
  0x19E1, 0x19C2, 0x1182, 0x2201, 0xB6CC, 0xDFCC, 0xAE4A, 0x42C2, 0x21E0, 0xA628, 0xE7ED, 0x8506,
  0x2A40, 0xC72B, 0xE7ED, 0x6C87, 0x42C2, 0xDF8C, 0xE7CC, 0x6C46, 0x32C1, 0xD76B, 0xE7ED, 0x7CE7,
  0x11C0, 0x19E0, 0x8D48, 0xE7EC, 0xCF2D, 0x3AA1, 0x9568, 0xEFEE, 0xD78D, 0x4343, 0x11C1, 0x32A1,
  0xC70D, 0xE7EE, 0xDFCE, 0xDF8D, 0xCF2B, 0xD78B, 0xE7CB, 0xDFCC, 0xA5E9, 0x6C86, 0x6425, 0x53C5,
  0x2282, 0x2262, 0x1A01, 0x2241, 0x3B22, 0x4B84, 0x4363, 0x32E1, 0x2260, 0x1A41, 0x1A62, 0x1A62,
  0x1A63, 0x1A63, 0x1A42, 0x1A42, 0x1A41, 0x1A41, 0x1A22, 0x1201, 0x1A02, 0x1A21, 0x1A60, 0x2281,
  0x2A81, 0x2AC2, 0x32E2, 0x3302, 0x3303, 0x2AC3, 0x2282, 0x2263, 0x2263, 0x2263, 0x2263, 0x2263,
  0x2263, 0x2284, 0x2264, 0x2263, 0x2264, 0x2A84, 0x2AA5, 0x2AA5, 0x2A85, 0x2AA5, 0x32C5, 0x32E5,
  0x32E6, 0x3AE6, 0x3B06, 0x4327, 0x4347, 0x4B88, 0x4B88, 0x4B88, 0x53C9, 0x5BEA, 0x640A, 0x640B,
  0x746C, 0x7CAD, 0x7CCD, 0x84CD, 0x8CEE, 0x8CEE, 0x8CEE, 0x9D2F, 0x9D50, 0xA550, 0xA571, 0xAD92,
  0xADB2, 0xADB2, 0xADB2, 0xADB2, 0xB5F3, 0xB5D3, 0xB5D3, 0xB5D3, 0xC614, 0xC635, 0xCE55, 0xCE96,
  0xD696, 0xD6B7, 0xDED7, 0xDEF8, 0xE6F8, 0xE6F9, 0xE719, 0xE719, 0xE739, 0xE719, 0xE719, 0xEF1A,
  0xEF3A, 0xEF3A, 0xEF5A, 0xF75A, 0xEF3A, 0xEF3A, 0xEEF9, 0xE6D9, 0xE6D9, 0xE6D8, 0xDED8, 0xDEB8,
  0xDE97, 0xD677, 0xD656, 0xCE36, 0xCE36, 0xCE15, 0xC5F5, 0xCE15, 0xCE15, 0xCE36, 0xDE77, 0xDE97,
  0xDE77, 0xD657, 0xD657, 0xD656, 0xD657, 0xD656, 0xCE36, 0xCE36, 0xC636, 0xC616, 0xC616, 0xC616,
  0xC616, 0xC616, 0xC636, 0xCE57, 0xCE77, 0xCE77, 0xCE77, 0xD697, 0xCE97, 0xC656, 0xC655, 0xC656,
  0xCE77, 0xCE77, 0xC657, 0xB615, 0x9D52, 0x94F1, 0x94F1, 0x9511, 0x9D72, 0x6C2C, 0x3B06, 0x4346,
  0x3B46, 0x3B47, 0x3B67, 0x4367, 0x43A7, 0x5429, 0x752C, 0x8DEF, 0x8E0F, 0x7D6C, 0x854E, 0xEFBC,
  0x2203, 0x2203, 0x1A03, 0x19E3, 0x2222, 0x32E3, 0x53C4, 0x6445, 0x6464, 0x6443, 0x6443, 0x6463,
  0x6C83, 0x6CA3, 0x74C4, 0x7CE4, 0x74C3, 0x7CE4, 0x8D25, 0x9565, 0x9586, 0x9DA7, 0x9DC8, 0x7D08,
  0x4B84, 0x2201, 0x1161, 0x2A42, 0xBEED, 0xDFCC, 0x8D07, 0x08E0, 0x42A2, 0xBF0A, 0xDFED, 0x8526,
  0x7484, 0xD7AC, 0xDFEE, 0x5C05, 0x3AC1, 0xD76C, 0xE7ED, 0x7CA7, 0x32A1, 0xD76C, 0xE7ED, 0x8548,
  0x1A01, 0x1A01, 0x8D69, 0xEFEF, 0xD790, 0x3AE2, 0x74C7, 0xCF6E, 0xA66A, 0x3B23, 0x1A22, 0x2AA2,
  0x74A7, 0x74C7, 0x6404, 0x4B83, 0x4B21, 0xBE8A, 0xE7ED, 0xC72C, 0x32C1, 0x1A01, 0x1A22, 0x1A43,
  0x1A63, 0x2263, 0x2263, 0x2263, 0x1A62, 0x1A42, 0x1A43, 0x1A43, 0x1A63, 0x1A62, 0x1A62, 0x1242,
  0x1A42, 0x1A22, 0x1A41, 0x2261, 0x2AC2, 0x3303, 0x4BA5, 0x5C26, 0x6466, 0x74E8, 0x8589, 0x8DCA,
  0x95EB, 0x95EB, 0x8DAA, 0x8569, 0x7509, 0x5427, 0x22A3, 0x2283, 0x2283, 0x2283, 0x2284, 0x2263,
  0x2264, 0x2264, 0x2264, 0x2264, 0x2A84, 0x2A84, 0x2AA5, 0x2AA5, 0x2AA5, 0x32C5, 0x32C5, 0x32C5,
  0x32E6, 0x3AE6, 0x3B06, 0x3B06, 0x4347, 0x4B88, 0x4B88, 0x4B88, 0x53A9, 0x53C9, 0x5BEA, 0x640A,
  0x746C, 0x7CAD, 0x7C8D, 0x7CAD, 0x84CD, 0x84CD, 0x8CEE, 0x950F, 0x9D30, 0x9D30, 0x9D50, 0xA571,
  0xA591, 0xA591, 0xAD91, 0xADB2, 0xADD2, 0xB5D3, 0xB5D3, 0xB5D3, 0xBE14, 0xC634, 0xC655, 0xCE96,
  0xD696, 0xD6B7, 0xDEF8, 0xDEF8, 0xE6F8, 0xE6F8, 0xE718, 0xE718, 0xE739, 0xE719, 0xE6F9, 0xE719,
  0xEF19, 0xEF1A, 0xEF3A, 0xEF3A, 0xEF5A, 0xEF5A, 0xEF5A, 0xEF3A, 0xEF3A, 0xEF3A, 0xEF3A, 0xEF19,
  0xE719, 0xE6F9, 0xE6F9, 0xDED8, 0xDEB8, 0xDE97, 0xD657, 0xCE36, 0xCE16, 0xCE15, 0xCE15, 0xD636,
  0xD657, 0xD657, 0xD677, 0xD677, 0xD677, 0xD677, 0xCE56, 0xCE57, 0xC636, 0xC616, 0xC616, 0xC5F5,
  0xBE15, 0xBE16, 0xC656, 0xCE97, 0xCE96, 0xCE75, 0xC654, 0xBE33, 0xADD1, 0x9D6F, 0x952D, 0xA590,
  0xBE55, 0xC657, 0xBE56, 0xADD4, 0x9531, 0x9511, 0x9511, 0x9D52, 0x8D11, 0x4B69, 0x3B26, 0x53E8,
  0x5409, 0x4BC8, 0x4BC8, 0x5408, 0x64AA, 0x858D, 0x8DEE, 0x7D8D, 0x750B, 0x5448, 0x6CAB, 0xEFBC,
  0x2223, 0x2223, 0x1A02, 0x2A62, 0x4343, 0x5C04, 0x5C23, 0x5C03, 0x5C03, 0x5C03, 0x5C03, 0x6443,
  0x6463, 0x6C83, 0x6CA3, 0x6C83, 0x6C83, 0x7CC4, 0x8504, 0x84E4, 0x8525, 0x8D66, 0x9DC7, 0x9DE8,
  0x95A8, 0x6C65, 0x3282, 0x19A0, 0x9DAA, 0xDFCD, 0xC70B, 0x9DA9, 0xBEAB, 0xD7CC, 0xD7AC, 0xC72A,
  0xD7AA, 0xE7EC, 0xAE6B, 0x2A40, 0x3B02, 0xD7AE, 0xE7EF, 0x7CC7, 0x2A61, 0xC72E, 0xCF6E, 0x74E8,
  0x1A22, 0x1A22, 0x5C26, 0x8548, 0x5C46, 0x2283, 0x2AA3, 0x3B23, 0x2AA1, 0x2AA2, 0x2AA4, 0x2AA3,
  0x2262, 0x1A42, 0x2262, 0x1A21, 0x4B63, 0xDF8C, 0xEFED, 0x95A8, 0x2241, 0x2AC4, 0x2AA4, 0x2AA4,
  0x22A4, 0x22A4, 0x22A4, 0x22A4, 0x22A3, 0x1A82, 0x1A62, 0x2262, 0x2AA2, 0x32C2, 0x3B03, 0x53C4,
  0x6487, 0x74E8, 0x8D89, 0x95CA, 0x9E2B, 0xA64C, 0x9E4C, 0x9E2B, 0x8DCA, 0x8569, 0x74E7, 0x6425,
  0x53E5, 0x4B84, 0x3B23, 0x32E2, 0x32C2, 0x2AC4, 0x22A4, 0x22A4, 0x22A4, 0x22A4, 0x2284, 0x2264,
  0x2263, 0x2264, 0x2263, 0x2264, 0x2A84, 0x2A84, 0x2AA5, 0x2AA5, 0x2AA5, 0x2AC5, 0x32C5, 0x32C5,
  0x32C5, 0x3AE6, 0x3AE6, 0x3AE6, 0x3B27, 0x4B68, 0x4B88, 0x4B88, 0x53A9, 0x53A9, 0x5BCA, 0x640A,
  0x6C4B, 0x746B, 0x746C, 0x7C8C, 0x7CAD, 0x84AD, 0x8CEE, 0x94EF, 0x950F, 0x9D2F, 0x9D0F, 0x9D50,
  0xA550, 0xA570, 0xA550, 0xA571, 0xADB2, 0xADB2, 0xADB2, 0xB5F3, 0xBE14, 0xC654, 0xCE75, 0xD696,
  0xD6B6, 0xD6B7, 0xDED7, 0xE6F8, 0xE6F8, 0xE6F8, 0xE6F8, 0xE6F8, 0xE718, 0xE6F9, 0xE6D8, 0xE6D9,
  0xE6F9, 0xE6F9, 0xE6F9, 0xE719, 0xEF3A, 0xEF3A, 0xEF3A, 0xEF3A, 0xEF3A, 0xEF5A, 0xEF5A, 0xEF3A,
  0xEF3A, 0xEF3A, 0xE719, 0xE6F9, 0xE6D9, 0xE6D9, 0xDEB8, 0xDE98, 0xD677, 0xCE56, 0xCE15, 0xC5F5,
  0xCE15, 0xD656, 0xD677, 0xDE97, 0xDE97, 0xD677, 0xD657, 0xCE56, 0xC616, 0xC615, 0xC615, 0xC615,
  0xBE15, 0xBE34, 0xC654, 0xC694, 0xC692, 0xB630, 0xA58D, 0x84EA, 0x6C47, 0x5BA4, 0x5BA5, 0x8D0C,
  0xBE54, 0xC656, 0xBE36, 0xA5B4, 0x9511, 0x9511, 0x9511, 0x9D51, 0x63EB, 0x3B07, 0x4B87, 0x750C,
  0x8DCF, 0x74EB, 0x5C89, 0x752C, 0x8DEF, 0x85AE, 0x6CEB, 0x5C89, 0x5448, 0x4BC7, 0x646B, 0xE7BC,
  0x2223, 0x1A01, 0x2A61, 0x4363, 0x53C4, 0x4BC2, 0x4BA1, 0x53C2, 0x53C2, 0x53C2, 0x53E2, 0x5C02,
  0x5C23, 0x6423, 0x6422, 0x6C43, 0x6C83, 0x74A3, 0x7CE4, 0x7CE4, 0x8D25, 0x8D46, 0x8D45, 0x9565,
  0x9DA6, 0x9DC8, 0x8528, 0x4B23, 0x3AA1, 0xB66B, 0xDFCD, 0xE7ED, 0xDFED, 0xC74C, 0x7485, 0xA629,
  0xCF8E, 0x9DC9, 0x3AC1, 0x11C0, 0x32C2, 0x8569, 0x7D07, 0x4343, 0x1A21, 0x4364, 0x3B23, 0x2AA1,
  0x2242, 0x1A62, 0x1A42, 0x1A41, 0x1A41, 0x2283, 0x2284, 0x22A3, 0x2AA3, 0x2AC4, 0x2AC4, 0x2AC4,
  0x2AE4, 0x2AE4, 0x2AE5, 0x2283, 0x6C67, 0xCF6E, 0xC72D, 0x6465, 0x2282, 0x2AC4, 0x2AC3, 0x2AC4,
  0x2AC4, 0x2AE3, 0x32E3, 0x3B44, 0x4BC4, 0x5C45, 0x74E7, 0x8589, 0x960A, 0x9E4B, 0xA68C, 0xA66B,
  0x9E2B, 0x95CA, 0x8549, 0x74C7, 0x5C45, 0x4BC4, 0x3B42, 0x32E2, 0x2AC2, 0x2A82, 0x2262, 0x2262,
  0x2263, 0x1A63, 0x2263, 0x2263, 0x2284, 0x2AA4, 0x2AA4, 0x22A4, 0x22A5, 0x22A4, 0x22A4, 0x2284,
  0x2263, 0x2264, 0x2264, 0x2A84, 0x2A84, 0x2A84, 0x2AA5, 0x2AA5, 0x2AC5, 0x32C5, 0x32C5, 0x32A5,
  0x32C5, 0x3AE6, 0x3B06, 0x3B06, 0x3B26, 0x4368, 0x4B88, 0x53A9, 0x53A9, 0x53A9, 0x5BCA, 0x642B,
  0x6C2B, 0x744B, 0x744B, 0x746C, 0x7C6C, 0x848D, 0x8CEE, 0x8CEE, 0x950F, 0x950F, 0x950F, 0x950F,
  0x9D30, 0x9D50, 0x9D50, 0x9D50, 0xA571, 0xADB2, 0xB5D3, 0xBDF3, 0xC634, 0xC675, 0xCE75, 0xD6B6,
  0xD6B7, 0xD6D7, 0xDEB7, 0xE6D7, 0xE718, 0xE6F8, 0xE718, 0xE718, 0xE718, 0xE6F9, 0xDEB8, 0xDE98,
  0xDEB8, 0xE6D8, 0xE6D8, 0xE6F9, 0xE719, 0xEF19, 0xEF1A, 0xEF19, 0xEF1A, 0xEF3A, 0xEF1A, 0xEF3A,
  0xEF3A, 0xEF3A, 0xEF5A, 0xEF3A, 0xEF1A, 0xEF1A, 0xE6F9, 0xE6D9, 0xDED8, 0xDEB8, 0xDE97, 0xD656,
  0xCE35, 0xC615, 0xCE36, 0xD677, 0xDE97, 0xDE97, 0xD677, 0xD677, 0xCE56, 0xC635, 0xC634, 0xC614,
  0xBE32, 0xBE30, 0xAE0D, 0xADEC, 0x9DAA, 0x8528, 0x6C65, 0x53A2, 0x3B00, 0x3AE1, 0x5BA6, 0x9DAF,
  0xBE55, 0xBE36, 0xB615, 0xA593, 0x9531, 0x9511, 0x9551, 0x84CF, 0x4348, 0x3B26, 0x4366, 0x646A,
  0x856D, 0x858E, 0x85AE, 0x7D8D, 0x6D2C, 0x5469, 0x4C07, 0x4C07, 0x4C07, 0x4BE6, 0x74CC, 0xEFBC,
  0x19E2, 0x2A62, 0x4B64, 0x4BA3, 0x4B82, 0x4B82, 0x4B82, 0x4B82, 0x4B82, 0x53A2, 0x53C2, 0x53C2,
  0x53C2, 0x53E2, 0x5C23, 0x6443, 0x6C63, 0x7483, 0x7CC4, 0x7CE4, 0x7CE4, 0x7CE5, 0x8504, 0x8D24,
  0x8D45, 0x9586, 0xA5E8, 0x9DA8, 0x5363, 0x3260, 0x6C25, 0x7CC7, 0x7466, 0x4303, 0x11A0, 0x32C3,
  0x3B04, 0x2221, 0x1A01, 0x1A42, 0x1A41, 0x1A20, 0x1201, 0x1A22, 0x1A44, 0x1202, 0x1222, 0x1A62,
  0x1A63, 0x2263, 0x2283, 0x2284, 0x22A4, 0x22A4, 0x2AC4, 0x2AE4, 0x2AE4, 0x2B04, 0x2B04, 0x3325,
  0x3345, 0x3345, 0x3345, 0x3325, 0x3B65, 0x4BA4, 0x3B43, 0x32E2, 0x32E3, 0x3B44, 0x4BC4, 0x6466,
  0x7507, 0x8DC9, 0x9E2A, 0xAEAC, 0xBF2E, 0xBF4E, 0xB6EE, 0x9E2B, 0x7D28, 0x6CA6, 0x5C45, 0x4364,
  0x32E3, 0x2AA2, 0x22A2, 0x22A2, 0x22A3, 0x22A3, 0x2AC4, 0x2AE4, 0x22C3, 0x22C4, 0x22C4, 0x2AE4,
  0x2AE4, 0x22C4, 0x22C4, 0x22C4, 0x22C5, 0x2AE5, 0x2AC5, 0x2AC5, 0x2AC5, 0x22A4, 0x22A4, 0x2284,
  0x2283, 0x2264, 0x2A84, 0x2AA4, 0x2A84, 0x2A84, 0x2AA5, 0x2AA5, 0x2AC5, 0x2AC5, 0x32C5, 0x32C5,
  0x32C6, 0x32C5, 0x3AE6, 0x3B06, 0x4347, 0x4368, 0x4B68, 0x4B88, 0x53A9, 0x53C9, 0x640A, 0x6C2B,
  0x6C2A, 0x6C2B, 0x744B, 0x746B, 0x746C, 0x84AD, 0x84CD, 0x8CCE, 0x8CEE, 0x8CEE, 0x8D0F, 0x8D0F,
  0x950F, 0x952F, 0x9D50, 0x9D50, 0xAD91, 0xB5D3, 0xBE13, 0xBE14, 0xC634, 0xC675, 0xCE75, 0xCE96,
  0xCE96, 0xD696, 0xD6B7, 0xDED7, 0xE6F7, 0xE6F7, 0xE718, 0xE718, 0xEF19, 0xEF19, 0xEF19, 0xE6F9,
  0xE6D9, 0xE6D8, 0xE6D9, 0xE6D9, 0xE6F9, 0xE6F9, 0xE6F9, 0xE6F9, 0xE6F9, 0xE6F9, 0xE6F9, 0xE6F9,
  0xE6F9, 0xE719, 0xEF3A, 0xEF3A, 0xEF3A, 0xEF3A, 0xEF5A, 0xEF3A, 0xEF3A, 0xEF3A, 0xEF1A, 0xE6F9,
  0xDEB8, 0xD697, 0xCE56, 0xCE56, 0xD677, 0xDE97, 0xD697, 0xD697, 0xD676, 0xCE74, 0xC651, 0xB62E,
  0xA5CB, 0x9568, 0x7CC4, 0x7CC4, 0x74A4, 0x5C23, 0x4B82, 0x3B20, 0x32E0, 0x32E1, 0x6408, 0xADD1,
  0xB635, 0xB615, 0xADD4, 0x9D52, 0x9511, 0x8D11, 0x9551, 0x640B, 0x3B27, 0x4367, 0x4BA6, 0x6469,
  0x858E, 0x8DEF, 0x754C, 0x5C89, 0x5428, 0x43E7, 0x4BE8, 0x4C08, 0x5C69, 0x6D0A, 0x9E11, 0xEFDC,
  0x1181, 0x3283, 0x53C4, 0x4B82, 0x4342, 0x4B62, 0x4B82, 0x53A2, 0x53A3, 0x5BE3, 0x53C3, 0x53E2,
  0x53C2, 0x5BE2, 0x6423, 0x6422, 0x6443, 0x6C63, 0x74A3, 0x74A3, 0x74A3, 0x7CC4, 0x8525, 0x8D45,
  0x8D45, 0x8D65, 0x95A7, 0x9DC8, 0x9DC8, 0x63E4, 0x19A0, 0x0940, 0x1180, 0x11C1, 0x1A02, 0x11E2,
  0x11E2, 0x1A42, 0x2243, 0x1A42, 0x2243, 0x2263, 0x2283, 0x2263, 0x2263, 0x2283, 0x2283, 0x2283,
  0x2283, 0x2283, 0x2284, 0x2284, 0x22A4, 0x2AA4, 0x2AC4, 0x2AE4, 0x3305, 0x3326, 0x3346, 0x3B66,
  0x3B66, 0x3B66, 0x3B65, 0x4385, 0x4384, 0x5425, 0x6CC6, 0x7D47, 0x9E0A, 0xAECC, 0xBF4D, 0xBF4D,
  0xB70D, 0xA68B, 0x8DC9, 0x7D28, 0x6CC7, 0x64A8, 0x64A8, 0x5C47, 0x4BC6, 0x4386, 0x3B66, 0x3B46,
  0x3325, 0x2B05, 0x2B05, 0x2B04, 0x2B04, 0x3305, 0x3305, 0x2AE5, 0x2B05, 0x2AE5, 0x2B05, 0x2B05,
  0x2AE4, 0x2B05, 0x2AE5, 0x2AC5, 0x2AE5, 0x2AE5, 0x2AE5, 0x2AC5, 0x2AC5, 0x22C4, 0x2AC5, 0x22A4,
  0x2284, 0x1A63, 0x2284, 0x2AA4, 0x2AA4, 0x2AA5, 0x2AC5, 0x2AA5, 0x2AA5, 0x32C5, 0x32E5, 0x32E6,
  0x32E6, 0x3AE6, 0x3B06, 0x4327, 0x4347, 0x4368, 0x4B68, 0x4B88, 0x53A9, 0x5C0A, 0x6C2B, 0x6C0A,
  0x640A, 0x6C2B, 0x744B, 0x746C, 0x7C8C, 0x7CAD, 0x7CAD, 0x84AD, 0x84AD, 0x84CD, 0x8CCE, 0x8CEE,
  0x94EF, 0x9D30, 0xA571, 0xADB1, 0xB5D2, 0xB5F3, 0xBDF3, 0xBE34, 0xBE34, 0xC634, 0xC654, 0xC634,
  0xC654, 0xCE55, 0xCE55, 0xD696, 0xDED7, 0xDEF7, 0xDEF8, 0xE6F8, 0xE719, 0xEF39, 0xEF39, 0xEF3A,
  0xEF3A, 0xEF3A, 0xEF3A, 0xEF1A, 0xEF3A, 0xEF1A, 0xE71A, 0xE71A, 0xE71A, 0xEF1A, 0xEF1A, 0xEF3A,
  0xEF5A, 0xF75B, 0xEF3B, 0xEF3B, 0xEF3B, 0xEF3A, 0xEF3A, 0xEF3A, 0xEF3A, 0xEF3A, 0xEF3A, 0xEF3A,
  0xE73A, 0xE71A, 0xE719, 0xE6F9, 0xE6F9, 0xE6D9, 0xDED8, 0xD6B5, 0xCE93, 0xC690, 0xB62B, 0x9D67,
  0x84E5, 0x7483, 0x6421, 0x6442, 0x53C2, 0x4362, 0x3B21, 0x32E0, 0x32E0, 0x3B21, 0x7C8A, 0xADD2,
  0xADF4, 0xADD4, 0xA593, 0x9531, 0x9511, 0x9531, 0x7CCF, 0x4327, 0x4367, 0x5C29, 0x74EB, 0x95EF,
  0x8DCF, 0x6CEB, 0x5428, 0x4BC7, 0x4BE7, 0x4C08, 0x5448, 0x64AA, 0x7D8C, 0x9E4F, 0xBEF4, 0xF7FD,
  0x1161, 0x1980, 0x3AC2, 0x4B83, 0x4B62, 0x4B61, 0x4B82, 0x4B82, 0x53A2, 0x53C3, 0x53A2, 0x53C2,
  0x53C2, 0x6423, 0x6443, 0x6443, 0x6C64, 0x6C63, 0x6C63, 0x74A4, 0x74C4, 0x7CE4, 0x7CC4, 0x7D04,
  0x8D45, 0x8D45, 0x9586, 0x9DC7, 0xA5E8, 0xA5EA, 0x6C46, 0x2A41, 0x19C1, 0x19E3, 0x1A23, 0x2243,
  0x2243, 0x2243, 0x2243, 0x1A43, 0x2263, 0x2284, 0x2284, 0x2283, 0x22A3, 0x22A4, 0x22A4, 0x2284,
  0x22A4, 0x22A4, 0x2284, 0x22A4, 0x22A4, 0x2AC4, 0x2AC4, 0x2AC4, 0x2AE4, 0x2AE4, 0x3B45, 0x4385,
  0x4C06, 0x64A6, 0x85A9, 0x9E6B, 0xB6ED, 0xC74E, 0xC76E, 0xBF2E, 0xB6CD, 0x9E2B, 0x8589, 0x6CE7,
  0x6487, 0x5C49, 0x5428, 0x4BC6, 0x4C07, 0x4C28, 0x5C89, 0x6D0B, 0x756D, 0x752D, 0x64CC, 0x546A,
  0x4C29, 0x43C7, 0x3BA7, 0x3366, 0x3345, 0x3345, 0x3305, 0x2B05, 0x3305, 0x2B05, 0x3305, 0x2B05,
  0x3326, 0x43A8, 0x3B87, 0x2B05, 0x2AE5, 0x2B05, 0x22C5, 0x22C4, 0x2AC5, 0x2AE5, 0x2AC5, 0x22A4,
  0x2284, 0x2284, 0x2284, 0x2A84, 0x2AA5, 0x2AA5, 0x2AA5, 0x2AA5, 0x2AA5, 0x32C5, 0x32E6, 0x32E6,
  0x3AE6, 0x3B06, 0x3B06, 0x4327, 0x4347, 0x4B68, 0x4B68, 0x4B88, 0x5BE9, 0x640A, 0x640A, 0x640A,
  0x6C2B, 0x6C2B, 0x6C4B, 0x746C, 0x7C8C, 0x7C8C, 0x7C8C, 0x7C8C, 0x7CAD, 0x84CD, 0x8CEE, 0x952F,
  0x9D50, 0xA571, 0xAD91, 0xADB1, 0xB5D2, 0xB5F3, 0xB5D2, 0xB5D3, 0xBDF3, 0xBE14, 0xBE34, 0xBE13,
  0xBE14, 0xC614, 0xC634, 0xCE75, 0xDED7, 0xE6F8, 0xE6F8, 0xE6F8, 0xE719, 0xEF19, 0xEF19, 0xEF39,
  0xEF19, 0xEF19, 0xEF3A, 0xEF3A, 0xEF3A, 0xF75B, 0xF75B, 0xF75B, 0xF75B, 0xF75B, 0xF75B, 0xF77B,
  0xF75B, 0xF75B, 0xEF3A, 0xEF3A, 0xEF3A, 0xE73A, 0xE719, 0xE719, 0xE719, 0xE719, 0xE719, 0xE6F9,
  0xE6F9, 0xE6F9, 0xE6F9, 0xE6F9, 0xE6F9, 0xDEF9, 0xDF17, 0xD6F2, 0xBE6D, 0x9DC8, 0x8D44, 0x7CE4,
  0x74A4, 0x6443, 0x5C02, 0x53C2, 0x4B62, 0x3B22, 0x32E1, 0x32E1, 0x32E1, 0x4B63, 0x8D0C, 0xADD2,
  0xADD4, 0xA593, 0x9D72, 0x9531, 0x9511, 0x8D30, 0x5C0B, 0x4BA8, 0x6CCB, 0x85AE, 0x8DCE, 0x7D4C,
  0x6489, 0x5407, 0x5428, 0x5448, 0x6489, 0x752B, 0x8DAD, 0x9E0F, 0xAED1, 0xB712, 0xC735, 0xF7FD,
  0x0921, 0x0920, 0x1180, 0x3AE2, 0x53C4, 0x53A2, 0x4B81, 0x4B82, 0x53A2, 0x53A2, 0x53C3, 0x53C3,
  0x4B81, 0x5BE2, 0x6444, 0x6423, 0x6423, 0x6C63, 0x6C63, 0x74A4, 0x74C4, 0x7CC4, 0x7CC4, 0x7CE4,
  0x8505, 0x8D25, 0x8D45, 0x9566, 0x9587, 0x95A7, 0x9DA8, 0x7485, 0x32A2, 0x1A02, 0x1A23, 0x1A43,
  0x2243, 0x2263, 0x1A43, 0x1A43, 0x2263, 0x2283, 0x22A4, 0x22A4, 0x2AC4, 0x2AC4, 0x2AC4, 0x2AA4,
  0x22A4, 0x22A4, 0x22A4, 0x22A4, 0x22A4, 0x2283, 0x2AA3, 0x3303, 0x3B84, 0x5C66, 0x7D49, 0x95EB,
  0xA68D, 0xAEED, 0xA6CD, 0xA6AC, 0x964B, 0x85A9, 0x856A, 0x854B, 0x7D4B, 0x7D6C, 0x7D6C, 0x7D4C,
  0x752C, 0x750C, 0x6D0C, 0x64CB, 0x5CAA, 0x5489, 0x5489, 0x5CAA, 0x6D2C, 0x7D8D, 0x85CF, 0x85AE,
  0x7D6D, 0x64CB, 0x5449, 0x43C7, 0x3BA7, 0x3BA7, 0x3346, 0x3325, 0x3346, 0x3366, 0x3346, 0x3B87,
  0x43C8, 0x43A8, 0x3B87, 0x3326, 0x2AE5, 0x2B05, 0x2AE5, 0x2AE5, 0x2AE5, 0x2B06, 0x2AE5, 0x22A4,
  0x2284, 0x2284, 0x2AA5, 0x2AC5, 0x2AC5, 0x2AC5, 0x2AC5, 0x2AC5, 0x2AC5, 0x32C5, 0x32E5, 0x32E5,
  0x3AE6, 0x3B06, 0x4327, 0x4347, 0x4347, 0x4B88, 0x53A9, 0x53C9, 0x5BEA, 0x5BC9, 0x5C0A, 0x640A,
  0x6C2B, 0x6C2B, 0x746B, 0x746C, 0x746C, 0x7C8C, 0x7C8C, 0x7C8D, 0x84CE, 0x8CEE, 0x952F, 0x9D50,
  0x9D50, 0xA591, 0xAD91, 0xAD91, 0xADB2, 0xB5D2, 0xB5B2, 0xADB2, 0xB5F3, 0xBDF3, 0xB5F3, 0xBE13,
  0xBE14, 0xC634, 0xD696, 0xD6D7, 0xDED7, 0xDEF7, 0xDEF7, 0xDED8, 0xE6F8, 0xE718, 0xE719, 0xEF19,
  0xE719, 0xE719, 0xEF19, 0xEF3A, 0xEF3A, 0xF75B, 0xF75B, 0xF75A, 0xF75B, 0xF75B, 0xF75A, 0xEF5A,
  0xEF3A, 0xEF39, 0xEF19, 0xEF19, 0xE739, 0xE739, 0xE718, 0xE6F8, 0xE6F8, 0xE6F8, 0xDEF8, 0xDED8,
  0xDED8, 0xD6B8, 0xDED8, 0xDED8, 0xD6D7, 0xD6F5, 0xD712, 0xC6AD, 0x9DA7, 0x7D23, 0x74E3, 0x74C3,
  0x6463, 0x5C02, 0x53C2, 0x4B82, 0x4362, 0x3B22, 0x3301, 0x32E1, 0x3301, 0x5BC6, 0x954E, 0xADD3,
  0xA5D3, 0xA573, 0x9531, 0x9511, 0x9510, 0x7CCD, 0x646A, 0x7D6D, 0x85CE, 0x7D6C, 0x64A9, 0x5C68,
  0x5448, 0x5C68, 0x750A, 0x856C, 0x960F, 0xAE90, 0xBEF2, 0xBEF2, 0xBED2, 0xAE70, 0xB692, 0xF7DC,
  0x0901, 0x0921, 0x1120, 0x19C0, 0x4303, 0x5BE4, 0x5BE2, 0x5BE2, 0x5BE3, 0x5C03, 0x5C03, 0x6424,
  0x53A2, 0x4B81, 0x6423, 0x6C64, 0x6422, 0x6C63, 0x6C83, 0x6C63, 0x6C83, 0x74A4, 0x7CE4, 0x74C3,
  0x7D04, 0x8504, 0x8525, 0x8D46, 0x8D66, 0x8D65, 0x8D66, 0x8D68, 0x53A5, 0x2202, 0x19E2, 0x1A03,
  0x1A03, 0x1A23, 0x1A23, 0x2223, 0x2243, 0x2263, 0x22A4, 0x2AA4, 0x2AC5, 0x32E5, 0x3305, 0x2AE4,
  0x2AC4, 0x22A3, 0x2283, 0x2AA3, 0x3324, 0x4BC6, 0x64A8, 0x8DCB, 0x9E2C, 0x960B, 0x8569, 0x7508,
  0x6488, 0x5C67, 0x5447, 0x5C48, 0x64A9, 0x6D0B, 0x7D6D, 0x8DCE, 0x960F, 0x9E30, 0x9E31, 0xA651,
  0x960F, 0x95EE, 0x8DCE, 0x7D8D, 0x756C, 0x6D4C, 0x6D0B, 0x64EA, 0x64CA, 0x6CEA, 0x7D6C, 0x8E0F,
  0x9630, 0x8DCF, 0x7D4D, 0x64AB, 0x5449, 0x4BE8, 0x43A7, 0x43A7, 0x3B87, 0x3B87, 0x3B87, 0x4C09,
  0x4C09, 0x43C8, 0x3387, 0x3346, 0x2B06, 0x2B05, 0x2B06, 0x2B06, 0x2B06, 0x2B05, 0x2AC5, 0x22A4,
  0x2284, 0x2284, 0x2AC5, 0x3306, 0x32E5, 0x32C5, 0x32C6, 0x32C5, 0x32C5, 0x32E6, 0x32E6, 0x32E6,
  0x3B06, 0x3B26, 0x4347, 0x4367, 0x4B88, 0x53C9, 0x53C9, 0x53E9, 0x5BE9, 0x5BC9, 0x640A, 0x640A,
  0x6C0A, 0x6C4B, 0x746C, 0x7C8C, 0x7C8C, 0x7CAD, 0x84CD, 0x8CEE, 0x8D2F, 0x8D2F, 0x952F, 0x9D50,
  0x9D50, 0xA591, 0xAD91, 0xAD91, 0xAD91, 0xADB2, 0xADB2, 0xADB2, 0xADB2, 0xB5B2, 0xBDF3, 0xC614,
  0xCE55, 0xD696, 0xD6B6, 0xD6B6, 0xDEB7, 0xDED7, 0xDEF7, 0xE6F8, 0xE718, 0xEF19, 0xEF19, 0xEF39,
  0xEF3A, 0xEF3A, 0xEF3A, 0xF75A, 0xF75B, 0xF75A, 0xEF5A, 0xEF5A, 0xEF5A, 0xEF3A, 0xEF19, 0xEF19,
  0xE6F8, 0xE6D8, 0xDED7, 0xDED7, 0xDED7, 0xDED8, 0xDED7, 0xDED7, 0xDEB7, 0xD6B7, 0xD6B7, 0xD6D7,
  0xD6B7, 0xD6B7, 0xD6B7, 0xD6B7, 0xD6F4, 0xD710, 0xBE8C, 0xA5C7, 0x8D44, 0x7503, 0x74E3, 0x74C3,
  0x6422, 0x53E2, 0x53A3, 0x4322, 0x3B21, 0x3B01, 0x3AE1, 0x3AE1, 0x4323, 0x6C6A, 0x9DB1, 0xA5B3,
  0x9D93, 0x9D52, 0x9531, 0x8D30, 0x850E, 0x7CCC, 0x8D8E, 0x858D, 0x6D0B, 0x64A9, 0x64A9, 0x64CA,
  0x750B, 0x856C, 0xA62F, 0xB691, 0xBED2, 0xC712, 0xBED1, 0xAE4F, 0xAE0F, 0xA5EE, 0xB651, 0xF7DC,
  0x0901, 0x0921, 0x1141, 0x1160, 0x19C0, 0x3AE2, 0x5BE3, 0x6443, 0x5C22, 0x6422, 0x6443, 0x6423,
  0x6423, 0x53C2, 0x5BE2, 0x6C84, 0x6C84, 0x6C83, 0x74C4, 0x74A4, 0x7483, 0x74A3, 0x7CC4, 0x7CE4,
  0x8D45, 0x8525, 0x8545, 0x8D65, 0x9586, 0x95A7, 0x8D68, 0x5BC4, 0x2A41, 0x19A1, 0x11C2, 0x11C2,
  0x19E3, 0x19E3, 0x19E3, 0x1A23, 0x1A23, 0x2243, 0x2284, 0x22A4, 0x2AC5, 0x32E5, 0x3305, 0x2AE4,
  0x3304, 0x4385, 0x5C47, 0x6488, 0x74E9, 0x752A, 0x6488, 0x5C47, 0x4BA5, 0x3B64, 0x3345, 0x3345,
  0x3B86, 0x43C7, 0x5429, 0x5449, 0x5CAA, 0x64EB, 0x7D6D, 0x960F, 0x9E50, 0xA671, 0xAE92, 0xB6B2,
  0xB6B2, 0xB6D2, 0xB6B2, 0xA671, 0x9E0F, 0x8DEF, 0x8DCE, 0x85AD, 0x752B, 0x6CEB, 0x6CEB, 0x752C,
  0x7D8D, 0x8DEF, 0x9650, 0x9610, 0x858E, 0x64CB, 0x5C4A, 0x4C09, 0x43C8, 0x43C8, 0x4C09, 0x544A,
  0x4C2A, 0x43E8, 0x3BA7, 0x3346, 0x2B06, 0x2B06, 0x2B06, 0x2B06, 0x2B06, 0x2AE5, 0x22C5, 0x22A4,
  0x2284, 0x2AC5, 0x32E6, 0x32E6, 0x32E5, 0x32C5, 0x32C5, 0x32E6, 0x3AE6, 0x3AE6, 0x3B06, 0x3B06,
  0x3B06, 0x3B27, 0x4347, 0x4B88, 0x53A9, 0x53C9, 0x53C9, 0x5BE9, 0x5C0A, 0x640A, 0x642A, 0x6C2B,
  0x6C2B, 0x746B, 0x748C, 0x7CAD, 0x84CD, 0x84CD, 0x8CEE, 0x8CEE, 0x8D0E, 0x8D2F, 0x952F, 0x9D30,
  0x9D50, 0xA570, 0xA571, 0xA571, 0xAD91, 0xADB2, 0xADB1, 0xADB1, 0xB5D2, 0xBDF3, 0xC654, 0xCE75,
  0xD696, 0xD696, 0xD6B6, 0xDED7, 0xDED7, 0xDEF7, 0xE718, 0xE718, 0xE718, 0xEF39, 0xEF39, 0xEF59,
  0xEF3A, 0xEF3A, 0xEF3A, 0xEF39, 0xEF19, 0xEF19, 0xEF19, 0xE719, 0xE6F8, 0xDED7, 0xDED7, 0xDED7,
  0xDEB7, 0xD696, 0xDEB6, 0xDEB7, 0xD6B6, 0xD696, 0xCE76, 0xCE76, 0xCE76, 0xCE75, 0xCE75, 0xCE76,
  0xCE96, 0xCE76, 0xCE75, 0xCE93, 0xD6F0, 0xC6CC, 0xA5C7, 0x8524, 0x8504, 0x74E3, 0x6CA3, 0x6463,
  0x53E2, 0x4BA1, 0x4B82, 0x3B21, 0x3B01, 0x3B01, 0x3AE1, 0x3AE1, 0x4B84, 0x850D, 0xA5D2, 0x9DB2,
  0x9D92, 0x9551, 0x9550, 0x95B0, 0x95AF, 0x8DAE, 0x7D4D, 0x6CCA, 0x64AA, 0x6CEA, 0x752B, 0x8DCE,
  0x9E2F, 0xAE91, 0xC713, 0xC733, 0xBEF2, 0xAE91, 0x9E0F, 0x8D8D, 0x8DAD, 0x9DEE, 0xB692, 0xF7DC,
  0x0901, 0x0900, 0x1140, 0x1161, 0x1140, 0x1180, 0x3281, 0x53C3, 0x6444, 0x6443, 0x6443, 0x6443,
  0x6463, 0x6442, 0x6422, 0x6443, 0x6C63, 0x6C63, 0x74C4, 0x8505, 0x7D05, 0x7CC4, 0x7CC3, 0x7D04,
  0x8D86, 0x9586, 0x9586, 0x9DE6, 0x9DC7, 0x84E7, 0x5364, 0x21E0, 0x1181, 0x11A2, 0x11A1, 0x1182,
  0x1182, 0x19A2, 0x19A2, 0x19C3, 0x19E3, 0x1A03, 0x1A43, 0x2284, 0x2AC4, 0x2AE5, 0x3305, 0x3B66,
  0x5C69, 0x6489, 0x5C68, 0x4BC6, 0x4345, 0x3304, 0x2AE4, 0x2B05, 0x2B05, 0x3346, 0x3B87, 0x3BA7,
  0x43C8, 0x43E8, 0x4C09, 0x5449, 0x5C6A, 0x64AA, 0x754D, 0x85CE, 0x960F, 0xA671, 0xB6D2, 0xBEF3,
  0xBEF3, 0xC714, 0xC714, 0xC714, 0xBEF4, 0xAE92, 0xA651, 0xA651, 0x960F, 0x858D, 0x752C, 0x6CEB,
  0x6CEB, 0x754C, 0x85AE, 0x9630, 0x9E91, 0x9631, 0x858E, 0x6CEB, 0x5C8A, 0x4C29, 0x4C29, 0x546A,
  0x4C49, 0x43E8, 0x3BC8, 0x3367, 0x3326, 0x2B06, 0x2B06, 0x2B06, 0x3326, 0x2B06, 0x2AE5, 0x2AC5,
  0x2AC5, 0x32E6, 0x3306, 0x2AC5, 0x2AC5, 0x32C5, 0x3AE6, 0x3B06, 0x3B06, 0x3B06, 0x3B06, 0x3B06,
  0x3B06, 0x4347, 0x4368, 0x4B88, 0x4BA8, 0x53E9, 0x53C9, 0x53E9, 0x5C0A, 0x642A, 0x6C2B, 0x6C4B,
  0x746C, 0x746C, 0x7C8C, 0x7C8C, 0x84AD, 0x84AD, 0x84CD, 0x84EE, 0x8CEE, 0x8D0E, 0x950F, 0x9D0F,
  0x9D30, 0x9D50, 0xA550, 0xA571, 0xADB2, 0xB5F3, 0xBE13, 0xBE13, 0xC654, 0xCE95, 0xD6D6, 0xD6B6,
  0xD6D7, 0xDED7, 0xDEF7, 0xDF18, 0xE718, 0xE718, 0xE718, 0xE718, 0xEF38, 0xEF38, 0xE718, 0xEF18,
  0xE718, 0xE718, 0xE718, 0xE6F8, 0xE6F7, 0xE6F7, 0xE6D7, 0xDED7, 0xDED7, 0xDEB6, 0xD696, 0xD696,
  0xCE96, 0xCE75, 0xCE75, 0xCE76, 0xCE76, 0xCE55, 0xCE55, 0xCE55, 0xC635, 0xC634, 0xC634, 0xC634,
  0xC634, 0xC654, 0xC673, 0xCEB0, 0xCECD, 0xAE28, 0x8D45, 0x7D04, 0x7CE4, 0x6C83, 0x6443, 0x5402,
  0x4BA1, 0x4361, 0x4361, 0x4342, 0x3B01, 0x3B01, 0x32E1, 0x4302, 0x6C49, 0x958F, 0xA5D2, 0x9DB2,
  0xA592, 0xA5B2, 0x9DF1, 0x9DF0, 0x856D, 0x752C, 0x6CEA, 0x6D0A, 0x754B, 0x8DCD, 0xA650, 0xB6D2,
  0xBEF2, 0xC713, 0xBF13, 0xB6B2, 0x9E0F, 0x858D, 0x74EB, 0x6CCA, 0x7D2B, 0x85AD, 0xAE72, 0xEFDC,
  0x1121, 0x0920, 0x1160, 0x1161, 0x1161, 0x1160, 0x1180, 0x2A41, 0x4B42, 0x5C03, 0x6C64, 0x74C4,
  0x6C83, 0x6C63, 0x6C63, 0x6443, 0x6442, 0x6462, 0x74A4, 0x7D05, 0x8565, 0x8D65, 0x8545, 0x8545,
  0x95C6, 0x9DC7, 0x9588, 0x7CE6, 0x5383, 0x2A01, 0x1960, 0x1181, 0x1182, 0x1162, 0x1162, 0x1182,
  0x1182, 0x1182, 0x1182, 0x1182, 0x11C2, 0x19E2, 0x1A03, 0x2243, 0x2AA4, 0x2AE5, 0x3305, 0x3B66,
  0x4387, 0x3345, 0x3325, 0x3325, 0x3326, 0x3B46, 0x3B46, 0x3B46, 0x3B66, 0x3B66, 0x3B87, 0x43C8,
  0x4BE9, 0x4C09, 0x4C09, 0x5449, 0x544A, 0x5C8A, 0x6D0C, 0x756D, 0x7DAE, 0x8DEF, 0x9E50, 0xB6D2,
  0xC6F4, 0xCF14, 0xCF35, 0xCF35, 0xD755, 0xCF35, 0xC6F4, 0xBEB3, 0xAEB2, 0xA691, 0x95EF, 0x85AE,
  0x7D6C, 0x750B, 0x6D0B, 0x750B, 0x85AE, 0x9630, 0x9E71, 0x9650, 0x85CF, 0x6D2D, 0x64CB, 0x5C8A,
  0x5449, 0x4408, 0x3BC8, 0x3B87, 0x3347, 0x3326, 0x3326, 0x2B06, 0x2B06, 0x2B05, 0x2AE5, 0x2AE5,
  0x2B06, 0x3326, 0x32E6, 0x2AC5, 0x2AC5, 0x32E5, 0x3B06, 0x3B06, 0x3B06, 0x3B06, 0x3B26, 0x3B06,
  0x3B26, 0x4347, 0x4367, 0x4B88, 0x4BA8, 0x53E9, 0x5BE9, 0x5BE9, 0x5C0A, 0x642A, 0x6C4B, 0x6C6B,
  0x746C, 0x748C, 0x7CAC, 0x7C8C, 0x7CAD, 0x7CAD, 0x84CD, 0x84CE, 0x8CEE, 0x8D0E, 0x950E, 0x950F,
  0x9D50, 0xA571, 0xADB2, 0xB5D3, 0xBE34, 0xC634, 0xC654, 0xCE75, 0xCEB6, 0xCEB6, 0xD6D6, 0xD6D6,
  0xD6D7, 0xDED7, 0xDEF7, 0xDEF7, 0xE718, 0xE718, 0xE718, 0xE718, 0xE718, 0xE718, 0xE6F8, 0xE6F7,
  0xE717, 0xE717, 0xE6F7, 0xE6F7, 0xE6D7, 0xDED7, 0xDED7, 0xDEB7, 0xDED7, 0xD6B6, 0xD696, 0xD696,
  0xCE75, 0xCE55, 0xCE55, 0xCE55, 0xCE55, 0xC655, 0xC655, 0xC634, 0xC634, 0xBE14, 0xBE34, 0xBE34,
  0xBE14, 0xBE32, 0xCEB1, 0xCECD, 0xAE28, 0x9585, 0x7D24, 0x74E3, 0x6CC3, 0x5C23, 0x4BC2, 0x4B82,
  0x4382, 0x4382, 0x4362, 0x4362, 0x4341, 0x3B01, 0x3B01, 0x53A6, 0x8D2E, 0x9DD1, 0xA5D1, 0xAE13,
  0xAE33, 0xA611, 0x95AF, 0x7D2C, 0x64CA, 0x6D2B, 0x7D6C, 0x95EE, 0xA670, 0xBEF2, 0xC713, 0xC713,
  0xBED2, 0xAE70, 0xA630, 0x8DAE, 0x74EB, 0x5C69, 0x4C28, 0x5428, 0x5CA9, 0x64CA, 0x8D8E, 0xEFDB,
  0x1141, 0x1161, 0x1981, 0x19A1, 0x19A1, 0x19A1, 0x21E2, 0x2201, 0x2220, 0x32A1, 0x4322, 0x5BC4,
  0x6424, 0x6C44, 0x6C84, 0x74A4, 0x74A4, 0x74A4, 0x7CE5, 0x8525, 0x8525, 0x8D66, 0x8D86, 0x8D67,
  0x8526, 0x6C66, 0x4B43, 0x2A21, 0x1160, 0x1140, 0x1141, 0x1161, 0x1161, 0x1141, 0x1141, 0x1162,
  0x0962, 0x1161, 0x1162, 0x1182, 0x11A2, 0x11A2, 0x11C2, 0x19E2, 0x2243, 0x2AA4, 0x3305, 0x3B46,
  0x3B46, 0x3B67, 0x4387, 0x4387, 0x3B87, 0x3B87, 0x3B67, 0x3B66, 0x4387, 0x43C8, 0x43C8, 0x4BE8,
  0x4C09, 0x5429, 0x4C29, 0x5449, 0x5469, 0x546A, 0x64CA, 0x6D2C, 0x756C, 0x7D8D, 0x858E, 0x9E10,
  0xAE71, 0xB6B3, 0xC714, 0xBEF4, 0xCF35, 0xD756, 0xD776, 0xCF35, 0xC734, 0xB6D2, 0xA651, 0x9E30,
  0x960F, 0x85AE, 0x7D4C, 0x6D0B, 0x6CEB, 0x754C, 0x85AE, 0x8E10, 0x9E71, 0x9E71, 0x85CF, 0x752D,
  0x64CB, 0x546A, 0x4C29, 0x4BE8, 0x3B87, 0x3B87, 0x3B67, 0x3326, 0x2AE5, 0x2AE5, 0x2AE5, 0x3326,
  0x3347, 0x3346, 0x32E5, 0x2AC5, 0x32C5, 0x3AC5, 0x3AE5, 0x3B06, 0x3B06, 0x3B26, 0x4326, 0x3B26,
  0x3B26, 0x4346, 0x4367, 0x4367, 0x4B87, 0x5BE9, 0x5BE9, 0x63E9, 0x6409, 0x640A, 0x6C4B, 0x6C6B,
  0x748C, 0x7CAD, 0x7CAD, 0x84CD, 0x84EE, 0x8CEE, 0x8D0E, 0x8D0E, 0x8D2E, 0x952F, 0x9D4F, 0xA570,
  0xADB2, 0xB5F3, 0xBDF3, 0xBE34, 0xC654, 0xC654, 0xCE75, 0xCE95, 0xCE96, 0xCE96, 0xD6B6, 0xD6B7,
  0xD6B6, 0xD6B6, 0xDED7, 0xDED7, 0xDEF7, 0xDF17, 0xDEF7, 0xDEF7, 0xDEF7, 0xE6F7, 0xE6F7, 0xE6F7,
  0xE6F7, 0xE6F7, 0xE6F7, 0xDEF7, 0xDEF7, 0xDED7, 0xDED6, 0xD6D6, 0xD6B6, 0xD6B6, 0xD6B6, 0xD696,
  0xCE96, 0xCE95, 0xCE75, 0xCE75, 0xCE75, 0xCE75, 0xCE75, 0xC655, 0xC675, 0xC654, 0xBE34, 0xBE34,
  0xBE33, 0xC691, 0xCECE, 0xBE49, 0x9DA5, 0x8544, 0x7D04, 0x6CC3, 0x5C42, 0x4BA1, 0x4382, 0x4B82,
  0x4BA3, 0x4383, 0x4362, 0x4342, 0x4341, 0x4321, 0x4B83, 0x7CAB, 0x9DB0, 0xAE32, 0xB653, 0xB673,
  0xA611, 0x8D8E, 0x7D0C, 0x74EB, 0x750B, 0x8DCE, 0xA671, 0xBEF2, 0xC733, 0xCF13, 0xC6F3, 0xBED2,
  0xAE30, 0x95AE, 0x7D4C, 0x6CCA, 0x5C49, 0x4BE7, 0x43C7, 0x43C7, 0x43E7, 0x4C07, 0x6CCC, 0xEFBB
};

#endif
